"last_name, first_name",player_id,year,b_total_pa,b_total_hits,b_home_run,batting_avg,on_base_percent,slg_percent,on_base_plus_slg,isolated_power,xba,xslg,xwoba,woba,exit_velocity_avg,launch_angle_avg,sweet_spot_percent,barrel_batted_rate,hard_hit_percent,z_swing_percent,oz_swing_percent,whiff_percent,swing_percent,meatball_swing_percent,pull_percent,opposite_percent,groundballs_percent,flyballs_percent,linedrives_percent,babip
"Peters, Tristan",671976,2025,12,,,0.0,0.0,0.0,0.0,0.0,0.149,0.184,0.146,0.0,86.8,26.7,40.0,0.0,40.0,59.3,42.1,45.8,52.2,100.0,20.0,0.0,20.0,0.0,40.0,0.0
"Caratini, Victor",605170,2025,386,,,0.259,0.324,0.404,0.728,0.145,0.255,0.425,0.329,0.318,88.7,12.5,34.7,7.7,40.7,68.2,23.5,19.8,46.6,80.6,38.9,23.2,42.8,26.7,24.6,0.282
"Naylor, Josh",647304,2025,604,,,0.295,0.353,0.462,0.815,0.167,0.271,0.436,0.335,0.351,89.2,11.6,30.8,6.7,41.9,72.6,37.1,22.1,53.9,80.8,42.2,18.3,45.8,26.0,23.0,0.315
"Martin, Austin",668885,2025,181,,,0.282,0.374,0.365,0.739,0.083,0.279,0.403,0.345,0.333,86.2,9.7,35.4,5.5,38.6,63.2,18.8,17.4,40.6,75.4,41.7,20.5,52.0,16.5,26.0,0.347
"Díaz, Elias",553869,2025,283,,,0.204,0.27,0.337,0.607,0.133,0.202,0.333,0.267,0.269,88.4,17.7,30.1,7.5,38.7,73.0,30.3,34.2,52.0,77.8,38.7,26.3,37.6,28.5,21.0,0.25
"Myers, Dane",667472,2025,333,,,0.235,0.291,0.326,0.617,0.091,0.251,0.398,0.308,0.275,90.7,10.5,34.6,7.8,42.0,60.6,23.7,23.7,45.0,64.1,32.9,22.5,44.6,25.1,24.7,0.293
"Kreidler, Ryan",668952,2025,44,,,0.105,0.19,0.105,0.295,0.0,0.182,0.255,0.236,0.15,89.6,16.5,38.1,4.8,28.6,71.6,30.8,41.8,50.8,90.0,52.4,14.3,47.6,38.1,14.3,0.211
"García, Adolis",666969,2025,547,,,0.227,0.271,0.394,0.665,0.167,0.232,0.427,0.304,0.286,92.1,16.3,33.2,11.6,46.7,69.9,35.8,30.3,52.2,76.3,38.0,26.6,36.9,33.8,22.2,0.267
"Sheets, Gavin",657757,2025,545,,,0.252,0.317,0.429,0.746,0.177,0.263,0.453,0.34,0.323,89.9,14.0,38.8,9.5,46.5,59.6,31.4,23.0,44.7,64.8,42.2,23.9,37.3,24.4,29.0,0.284
"Lee, Korey",686676,2025,40,,,0.257,0.333,0.429,0.762,0.172,0.185,0.284,0.25,0.333,86.3,15.9,24.1,3.4,34.5,64.5,29.9,27.8,47.1,90.0,41.4,20.7,44.8,20.7,20.7,0.296
"Locklear, Tyler",682988,2025,116,,,0.175,0.267,0.262,0.529,0.087,0.172,0.287,0.252,0.245,87.9,7.0,18.3,6.7,41.7,67.1,33.7,32.2,48.8,69.2,43.3,18.3,60.0,28.3,11.7,0.263
"Noda, Ryan",676116,2025,59,,,0.106,0.276,0.17,0.446,0.064,0.131,0.247,0.245,0.211,89.4,26.7,21.7,8.7,34.8,59.5,19.5,44.1,40.2,85.7,47.8,30.4,34.8,30.4,17.4,0.19
"Herrera, Iván",671056,2025,452,,,0.284,0.373,0.464,0.837,0.18,0.275,0.491,0.371,0.365,91.2,10.1,33.8,11.0,47.7,64.3,25.1,23.3,45.1,72.4,35.7,26.9,48.7,19.8,24.7,0.315
"Jackson, Jeremiah",669236,2025,183,,,0.276,0.328,0.447,0.775,0.171,0.222,0.393,0.291,0.336,90.6,10.9,27.5,7.5,46.7,72.6,34.2,33.2,52.8,72.9,35.8,24.2,50.0,27.5,17.5,0.365
"France, Ty",664034,2025,490,,,0.257,0.32,0.36,0.68,0.103,0.259,0.425,0.328,0.302,89.5,10.5,35.2,7.7,44.2,73.5,31.3,21.3,51.8,79.2,31.6,29.4,46.7,24.2,25.8,0.3
"Arias, Gabriel",672356,2025,471,,,0.22,0.274,0.363,0.637,0.143,0.214,0.385,0.286,0.278,90.2,6.1,33.8,11.3,43.3,77.0,38.8,40.5,57.3,84.0,38.2,24.4,49.8,21.5,23.6,0.319
"Marsh, Brandon",669016,2025,425,,,0.28,0.342,0.443,0.785,0.163,0.263,0.432,0.33,0.339,91.1,12.6,39.1,8.3,46.4,66.2,29.1,23.2,47.1,79.0,37.7,27.2,41.7,26.1,27.9,0.363
"Swanson, Dansby",621020,2025,645,,,0.244,0.3,0.417,0.717,0.173,0.267,0.477,0.345,0.31,90.5,13.3,36.9,11.7,47.8,73.7,25.2,30.5,50.3,82.2,42.3,17.8,42.3,27.3,24.5,0.298
"Bañuelos, David",675915,2025,2,,,0.0,0.5,0.0,0.5,0.0,0.0,0.0,0.361,0.361,,,,,,100.0,33.3,75.0,50.0,,,,,,,0.0
"Elko, Tim",671284,2025,72,,,0.134,0.194,0.328,0.522,0.194,0.162,0.335,0.243,0.228,90.8,3.8,16.2,10.8,48.6,65.8,31.8,31.5,50.4,65.0,35.1,24.3,59.5,27.0,5.4,0.152
"Bader, Harrison",664056,2025,501,,,0.277,0.347,0.449,0.796,0.172,0.22,0.374,0.297,0.346,87.2,12.7,33.0,10.2,40.3,65.1,32.5,29.0,47.9,69.6,43.8,20.3,45.7,22.9,22.5,0.359
"Mastrobuoni, Miles",670156,2025,175,,,0.25,0.324,0.296,0.62,0.046,0.28,0.373,0.322,0.282,88.0,6.2,33.3,2.3,36.4,56.5,19.2,16.1,39.9,71.2,29.5,30.2,51.2,20.9,26.4,0.301
"Wiemer, Joey",686894,2025,61,,,0.236,0.279,0.436,0.715,0.2,0.241,0.458,0.305,0.297,91.4,6.4,38.2,14.7,61.8,75.0,35.9,33.1,56.6,73.3,58.8,14.7,47.1,29.4,23.5,0.323
"Valdez, Enmanuel",665839,2025,102,,,0.209,0.294,0.363,0.657,0.154,0.254,0.411,0.327,0.29,89.8,15.7,37.3,8.0,42.7,57.9,26.6,21.5,43.8,57.9,46.7,17.3,34.7,25.3,28.0,0.233
"McNeil, Jeff",643446,2025,462,,,0.243,0.335,0.411,0.746,0.168,0.266,0.395,0.33,0.324,87.2,15.9,38.9,5.1,32.9,75.8,26.8,16.6,52.9,88.1,48.6,21.7,36.6,28.3,27.1,0.253
"Edman, Tommy",669242,2025,377,,,0.225,0.274,0.382,0.656,0.157,0.274,0.411,0.321,0.284,88.3,11.8,33.3,4.5,39.9,65.1,28.4,19.8,48.0,74.3,42.6,22.3,45.7,24.4,24.4,0.235
"Jung, Josh",673962,2025,511,,,0.251,0.294,0.39,0.684,0.139,0.245,0.414,0.304,0.298,89.3,12.8,39.4,8.2,46.7,69.5,33.2,25.4,51.1,80.8,35.1,24.4,41.6,24.9,27.5,0.316
"Sosa, Lenyn",672820,2025,544,,,0.264,0.293,0.434,0.727,0.17,0.263,0.467,0.326,0.313,90.7,18.4,39.2,10.4,43.8,61.5,40.9,23.5,51.0,60.3,36.2,25.8,32.2,29.6,29.1,0.309
"English, Tristin",663536,2025,23,,,0.091,0.13,0.136,0.266,0.045,0.098,0.144,0.131,0.123,91.7,13.2,35.7,0.0,35.7,63.6,38.1,19.6,52.6,55.6,50.0,42.9,35.7,28.6,28.6,0.143
"Maton, Nick",665155,2025,63,,,0.167,0.286,0.315,0.601,0.148,0.133,0.25,0.236,0.273,89.0,28.4,22.9,5.7,37.1,67.5,26.9,40.5,46.4,75.0,37.1,20.0,20.0,42.9,22.9,0.212
"Winn, Masyn",691026,2025,537,,,0.253,0.31,0.363,0.673,0.11,0.24,0.347,0.286,0.297,88.3,16.0,31.3,4.8,34.6,62.3,25.9,19.6,45.3,70.3,38.9,26.0,39.2,24.4,25.4,0.301
"Haase, Eric",606992,2025,77,,,0.229,0.289,0.357,0.646,0.128,0.206,0.347,0.273,0.286,83.0,5.4,30.0,10.0,22.5,62.2,30.9,36.7,46.9,69.6,37.5,15.0,50.0,25.0,20.0,0.378
"Frelick, Sal",686217,2025,594,,,0.288,0.351,0.405,0.756,0.117,0.255,0.339,0.299,0.332,85.5,12.1,30.7,3.1,27.4,60.0,26.3,12.8,44.1,62.6,41.0,24.8,46.7,20.2,23.2,0.317
"Freeman, Cody",683227,2025,121,,,0.228,0.258,0.342,0.6,0.114,0.244,0.332,0.269,0.261,84.9,10.6,33.0,4.1,25.8,55.8,34.8,13.6,45.1,71.4,40.2,25.8,48.5,18.6,22.7,0.247
"Rivas, Leo",660844,2025,111,,,0.244,0.387,0.333,0.72,0.089,0.183,0.266,0.288,0.333,86.3,13.1,33.3,3.0,19.7,55.4,8.1,22.6,34.0,83.3,40.9,25.8,43.9,30.3,19.7,0.313
"Trevino, Jose",624431,2025,302,,,0.238,0.272,0.351,0.623,0.113,0.242,0.355,0.278,0.271,87.9,10.9,29.0,4.4,40.7,59.5,32.2,18.4,46.6,64.8,42.3,22.2,47.6,22.2,23.4,0.259
"Hernández, Enrique",571771,2025,256,,,0.203,0.255,0.366,0.621,0.163,0.221,0.394,0.287,0.268,90.3,16.3,32.9,9.4,37.6,70.6,32.0,29.0,51.1,81.7,42.4,25.3,38.8,32.4,21.8,0.233
"Simon, Ronny",682927,2025,88,,,0.234,0.299,0.273,0.572,0.039,0.24,0.35,0.295,0.259,88.4,10.0,27.7,6.2,36.9,60.8,27.4,17.4,44.9,64.3,29.2,30.8,53.8,16.9,16.9,0.281
"Jeffers, Ryan",680777,2025,464,,,0.266,0.356,0.397,0.753,0.131,0.243,0.4,0.325,0.333,89.3,15.0,33.5,6.3,42.1,54.0,24.3,21.1,38.9,56.4,34.8,26.9,38.3,25.3,27.5,0.322
"Osuna, Alejandro",696030,2025,176,,,0.212,0.313,0.278,0.591,0.066,0.271,0.39,0.338,0.27,88.9,12.0,34.5,5.9,37.0,61.7,24.9,19.6,44.2,57.4,30.3,23.5,42.9,20.2,30.3,0.256
"Margot, Manuel",622534,2025,20,,,0.316,0.3,0.316,0.616,0.0,0.317,0.355,0.301,0.265,79.5,10.1,42.9,0.0,14.3,71.4,30.8,28.9,55.9,100.0,35.7,42.9,35.7,14.3,42.9,0.429
"Acuña Jr., Ronald",660670,2025,412,,,0.29,0.417,0.518,0.935,0.228,0.263,0.535,0.397,0.403,92.7,13.3,30.9,15.7,52.5,69.3,23.2,30.3,46.2,82.5,35.6,22.9,46.6,29.7,18.6,0.358
"Marte, Ketel",606466,2025,556,,,0.283,0.376,0.517,0.893,0.234,0.285,0.534,0.39,0.381,90.8,14.8,33.0,13.5,47.0,67.3,24.7,22.5,45.3,80.9,47.3,18.8,40.8,28.2,21.8,0.29
"Alexander, Tyler",641302,2025,1,,,0.0,0.0,0.0,0.0,0.0,0.053,0.066,0.055,0.0,93.6,-34.7,0.0,0.0,0.0,50.0,100.0,0.0,66.7,,0.0,100.0,100.0,0.0,0.0,0.0
"Schuemann, Max",680474,2025,213,,,0.197,0.295,0.273,0.568,0.076,0.23,0.334,0.297,0.262,87.3,12.4,34.9,2.6,32.9,69.5,18.8,24.4,45.5,80.8,27.6,29.6,45.4,23.7,23.7,0.231
"Eaton, Nate",681987,2025,90,,,0.296,0.348,0.383,0.731,0.087,0.243,0.365,0.293,0.322,88.8,8.8,31.3,6.3,37.5,63.2,29.9,17.6,47.0,70.6,39.1,18.8,50.0,23.4,18.8,0.371
"Stewart, Sal",701398,2025,58,,,0.255,0.293,0.545,0.838,0.29,0.289,0.626,0.398,0.355,95.4,17.9,35.0,17.5,52.5,72.0,32.7,23.9,52.1,81.3,52.5,20.0,35.0,40.0,22.5,0.257
"Schanuel, Nolan",694384,2025,564,,,0.264,0.353,0.389,0.742,0.125,0.262,0.388,0.327,0.327,87.5,13.2,38.0,4.5,29.0,65.4,24.0,15.0,45.2,80.4,38.7,23.3,42.9,25.0,26.9,0.286
"Biggio, Cavan",624415,2025,83,,,0.174,0.296,0.246,0.542,0.072,0.211,0.342,0.303,0.257,89.8,20.9,34.0,4.0,36.0,55.7,17.7,25.4,38.1,76.5,40.0,20.0,28.0,46.0,24.0,0.234
"Saggese, Thomas",695336,2025,295,,,0.258,0.299,0.342,0.641,0.084,0.239,0.35,0.28,0.282,90.2,12.9,39.0,5.6,44.1,65.3,34.3,26.5,50.3,71.6,29.2,33.8,41.0,26.2,28.2,0.359
"Flores, Wilmer",527038,2025,463,,,0.241,0.307,0.379,0.686,0.138,0.225,0.334,0.281,0.302,85.9,18.8,35.6,4.8,26.9,63.2,29.3,20.8,46.7,70.7,38.9,26.0,35.0,26.9,26.0,0.267
"Lugo, Matthew",683090,2025,70,,,0.232,0.243,0.464,0.707,0.232,0.217,0.379,0.26,0.299,88.2,12.9,33.3,13.3,42.2,65.0,39.2,37.6,51.7,71.4,51.1,24.4,53.3,22.2,17.8,0.293
"Pagés, Pedro",686780,2025,389,,,0.23,0.272,0.363,0.635,0.133,0.208,0.34,0.259,0.276,88.0,12.4,32.7,7.3,36.5,66.8,36.1,27.7,51.7,72.4,32.7,32.3,43.1,25.8,23.1,0.293
"Andujar, Miguel",609280,2025,341,,,0.318,0.352,0.47,0.822,0.152,0.259,0.383,0.298,0.354,88.0,11.0,31.8,4.7,35.4,72.3,35.8,17.8,53.5,82.3,33.2,21.2,46.7,21.9,23.4,0.348
"Ruiz, Keibert",660688,2025,267,,,0.247,0.277,0.318,0.595,0.071,0.271,0.351,0.287,0.262,86.2,11.3,31.3,2.2,30.9,68.8,35.4,12.8,52.8,78.1,43.9,17.8,48.7,20.4,23.5,0.268
"Misner, Kameron",670224,2025,217,,,0.213,0.273,0.345,0.618,0.132,0.191,0.299,0.247,0.272,87.6,15.0,27.5,5.3,29.8,63.1,30.6,34.4,47.3,75.5,38.9,26.7,43.5,26.7,23.7,0.296
"Fortes, Nick",663743,2025,242,,,0.229,0.296,0.349,0.645,0.12,0.215,0.322,0.27,0.286,87.5,13.4,29.9,4.6,37.9,63.8,30.8,18.9,47.5,69.0,50.0,21.8,46.0,21.3,20.7,0.269
"Raley, Luke",670042,2025,219,,,0.202,0.319,0.311,0.63,0.109,0.209,0.358,0.312,0.291,89.5,9.8,31.7,10.6,42.3,80.8,27.0,40.8,53.9,80.0,47.2,20.3,52.8,22.8,20.3,0.284
"Hassell III, Robert",690987,2025,206,,,0.223,0.257,0.315,0.572,0.092,0.226,0.369,0.273,0.252,88.6,7.2,34.1,8.1,40.7,73.6,27.3,28.8,50.9,88.2,33.3,21.5,52.6,20.7,23.0,0.311
"Johnson, Daniel",669288,2025,57,,,0.189,0.246,0.302,0.548,0.113,0.237,0.414,0.305,0.243,89.3,13.9,30.0,12.5,42.5,69.3,33.0,33.0,50.5,76.5,32.5,22.5,45.0,22.5,20.0,0.231
"Torres, Gleyber",650402,2025,628,,,0.256,0.358,0.387,0.745,0.131,0.269,0.462,0.363,0.332,90.0,14.3,38.6,8.2,39.0,64.8,17.1,19.5,40.8,81.7,31.1,29.9,38.4,30.6,26.0,0.284
"Guzman, Denzer",694203,2025,43,,,0.19,0.209,0.357,0.566,0.167,0.167,0.307,0.212,0.243,86.5,25.8,25.0,15.0,45.0,75.7,19.2,42.4,52.3,91.7,35.0,15.0,35.0,30.0,15.0,0.333
"Ramos, Heliot",671218,2025,695,,,0.256,0.328,0.4,0.728,0.144,0.242,0.417,0.32,0.319,91.8,11.5,32.5,8.8,47.4,66.1,29.8,25.3,47.8,73.1,33.1,24.4,44.4,25.4,24.4,0.309
"Hoskins, Rhys",656555,2025,328,,,0.237,0.332,0.416,0.748,0.179,0.22,0.389,0.314,0.324,90.2,22.1,39.7,10.3,46.4,60.0,20.0,27.6,40.4,68.1,52.1,15.5,29.9,33.5,25.8,0.297
"Torkelson, Spencer",679529,2025,649,,,0.24,0.333,0.456,0.789,0.216,0.226,0.456,0.334,0.339,90.2,23.1,39.3,13.5,45.1,65.9,22.4,26.9,44.6,77.5,48.4,20.6,27.6,36.6,24.1,0.283
"Bohm, Alec",664761,2025,504,,,0.287,0.331,0.409,0.74,0.122,0.275,0.413,0.324,0.322,90.8,6.8,35.6,6.2,46.4,66.9,26.3,14.6,48.2,84.8,27.3,25.3,49.7,20.9,27.3,0.324
"Duran, Jarren",680776,2025,696,,,0.256,0.332,0.442,0.774,0.186,0.248,0.41,0.326,0.335,91.8,12.0,34.5,9.7,46.8,64.2,31.1,29.3,47.2,68.7,35.4,26.2,41.5,25.1,25.5,0.326
"Aranda, Jonathan",666018,2025,422,,,0.316,0.393,0.489,0.882,0.173,0.291,0.515,0.382,0.381,93.0,14.5,42.1,12.8,54.5,68.1,28.0,24.9,48.6,80.7,40.2,23.3,37.2,27.4,30.5,0.409
"Fernández, Yanquiel",692585,2025,147,,,0.225,0.265,0.348,0.613,0.123,0.19,0.309,0.243,0.268,88.6,8.0,31.6,8.4,36.8,70.7,35.8,30.7,52.5,70.5,46.3,23.2,49.5,25.3,21.1,0.297
"Ramírez, Agustín",682663,2025,585,,,0.231,0.287,0.413,0.7,0.182,0.259,0.457,0.332,0.302,90.8,8.3,31.1,11.0,47.0,70.0,32.0,25.5,49.9,76.9,39.7,24.5,45.8,22.2,23.8,0.253
"Williams, Carson",700246,2025,106,,,0.172,0.219,0.354,0.573,0.182,0.169,0.313,0.233,0.248,85.9,8.0,30.4,8.9,35.7,68.7,29.4,38.3,49.6,89.3,50.0,10.7,58.9,25.0,12.5,0.24
"Laureano, Ramón",657656,2025,488,,,0.281,0.342,0.512,0.854,0.231,0.27,0.518,0.362,0.364,90.3,13.4,37.1,13.8,49.1,67.2,25.8,27.4,47.7,76.6,42.6,22.7,41.4,26.4,26.1,0.331
"Pérez, Wenceel",672761,2025,383,,,0.244,0.308,0.43,0.738,0.186,0.242,0.393,0.31,0.318,90.3,18.4,37.8,8.8,40.1,67.2,32.7,26.0,49.3,66.9,42.4,24.0,36.6,31.3,23.3,0.285
"Robles, Victor",645302,2025,114,,,0.245,0.281,0.33,0.611,0.085,0.203,0.292,0.237,0.268,85.4,6.8,28.0,4.9,23.2,79.3,42.9,25.9,60.8,90.6,41.5,24.4,50.0,26.8,18.3,0.309
"Higashioka, Kyle",543309,2025,327,,,0.241,0.291,0.403,0.694,0.162,0.233,0.394,0.295,0.301,88.9,17.2,39.1,8.6,39.1,61.4,27.5,21.9,45.0,70.5,51.1,18.0,36.1,30.0,25.8,0.279
"Hilliard, Sam",656541,2025,61,,,0.196,0.328,0.412,0.74,0.216,0.166,0.372,0.301,0.326,93.5,15.6,21.4,17.9,57.1,66.2,23.3,39.2,43.5,70.0,32.1,25.0,50.0,28.6,10.7,0.308
"Reynolds, Bryan",668804,2025,654,,,0.245,0.318,0.402,0.72,0.157,0.259,0.447,0.338,0.315,91.2,7.3,38.4,10.1,46.0,73.4,26.0,29.4,49.6,83.9,41.2,24.0,47.2,23.5,28.3,0.319
"Sánchez, Gary",596142,2025,101,,,0.231,0.297,0.418,0.715,0.187,0.24,0.421,0.315,0.311,93.3,18.4,24.6,10.8,57.8,59.8,24.3,26.7,42.4,52.6,56.9,16.9,41.5,30.8,15.4,0.267
"Meadows, Parker",678009,2025,213,,,0.215,0.291,0.33,0.621,0.115,0.225,0.346,0.291,0.277,86.9,12.5,36.0,5.1,30.9,64.9,23.8,28.8,44.5,69.7,39.7,23.5,44.1,16.9,30.1,0.28
"Walker, Jordan",691023,2025,396,,,0.215,0.278,0.306,0.584,0.091,0.207,0.363,0.278,0.26,92.3,10.3,29.0,10.9,50.0,66.9,34.1,35.6,49.4,67.4,35.3,19.7,47.5,22.3,21.0,0.31
"Rogers, Trevor",669432,2025,2,,,0.0,0.0,0.0,0.0,0.0,0.0,0.0,0.0,0.0,,,,,,25.0,0.0,100.0,16.7,,,,,,,0.0
"Farmer, Kyle",571657,2025,300,,,0.227,0.28,0.365,0.645,0.138,0.228,0.353,0.285,0.282,87.0,15.3,37.6,6.1,35.2,63.7,29.9,21.5,48.5,61.2,39.0,24.9,41.3,25.4,27.7,0.268
"Foscue, Justin",679822,2025,9,,,0.111,0.111,0.222,0.333,0.111,0.161,0.279,0.189,0.139,93.0,38.5,16.7,0.0,66.7,66.7,13.3,10.0,47.6,80.0,50.0,16.7,16.7,50.0,16.7,0.167
"Durbin, Caleb",702332,2025,506,,,0.256,0.334,0.387,0.721,0.131,0.255,0.362,0.312,0.319,85.2,13.9,29.6,4.0,26.9,61.3,24.6,13.0,44.5,67.6,41.3,20.4,43.8,22.9,22.4,0.265
"Romo, Drew",691011,2025,3,,,0.0,0.0,0.0,0.0,0.0,0.0,0.0,0.0,0.0,,,,,,0.0,70.0,100.0,58.3,,,,,,,0.0
"Kjerstad, Heston",677008,2025,167,,,0.192,0.24,0.327,0.567,0.135,0.231,0.391,0.29,0.248,88.8,12.7,40.2,8.0,41.1,76.1,38.3,28.4,56.6,82.0,38.4,29.5,41.1,25.0,25.9,0.241
"Stowers, Kyle",669065,2025,457,,,0.288,0.368,0.544,0.912,0.256,0.265,0.537,0.375,0.386,91.1,14.1,38.0,19.0,52.0,79.3,28.0,32.5,54.0,86.2,44.1,25.8,38.7,30.1,25.8,0.356
"Busch, Michael",683737,2025,592,,,0.261,0.343,0.523,0.866,0.262,0.262,0.548,0.378,0.369,92.2,17.0,41.1,17.1,47.3,68.5,23.1,25.1,46.8,77.9,44.2,23.0,36.2,37.0,23.5,0.292
"Wagner, Will",695238,2025,149,,,0.225,0.324,0.279,0.603,0.054,0.266,0.34,0.318,0.28,86.8,9.1,31.4,2.0,41.2,71.9,27.0,22.4,49.5,71.9,32.4,24.5,51.0,16.7,26.5,0.287
"Smith, Will",669257,2025,436,,,0.296,0.404,0.497,0.901,0.201,0.269,0.496,0.378,0.389,91.3,18.4,41.7,12.2,47.1,56.8,19.5,22.2,38.8,68.2,32.7,25.9,32.7,36.7,25.5,0.345
"Marsee, Jakob",805300,2025,234,,,0.292,0.363,0.478,0.841,0.186,0.275,0.442,0.347,0.363,88.9,10.9,38.9,8.0,41.4,63.1,19.9,19.5,43.1,71.2,42.0,21.6,44.4,24.1,27.2,0.357
"Clase, Jonatan",682729,2025,112,,,0.21,0.288,0.3,0.588,0.09,0.217,0.341,0.284,0.267,86.0,17.4,21.9,6.8,35.6,64.8,29.5,27.1,47.2,91.7,41.1,23.3,43.8,37.0,13.7,0.271
"Montes, Coco",663796,2025,10,,,0.2,0.2,0.2,0.4,0.0,0.273,0.312,0.259,0.176,90.3,-3.5,28.6,0.0,42.9,35.7,46.2,27.3,40.7,33.3,28.6,42.9,71.4,0.0,28.6,0.286
"Nido, Tomás",621512,2025,37,,,0.343,0.361,0.343,0.704,0.0,0.272,0.339,0.278,0.314,86.4,10.4,38.5,0.0,34.6,81.4,36.7,25.7,58.8,100.0,46.2,26.9,46.2,15.4,34.6,0.48
"Rodgers, Brendan",663898,2025,128,,,0.191,0.266,0.278,0.544,0.087,0.213,0.391,0.296,0.246,90.5,10.8,40.0,14.3,48.6,63.8,28.2,37.8,47.2,68.8,38.6,25.7,40.0,31.4,24.3,0.294
"Kurtz, Nick",701762,2025,489,,,0.29,0.383,0.619,1.002,0.329,0.245,0.537,0.372,0.419,92.7,15.3,39.0,18.4,51.1,64.0,22.2,35.5,43.1,76.0,35.3,29.8,37.9,34.9,23.5,0.364
"Robertson, Will",683770,2025,75,,,0.129,0.173,0.143,0.316,0.014,0.145,0.218,0.188,0.149,85.0,25.2,31.8,9.1,31.8,68.5,39.7,35.7,53.8,77.8,43.2,20.5,29.5,22.7,27.3,0.205
"McCormick, Chas",676801,2025,116,,,0.21,0.279,0.29,0.569,0.08,0.228,0.372,0.299,0.257,85.8,21.9,32.0,5.3,29.3,75.0,38.2,34.7,55.2,85.7,42.7,22.7,40.0,22.7,22.7,0.29
"Cook, Billy",695257,2025,6,,,0.333,0.333,0.333,0.666,0.0,0.391,0.455,0.378,0.294,81.6,26.4,0.0,0.0,40.0,55.6,63.6,25.0,60.0,,0.0,40.0,40.0,40.0,0.0,0.4
"Wells, Austin",669224,2025,448,,,0.219,0.275,0.436,0.711,0.217,0.214,0.399,0.294,0.302,90.6,20.7,33.0,10.2,45.2,71.5,29.2,27.4,50.7,82.7,39.1,29.6,33.0,33.7,22.8,0.245
"Wilson, Weston",642215,2025,125,,,0.198,0.282,0.369,0.651,0.171,0.251,0.427,0.33,0.288,89.4,14.4,38.5,10.3,41.0,62.9,24.6,30.1,44.0,80.0,50.0,17.9,42.3,26.9,25.6,0.236
"Alcántara, Kevin",682634,2025,12,,,0.364,0.417,0.364,0.781,0.0,0.447,0.505,0.443,0.352,92.8,9.3,57.1,0.0,42.9,59.1,33.3,42.9,45.7,,42.9,28.6,42.9,0.0,57.1,0.571
"Sogard, Nick",686765,2025,104,,,0.26,0.317,0.344,0.661,0.084,0.251,0.375,0.302,0.295,86.0,11.6,36.1,5.6,34.7,59.6,24.9,20.0,42.5,68.6,44.4,20.8,43.1,29.2,25.0,0.347
"Wade Jr., LaMonte",664774,2025,242,,,0.167,0.271,0.254,0.525,0.087,0.205,0.321,0.281,0.241,89.7,21.9,33.8,4.5,31.8,62.5,17.0,22.8,40.9,76.0,37.0,24.7,31.2,34.4,25.3,0.22
"Conforto, Michael",624424,2025,486,,,0.199,0.305,0.333,0.638,0.134,0.233,0.41,0.33,0.287,89.9,12.9,34.3,9.7,44.0,66.2,23.2,24.9,45.1,79.4,38.0,27.3,42.0,30.0,22.3,0.247
"Davis, Henry",680779,2025,283,,,0.167,0.234,0.278,0.512,0.111,0.213,0.389,0.293,0.229,88.6,23.3,33.0,11.5,37.4,75.9,34.3,28.9,55.3,81.6,41.2,22.5,33.5,30.2,21.4,0.203
"Acosta, Maximo",691185,2025,61,,,0.204,0.295,0.389,0.684,0.185,0.248,0.473,0.349,0.302,93.5,9.9,37.8,13.5,56.8,55.0,25.0,29.5,38.2,81.3,43.2,8.1,48.6,35.1,13.5,0.235
"Adams, Riley",656180,2025,286,,,0.186,0.252,0.308,0.56,0.122,0.208,0.35,0.275,0.25,91.8,9.1,31.4,10.5,52.3,65.4,30.5,34.6,48.3,64.6,44.4,28.1,50.3,20.9,22.9,0.283
"Gorman, Nolan",669357,2025,402,,,0.205,0.296,0.37,0.666,0.165,0.196,0.386,0.296,0.292,89.6,22.3,39.3,9.1,41.1,66.6,27.7,34.6,47.4,77.9,41.1,26.0,28.3,37.4,25.6,0.283
"Caballero, José",676609,2025,370,,,0.236,0.339,0.347,0.686,0.111,0.218,0.332,0.299,0.309,86.0,17.4,36.5,5.9,30.6,62.8,28.4,26.7,45.0,71.4,37.4,20.7,40.1,23.9,26.1,0.324
"Escarra, J.C.",641555,2025,98,,,0.202,0.296,0.333,0.629,0.131,0.233,0.349,0.3,0.28,90.8,11.5,27.8,5.6,43.1,65.2,20.8,19.4,43.0,86.2,44.4,26.4,44.4,19.4,26.4,0.214
"Wood, James",695578,2025,689,,,0.256,0.35,0.475,0.825,0.219,0.259,0.493,0.361,0.353,94.3,6.3,36.3,16.3,56.3,55.8,24.3,32.9,40.2,66.1,29.7,27.4,49.7,21.3,27.6,0.35
"De La Cruz, Bryan",650559,2025,50,,,0.191,0.24,0.213,0.453,0.022,0.201,0.308,0.245,0.208,91.5,15.6,44.8,6.9,51.7,69.9,32.9,34.0,54.2,73.3,37.9,37.9,37.9,34.5,24.1,0.31
"Johnson, Bryce",669369,2025,84,,,0.342,0.383,0.434,0.817,0.092,0.298,0.406,0.328,0.359,88.4,9.0,45.0,5.0,33.3,67.6,28.8,25.7,48.8,82.6,40.0,20.0,51.7,13.3,33.3,0.446
"Koss, Christian",683766,2025,191,,,0.264,0.309,0.368,0.677,0.104,0.263,0.402,0.311,0.297,86.9,5.5,33.6,6.0,33.6,72.0,34.4,31.6,55.0,74.0,30.6,30.6,51.5,20.1,23.9,0.336
"Rice, Ben",700250,2025,530,,,0.255,0.337,0.499,0.836,0.244,0.283,0.557,0.394,0.358,93.3,14.2,39.3,15.4,56.1,65.5,21.2,21.2,43.3,74.8,44.4,21.1,39.8,28.5,24.9,0.271
"Smith, Cam",701358,2025,493,,,0.236,0.312,0.358,0.67,0.122,0.235,0.376,0.304,0.298,87.9,8.9,34.6,6.9,40.8,66.1,29.6,28.7,48.4,76.0,35.6,30.1,45.1,22.9,27.5,0.32
"Eldridge, Bryce",805811,2025,37,,,0.107,0.297,0.179,0.476,0.072,0.175,0.506,0.362,0.242,95.6,12.0,25.0,25.0,68.8,68.5,17.2,35.4,40.6,62.5,37.5,12.5,43.8,50.0,6.3,0.188
"Outman, James",681546,2025,148,,,0.134,0.216,0.321,0.537,0.187,0.158,0.372,0.265,0.237,88.0,18.0,28.2,16.9,39.4,65.8,28.5,40.4,47.4,79.3,46.5,18.3,36.6,33.8,19.7,0.185
"Narváez, Omar",553882,2025,10,,,0.286,0.4,0.286,0.686,0.0,0.219,0.254,0.295,0.315,87.2,12.4,28.6,0.0,14.3,72.7,14.3,15.8,44.2,60.0,42.9,14.3,42.9,42.9,14.3,0.286
"Miranda, Jose",669304,2025,36,,,0.167,0.167,0.25,0.417,0.083,0.203,0.268,0.205,0.179,88.5,6.6,26.1,4.3,43.5,66.2,39.0,26.5,53.5,71.4,56.5,8.7,56.5,26.1,17.4,0.227
"Freeland, Alex",690976,2025,97,,,0.19,0.292,0.31,0.602,0.12,0.171,0.299,0.26,0.273,90.7,20.7,32.0,8.0,38.0,55.1,19.3,30.5,38.2,66.7,38.0,18.0,38.0,28.0,20.0,0.298
"Contreras, William",661388,2025,659,,,0.26,0.355,0.399,0.754,0.139,0.253,0.398,0.331,0.332,91.1,7.0,31.6,6.4,48.5,67.9,25.2,24.2,46.5,79.2,35.2,25.9,50.4,21.7,23.9,0.299
"Rafaela, Ceddanne",678882,2025,587,,,0.249,0.295,0.414,0.709,0.165,0.242,0.416,0.305,0.307,88.3,12.8,32.3,9.2,38.7,75.3,42.2,26.8,58.9,83.2,37.6,22.8,44.0,26.0,21.4,0.289
"Hernández, Heriberto",681715,2025,294,,,0.266,0.347,0.438,0.785,0.172,0.245,0.435,0.334,0.341,90.2,14.2,29.0,10.9,45.4,68.5,21.5,35.2,45.2,80.5,46.4,18.0,42.1,29.5,21.9,0.335
"Santander, Anthony",623993,2025,221,,,0.175,0.271,0.294,0.565,0.119,0.188,0.301,0.265,0.255,89.6,18.5,27.6,4.5,41.0,68.1,31.1,24.5,48.5,74.2,51.5,17.9,37.3,25.4,23.9,0.219
"Kayfus, CJ",692216,2025,138,,,0.22,0.292,0.415,0.707,0.195,0.242,0.427,0.322,0.306,88.7,16.4,41.4,9.2,36.8,75.5,29.2,35.7,53.3,80.6,37.9,31.0,39.1,32.2,27.6,0.28
"Kennedy, Buddy",671083,2025,32,,,0.069,0.156,0.103,0.259,0.034,0.136,0.221,0.202,0.132,87.9,18.9,33.3,4.8,42.9,63.4,23.2,24.1,45.7,83.3,57.1,9.5,38.1,38.1,14.3,0.095
"Gasper, Mickey",681508,2025,110,,,0.158,0.257,0.232,0.489,0.074,0.167,0.241,0.236,0.229,87.8,19.4,16.9,1.3,31.2,57.8,20.4,18.5,39.5,71.0,33.8,36.4,42.9,31.2,13.0,0.176
"Del Castillo, Adrian",680728,2025,131,,,0.242,0.29,0.392,0.682,0.15,0.206,0.35,0.269,0.295,89.9,19.0,38.7,6.7,49.3,62.1,30.4,33.7,46.5,64.4,42.7,24.0,32.0,37.3,25.3,0.352
"Cabrera, Oswaldo",665828,2025,122,,,0.243,0.322,0.308,0.63,0.065,0.244,0.297,0.284,0.286,89.1,8.8,31.0,0.0,34.5,69.1,28.6,24.3,48.5,75.0,41.7,21.4,51.2,14.3,27.4,0.305
"Alcántara, Sergio",642727,2025,4,,,0.0,0.0,0.0,0.0,0.0,0.047,0.066,0.05,0.0,84.2,20.6,0.0,0.0,0.0,50.0,37.5,25.0,44.4,50.0,50.0,50.0,50.0,50.0,0.0,0.0
"Keirsey Jr., DaShawn",680577,2025,88,,,0.107,0.138,0.179,0.317,0.072,0.144,0.216,0.173,0.142,87.5,9.9,19.2,5.8,34.6,71.4,28.9,25.4,52.0,90.0,32.7,38.5,51.9,26.9,9.6,0.143
"Pozo, Yohel",650968,2025,168,,,0.231,0.262,0.375,0.637,0.144,0.246,0.357,0.276,0.275,87.7,17.8,29.5,2.2,35.3,76.0,48.1,19.8,60.7,82.1,41.0,29.5,38.8,18.0,25.2,0.239
"Black, Tyler",672012,2025,13,,,0.25,0.538,0.375,0.913,0.125,0.25,0.354,0.428,0.43,83.1,1.7,42.9,0.0,28.6,57.7,21.4,33.3,38.9,100.0,57.1,0.0,42.9,14.3,42.9,0.286
"Brennan, Will",686823,2025,13,,,0.091,0.231,0.091,0.322,0.0,0.097,0.151,0.199,0.177,82.2,8.2,0.0,0.0,30.0,68.4,25.9,25.0,43.5,100.0,40.0,20.0,60.0,20.0,0.0,0.1
"Dezenzo, Zach",701305,2025,109,,,0.245,0.321,0.367,0.688,0.122,0.225,0.426,0.316,0.306,89.3,17.5,42.6,16.4,41.0,68.0,20.1,33.5,44.2,78.8,34.4,23.0,36.1,29.5,29.5,0.373
"Semien, Marcus",543760,2025,534,,,0.23,0.305,0.364,0.669,0.134,0.243,0.395,0.318,0.295,88.3,19.4,35.8,6.7,35.0,75.3,23.4,22.6,49.0,90.6,44.6,18.7,34.5,33.4,23.1,0.251
"Scott II, Victor",687363,2025,463,,,0.216,0.305,0.296,0.601,0.08,0.225,0.313,0.287,0.274,86.1,15.2,36.0,3.7,26.0,73.4,24.3,26.9,49.1,80.8,35.7,26.0,44.0,25.0,24.0,0.284
"Langeliers, Shea",669127,2025,523,,,0.277,0.325,0.536,0.861,0.259,0.251,0.463,0.328,0.364,90.9,16.4,33.4,11.2,44.9,73.0,32.1,25.1,52.4,75.3,41.0,21.4,37.3,29.0,25.3,0.29
"O'Neill, Tyler",641933,2025,209,,,0.199,0.292,0.392,0.684,0.193,0.243,0.523,0.36,0.297,88.8,22.2,34.6,16.5,39.1,68.0,28.3,31.4,47.4,74.6,47.4,20.3,31.6,37.6,19.5,0.218
"Story, Trevor",596115,2025,654,,,0.263,0.308,0.433,0.741,0.17,0.249,0.421,0.311,0.32,91.4,14.2,32.6,9.8,47.0,72.3,35.3,29.3,54.4,78.9,37.4,27.9,43.6,27.4,20.5,0.33
"Castellanos, Nick",592206,2025,589,,,0.25,0.294,0.4,0.694,0.15,0.242,0.408,0.302,0.3,87.8,15.2,39.0,7.6,34.5,80.0,40.9,29.9,58.8,90.2,40.5,23.3,38.8,31.0,26.7,0.298
"Guerrero Jr., Vladimir",665489,2025,680,,,0.292,0.381,0.467,0.848,0.175,0.3,0.506,0.384,0.366,92.0,7.8,33.7,12.2,50.7,62.3,21.5,21.5,42.2,71.7,34.9,25.1,47.1,19.8,27.1,0.313
"Young, Jared",676724,2025,47,,,0.186,0.234,0.488,0.722,0.302,0.201,0.456,0.296,0.301,84.6,23.0,39.3,14.3,39.3,68.4,28.7,33.0,49.0,85.7,39.3,28.6,28.6,35.7,21.4,0.167
"Baldwin, Brooks",681460,2025,328,,,0.24,0.29,0.407,0.697,0.167,0.235,0.416,0.307,0.302,90.4,14.8,36.8,10.9,40.9,72.8,33.4,24.6,53.2,86.4,44.5,20.9,41.4,28.6,22.7,0.298
"Mayer, Marcelo",691785,2025,136,,,0.228,0.272,0.402,0.674,0.174,0.215,0.354,0.267,0.29,90.0,6.7,35.6,9.2,51.7,68.6,29.6,28.6,50.8,70.9,37.9,24.1,48.3,26.4,23.0,0.301
"Giménez, Andrés",665926,2025,369,,,0.21,0.285,0.313,0.598,0.103,0.252,0.361,0.308,0.269,86.3,11.0,32.6,3.0,27.7,67.1,34.7,23.8,51.9,74.8,36.0,24.7,43.4,24.7,26.2,0.239
"Merrill, Jackson",701538,2025,483,,,0.264,0.317,0.457,0.774,0.193,0.263,0.49,0.347,0.331,89.7,15.2,42.6,13.0,42.9,79.3,37.8,27.1,58.4,80.8,37.0,29.9,39.1,30.2,26.0,0.312
"Báez, Javier",595879,2025,437,,,0.257,0.282,0.398,0.68,0.141,0.23,0.358,0.27,0.293,88.2,11.4,30.2,5.5,39.9,65.4,46.1,30.7,55.1,66.4,40.5,25.1,45.3,27.3,20.6,0.318
"Turang, Brice",668930,2025,659,,,0.288,0.359,0.435,0.794,0.147,0.262,0.429,0.335,0.346,91.1,8.6,35.1,7.9,47.4,62.8,23.8,21.0,44.3,74.7,25.9,33.6,46.9,25.6,25.2,0.356
"Church, Nathan",701675,2025,65,,,0.179,0.254,0.25,0.504,0.071,0.193,0.279,0.247,0.232,89.0,5.4,24.4,2.4,41.5,75.9,36.2,28.1,54.1,82.4,36.6,31.7,65.9,19.5,9.8,0.237
"Ahmed, Nick",605113,2025,10,,,0.0,0.1,0.0,0.1,0.0,0.157,0.177,0.201,0.069,83.4,13.2,16.7,0.0,16.7,70.6,42.9,50.0,58.1,100.0,50.0,33.3,66.7,16.7,0.0,0.0
"Vázquez, Luis",676679,2025,53,,,0.16,0.208,0.24,0.448,0.08,0.22,0.378,0.279,0.201,89.6,7.2,38.9,11.1,44.4,69.4,39.1,34.6,54.7,73.3,27.8,22.2,52.8,25.0,19.4,0.2
"Yelich, Christian",592885,2025,644,,,0.264,0.343,0.452,0.795,0.188,0.245,0.439,0.33,0.343,90.2,1.9,31.2,10.3,46.4,66.7,25.7,29.2,45.7,74.9,33.4,27.8,56.8,17.2,22.9,0.323
"Pauley, Graham",688363,2025,184,,,0.224,0.311,0.366,0.677,0.142,0.223,0.343,0.299,0.3,86.6,17.3,33.9,5.5,35.4,66.9,27.9,26.9,47.6,70.8,39.4,20.5,38.6,26.0,23.6,0.262
"Crim, Blaine",688760,2025,74,,,0.2,0.27,0.462,0.732,0.262,0.215,0.457,0.322,0.309,92.2,14.9,46.2,15.4,53.8,61.3,27.0,35.4,44.7,55.6,25.6,28.2,30.8,30.8,30.8,0.235
"Blanco, Dairon",680118,2025,8,,,0.167,0.167,0.333,0.5,0.166,0.185,0.213,0.175,0.209,79.1,28.3,16.7,0.0,0.0,72.2,28.6,29.4,53.1,100.0,16.7,50.0,50.0,16.7,16.7,0.25
"Harper, Bryce",547180,2025,580,,,0.261,0.357,0.487,0.844,0.226,0.268,0.492,0.368,0.361,91.3,11.6,37.6,12.3,47.5,78.9,35.6,30.7,54.2,86.0,36.3,26.6,43.6,28.5,25.6,0.292
"d'Arnaud, Travis",518595,2025,231,,,0.197,0.255,0.343,0.598,0.146,0.194,0.362,0.271,0.263,88.2,17.9,34.3,11.4,37.9,73.2,32.7,31.9,54.2,78.9,42.9,22.1,38.6,25.7,23.6,0.269
"Melton, Jacob",689200,2025,78,,,0.157,0.234,0.186,0.42,0.029,0.177,0.275,0.24,0.198,88.1,-5.7,19.5,4.9,43.9,61.8,28.0,35.5,45.5,73.1,39.0,22.0,80.5,7.3,12.2,0.268
"Estrada, Thairo",642731,2025,165,,,0.253,0.285,0.37,0.655,0.117,0.233,0.322,0.264,0.284,86.3,7.0,28.2,3.1,30.5,73.0,35.2,22.8,54.0,75.0,44.3,19.1,51.9,22.9,21.4,0.281
"Baddoo, Akil",668731,2025,18,,,0.118,0.167,0.176,0.343,0.058,0.258,0.317,0.277,0.157,90.3,9.1,33.3,0.0,41.7,84.6,50.0,30.6,66.7,100.0,50.0,16.7,41.7,8.3,41.7,0.167
"Gelof, Zack",680869,2025,101,,,0.174,0.23,0.272,0.502,0.098,0.143,0.299,0.219,0.224,88.1,15.2,35.4,12.5,47.9,74.4,26.4,43.2,51.2,78.6,41.7,14.6,43.8,25.0,22.9,0.311
"Rocchio, Brayan",677587,2025,383,,,0.233,0.29,0.34,0.63,0.107,0.246,0.358,0.295,0.278,88.0,11.0,33.3,3.3,35.5,70.9,30.9,24.0,51.4,77.0,44.9,21.0,45.3,24.6,26.8,0.281
"Lux, Gavin",666158,2025,503,,,0.269,0.35,0.374,0.724,0.105,0.243,0.336,0.299,0.322,88.3,9.6,38.1,3.6,36.9,65.1,19.5,21.6,42.7,80.9,39.0,20.4,47.1,22.5,27.6,0.351
"Williamson, Ben",810938,2025,295,,,0.253,0.294,0.31,0.604,0.057,0.241,0.322,0.269,0.269,88.3,3.1,23.3,3.3,40.5,60.6,33.6,21.9,48.1,70.2,27.9,38.6,58.6,19.5,19.5,0.325
"Lile, Daylen",695734,2025,351,,,0.299,0.347,0.498,0.845,0.199,0.302,0.449,0.348,0.36,88.9,15.0,44.2,5.2,40.1,75.3,26.7,18.9,52.2,79.8,39.4,25.7,36.4,24.5,32.3,0.336
"Acuña, Luisangel",682668,2025,193,,,0.234,0.293,0.274,0.567,0.04,0.235,0.299,0.271,0.258,87.9,3.4,29.8,1.4,35.5,68.7,31.0,22.3,49.1,61.7,21.3,28.4,56.0,17.7,22.0,0.295
"Siani, Michael",672279,2025,19,,,0.235,0.316,0.235,0.551,0.0,0.28,0.312,0.312,0.259,79.8,18.0,30.0,0.0,20.0,54.3,41.2,30.3,47.8,40.0,40.0,20.0,50.0,10.0,30.0,0.4
"Rivera, Emmanuel",656896,2025,127,,,0.25,0.291,0.283,0.574,0.033,0.246,0.312,0.267,0.258,86.7,11.6,38.5,1.0,32.3,72.4,35.1,28.7,52.7,81.6,25.0,31.3,41.7,24.0,31.3,0.313
"Dunn, Blake",694362,2025,75,,,0.15,0.32,0.233,0.553,0.083,0.188,0.287,0.304,0.272,88.6,-0.3,25.7,8.6,37.1,62.5,24.7,33.1,41.8,68.4,25.7,28.6,62.9,11.4,22.9,0.235
"Toro, Abraham",647351,2025,284,,,0.239,0.289,0.371,0.66,0.132,0.253,0.376,0.302,0.286,86.3,13.4,32.0,4.5,34.2,65.5,34.8,20.4,49.6,72.9,40.5,21.6,43.2,25.7,22.5,0.256
"Pederson, Joc",592626,2025,306,,,0.181,0.285,0.328,0.613,0.147,0.219,0.393,0.315,0.276,91.2,16.9,28.4,9.5,44.8,63.5,26.9,25.2,44.3,74.2,44.3,25.9,40.8,29.4,19.9,0.203
"Frazier, Adam",624428,2025,459,,,0.267,0.319,0.365,0.684,0.098,0.244,0.333,0.279,0.3,85.3,14.5,39.5,2.0,20.6,71.2,29.5,19.7,51.3,76.3,36.0,28.8,39.5,26.5,28.8,0.313
"Ohtani, Shohei",660271,2025,727,,,0.282,0.392,0.622,1.014,0.34,0.274,0.649,0.425,0.418,94.9,15.0,35.9,23.5,58.7,66.1,26.0,33.4,45.0,76.1,43.2,19.0,39.7,35.7,21.1,0.315
"Maile, Luke",571912,2025,54,,,0.244,0.346,0.356,0.702,0.112,0.261,0.408,0.342,0.316,90.8,14.0,38.7,6.5,45.2,63.2,23.0,27.4,44.4,68.2,38.7,19.4,45.2,22.6,29.0,0.357
"Bell, Josh",605137,2025,533,,,0.237,0.325,0.417,0.742,0.18,0.256,0.485,0.359,0.324,90.4,10.4,33.4,12.0,47.0,68.9,26.8,23.6,47.0,77.3,41.5,26.6,46.0,27.9,20.6,0.247
"McCarthy, Jake",664983,2025,222,,,0.204,0.247,0.345,0.592,0.141,0.239,0.374,0.286,0.256,84.7,6.5,28.2,5.3,27.6,64.8,34.3,21.1,49.4,66.0,37.1,20.6,55.9,21.8,16.5,0.233
"Baty, Brett",683146,2025,432,,,0.254,0.313,0.435,0.748,0.181,0.252,0.457,0.334,0.324,90.7,5.8,32.6,12.8,46.9,66.6,24.9,27.3,46.7,78.9,35.4,21.9,51.0,21.2,24.0,0.304
"Rengifo, Luis",650859,2025,541,,,0.238,0.287,0.335,0.622,0.097,0.26,0.375,0.302,0.275,87.1,6.7,34.7,5.0,32.7,71.5,30.5,21.9,51.6,76.0,32.7,26.4,50.6,18.5,25.2,0.281
"Verdugo, Alex",657077,2025,213,,,0.239,0.296,0.289,0.585,0.05,0.266,0.369,0.306,0.264,89.9,9.9,34.9,3.0,42.8,52.9,21.4,14.4,38.6,44.8,31.3,25.3,44.6,19.9,30.1,0.283
"Chapman, Matt",656305,2025,535,,,0.231,0.34,0.43,0.77,0.199,0.243,0.417,0.34,0.336,92.2,15.7,34.0,9.9,47.6,63.8,20.1,25.3,42.4,77.2,43.4,22.9,40.4,24.7,22.3,0.27
"Simpson, Chandler",802415,2025,441,,,0.295,0.326,0.345,0.671,0.05,0.295,0.336,0.297,0.296,84.3,0.5,29.8,0.0,17.3,62.5,29.8,11.5,48.6,77.8,26.1,28.5,60.4,8.8,27.7,0.327
"Dalbec, Bobby",666915,2025,21,,,0.222,0.333,0.278,0.611,0.056,0.168,0.214,0.245,0.284,84.6,22.7,25.0,0.0,25.0,56.5,26.8,35.1,42.5,85.7,16.7,33.3,41.7,25.0,16.7,0.333
"Canha, Mark",592192,2025,125,,,0.212,0.272,0.265,0.537,0.053,0.214,0.303,0.268,0.244,86.6,19.9,25.3,2.2,33.0,61.3,28.3,23.7,45.8,68.8,37.4,24.2,36.3,25.3,23.1,0.256
"Berti, Jon",542932,2025,107,,,0.21,0.262,0.23,0.492,0.02,0.253,0.323,0.28,0.226,87.5,1.5,30.8,2.6,37.2,66.5,25.1,26.3,47.6,75.0,32.1,30.8,61.5,7.7,28.2,0.269
"Refsnyder, Rob",608701,2025,209,,,0.269,0.354,0.484,0.838,0.215,0.243,0.457,0.338,0.359,92.0,12.1,34.6,12.3,52.3,61.8,19.1,25.3,40.9,73.1,39.2,18.5,43.8,26.9,24.6,0.331
"Crews, Dylan",686611,2025,322,,,0.208,0.28,0.352,0.632,0.144,0.235,0.393,0.307,0.279,89.7,8.5,26.7,9.7,38.7,66.2,29.5,30.7,48.1,75.0,35.9,25.3,50.2,24.9,18.9,0.246
"White, Eli",642201,2025,271,,,0.234,0.27,0.406,0.676,0.172,0.251,0.435,0.31,0.29,87.7,11.3,34.6,9.0,40.4,72.1,29.6,26.2,52.9,86.0,37.8,28.2,46.3,24.5,23.9,0.282
"Fry, David",681807,2025,157,,,0.171,0.229,0.363,0.592,0.192,0.135,0.256,0.202,0.258,88.7,23.0,23.9,9.1,39.8,69.0,34.2,32.6,52.6,73.8,50.0,17.0,36.4,28.4,18.2,0.212
"Arozarena, Randy",668227,2025,709,,,0.238,0.334,0.426,0.76,0.188,0.227,0.417,0.327,0.332,91.3,12.9,32.6,11.5,50.6,62.5,25.3,29.7,44.0,75.5,33.0,24.8,42.6,26.9,21.3,0.297
"Turner, Trea",607208,2025,639,,,0.304,0.355,0.457,0.812,0.153,0.27,0.41,0.321,0.352,89.3,9.1,34.7,5.8,42.1,72.8,31.1,24.8,51.4,83.1,38.6,24.0,48.3,23.1,24.2,0.35
"Doyle, Brenton",686668,2025,538,,,0.233,0.274,0.376,0.65,0.143,0.239,0.415,0.3,0.282,89.9,9.8,33.0,10.8,44.6,71.0,30.1,29.7,50.4,80.4,40.0,22.2,46.5,25.9,23.0,0.289
"Jansen, Danny",643376,2025,337,,,0.215,0.321,0.399,0.72,0.184,0.199,0.356,0.299,0.318,87.6,24.0,35.6,8.8,39.0,65.5,19.8,24.0,43.2,84.9,48.8,17.1,28.3,32.2,22.0,0.253
"Robert Jr., Luis",673357,2025,431,,,0.223,0.297,0.364,0.661,0.141,0.246,0.426,0.321,0.289,89.4,18.2,34.7,10.2,41.6,76.3,32.5,31.7,53.3,92.1,44.2,25.2,38.3,28.5,23.4,0.274
"Mountcastle, Ryan",663624,2025,357,,,0.25,0.286,0.367,0.653,0.117,0.253,0.428,0.313,0.284,90.7,9.1,37.5,11.7,47.1,75.5,39.6,32.0,57.5,86.1,38.3,31.3,45.8,22.9,27.9,0.326
"Stubbs, C.J.",667690,2025,3,,,0.0,0.0,0.0,0.0,0.0,0.104,0.117,0.098,0.0,84.6,31.2,0.0,0.0,33.3,66.7,0.0,0.0,46.2,100.0,33.3,33.3,33.3,33.3,0.0,0.0
"Hurtubise, Jacob",674441,2025,15,,,0.083,0.267,0.083,0.35,0.0,0.158,0.181,0.262,0.201,89.3,5.0,16.7,0.0,16.7,63.6,20.7,25.9,43.5,66.7,66.7,16.7,66.7,16.7,16.7,0.167
"Rushing, Dalton",687221,2025,155,,,0.204,0.258,0.324,0.582,0.12,0.203,0.379,0.283,0.256,90.8,17.2,37.2,14.0,45.3,65.7,19.6,35.7,44.8,78.7,52.3,19.8,34.9,31.4,24.4,0.305
"Wisely, Brett",689172,2025,63,,,0.185,0.279,0.315,0.594,0.13,0.2,0.347,0.284,0.267,87.3,25.4,28.6,7.1,31.0,66.9,31.3,20.9,49.4,69.2,35.7,19.0,28.6,35.7,21.4,0.231
"Vivas, Jorbit",678391,2025,66,,,0.161,0.266,0.25,0.516,0.089,0.249,0.331,0.308,0.242,85.9,17.4,32.6,4.7,37.2,75.6,18.0,25.4,49.6,95.7,46.5,14.0,39.5,20.9,27.9,0.19
"Henderson, Gunnar",683002,2025,651,,,0.274,0.349,0.438,0.787,0.164,0.276,0.425,0.341,0.339,92.1,9.5,29.9,8.5,49.2,67.5,27.7,25.1,47.6,76.2,36.6,25.6,48.5,18.9,25.8,0.329
"Flores Jr., Rafael",804668,2025,17,,,0.2,0.294,0.333,0.627,0.133,0.258,0.494,0.361,0.281,94.8,14.0,62.5,12.5,62.5,75.0,40.5,48.8,55.4,50.0,25.0,25.0,50.0,37.5,12.5,0.375
"Schunk, Aaron",668845,2025,33,,,0.188,0.188,0.219,0.407,0.031,0.224,0.306,0.229,0.177,85.9,24.3,43.5,4.3,21.7,76.5,55.9,25.0,65.5,91.7,17.4,47.8,21.7,30.4,39.1,0.273
"Meyers, Jake",676694,2025,381,,,0.292,0.354,0.373,0.727,0.081,0.269,0.403,0.325,0.323,88.1,9.8,34.6,5.0,38.9,69.1,23.7,21.2,47.2,88.3,36.1,21.8,48.9,20.4,26.8,0.353
"Leiter, Jack",683004,2025,1,,,0.0,0.0,0.0,0.0,0.0,0.0,0.0,0.0,0.0,,,,,,0.0,100.0,100.0,33.3,0.0,,,,,,0.0
"Basallo, Samuel",694212,2025,118,,,0.165,0.229,0.33,0.559,0.165,0.213,0.375,0.284,0.246,89.1,13.8,20.3,8.9,43.0,73.9,38.7,29.4,56.0,75.7,40.5,29.1,49.4,32.9,11.4,0.187
"Salazar, César",663967,2025,16,,,0.231,0.375,0.231,0.606,0.0,0.213,0.253,0.298,0.297,82.1,11.9,36.4,0.0,18.2,80.0,26.1,26.9,54.2,100.0,54.5,18.2,54.5,18.2,27.3,0.273
"Lukes, Nathan",664770,2025,438,,,0.255,0.323,0.407,0.73,0.152,0.259,0.392,0.315,0.317,87.9,11.2,30.8,4.7,37.0,64.4,31.5,14.0,48.9,72.4,31.7,28.7,46.7,23.4,22.8,0.273
"Freeman, Freddie",518692,2025,627,,,0.295,0.367,0.502,0.869,0.207,0.268,0.467,0.35,0.37,90.9,14.3,36.7,10.4,45.7,76.1,28.4,27.3,51.9,85.2,43.4,25.4,41.6,29.1,25.4,0.342
"Caissie, Owen",683357,2025,27,,,0.192,0.222,0.346,0.568,0.154,0.189,0.311,0.232,0.245,87.3,14.0,53.3,13.3,20.0,83.0,38.0,39.7,61.2,100.0,26.7,53.3,26.7,26.7,40.0,0.286
"Veen, Zac",691728,2025,37,,,0.118,0.189,0.235,0.424,0.117,0.123,0.214,0.188,0.193,90.2,18.3,30.0,5.0,30.0,88.0,32.3,43.7,62.1,100.0,45.0,20.0,45.0,35.0,10.0,0.158
"Bellinger, Cody",641355,2025,656,,,0.272,0.334,0.48,0.814,0.208,0.254,0.43,0.327,0.347,88.3,18.5,37.1,7.5,37.9,67.0,30.1,18.1,48.3,77.7,42.4,25.8,32.9,35.7,24.3,0.274
"Triolo, Jared",669707,2025,376,,,0.227,0.311,0.356,0.667,0.129,0.239,0.383,0.31,0.296,89.0,14.7,34.4,6.2,38.2,68.7,24.3,24.0,47.2,86.7,37.5,28.2,40.9,27.4,24.7,0.273
"Rogers, Jake",668670,2025,142,,,0.187,0.277,0.333,0.61,0.146,0.194,0.321,0.274,0.27,89.5,17.2,36.8,9.2,40.2,63.3,21.9,26.7,44.0,74.0,49.4,24.1,42.5,24.1,21.8,0.241
"Brown, Seth",664913,2025,76,,,0.185,0.303,0.262,0.565,0.077,0.193,0.344,0.295,0.265,87.2,18.7,40.5,9.5,40.5,69.7,29.5,32.4,48.7,71.4,50.0,23.8,33.3,35.7,23.8,0.268
"Tellez, Rowdy",642133,2025,312,,,0.228,0.276,0.443,0.719,0.215,0.234,0.479,0.328,0.307,91.2,14.8,36.8,15.3,46.4,59.3,30.1,28.1,44.9,68.5,32.5,28.2,38.8,31.6,22.0,0.255
"Carroll, Corbin",682998,2025,642,,,0.259,0.343,0.541,0.884,0.282,0.262,0.529,0.372,0.371,92.1,16.7,33.5,14.5,49.9,66.9,31.6,24.8,48.9,72.9,42.4,22.4,35.7,32.0,22.9,0.299
"Pasquantino, Vinnie",686469,2025,682,,,0.264,0.323,0.475,0.798,0.211,0.259,0.463,0.334,0.34,90.9,16.3,33.5,10.8,44.7,65.2,30.4,18.2,48.0,77.0,45.1,22.0,38.2,29.7,24.3,0.271
"McGuire, Reese",624512,2025,140,,,0.226,0.245,0.444,0.689,0.218,0.208,0.359,0.254,0.29,85.1,15.7,31.2,9.2,36.7,71.2,38.2,22.7,55.1,78.3,46.8,14.7,41.3,27.5,20.2,0.212
"Baker, Luken",663609,2025,41,,,0.235,0.366,0.324,0.69,0.089,0.217,0.376,0.328,0.317,94.6,22.1,25.0,8.3,54.2,67.1,20.5,32.9,42.9,72.7,45.8,20.8,37.5,20.8,20.8,0.333
"McCray, Grant",687529,2025,26,,,0.091,0.16,0.182,0.342,0.091,0.142,0.311,0.223,0.154,85.7,15.4,30.8,15.4,23.1,71.9,22.5,32.0,51.5,100.0,53.8,15.4,53.8,30.8,7.7,0.167
"Beck, Jordan",687597,2025,588,,,0.258,0.317,0.416,0.733,0.158,0.231,0.395,0.301,0.319,87.4,12.8,36.9,9.6,38.5,67.2,27.4,31.2,47.4,76.8,39.1,23.0,42.1,26.5,26.2,0.351
"Berroa, Steward",672642,2025,6,,,0.0,0.167,0.0,0.167,0.0,0.057,0.066,0.16,0.115,91.3,33.4,0.0,0.0,0.0,57.9,7.7,25.0,37.5,60.0,33.3,0.0,33.3,66.7,0.0,0.0
"Young, Jacob",696285,2025,364,,,0.231,0.296,0.287,0.583,0.056,0.262,0.336,0.297,0.264,87.6,3.8,27.9,1.9,34.2,60.1,23.9,17.4,43.7,71.5,29.4,29.0,56.5,14.9,24.2,0.283
"Buxton, Byron",621439,2025,542,,,0.264,0.327,0.551,0.878,0.287,0.249,0.514,0.35,0.367,92.5,17.7,32.9,17.6,53.8,74.1,29.5,31.3,51.8,86.0,48.8,17.9,36.7,34.7,21.4,0.302
"Peraza, Oswald",672724,2025,265,,,0.164,0.223,0.25,0.473,0.086,0.194,0.306,0.248,0.214,87.1,8.0,29.7,6.7,38.8,73.3,30.3,33.3,52.9,77.6,41.8,19.4,51.5,19.4,20.0,0.219
"Vaughn, Andrew",683734,2025,447,,,0.254,0.307,0.411,0.718,0.157,0.273,0.479,0.349,0.311,91.6,13.3,38.4,12.0,47.7,66.0,28.3,21.7,46.9,71.8,37.5,24.3,41.7,27.0,25.2,0.28
"Wilson, Jacob",805779,2025,523,,,0.311,0.355,0.444,0.799,0.133,0.277,0.364,0.304,0.348,84.6,8.8,32.2,2.2,24.7,66.6,32.1,9.6,49.9,68.9,34.0,25.1,53.3,17.1,24.2,0.317
"Smith, Josh",669701,2025,563,,,0.251,0.335,0.366,0.701,0.115,0.247,0.366,0.31,0.311,87.2,12.7,33.8,5.0,31.1,63.1,25.7,19.6,45.5,72.4,36.3,26.3,44.6,24.1,24.6,0.295
"Seager, Corey",608369,2025,445,,,0.271,0.373,0.487,0.86,0.216,0.285,0.569,0.4,0.365,92.9,11.6,34.2,15.3,53.6,78.0,23.0,27.9,49.9,87.4,34.2,23.1,44.7,31.9,21.7,0.299
"Jackson, Alex",656577,2025,100,,,0.22,0.29,0.473,0.763,0.253,0.178,0.362,0.27,0.327,88.3,14.3,40.7,14.8,40.7,71.4,29.0,38.9,50.9,81.1,44.4,16.7,37.0,31.5,22.2,0.306
"Clemens, Kody",665019,2025,386,,,0.213,0.281,0.434,0.715,0.221,0.243,0.465,0.331,0.307,91.5,16.7,35.9,12.0,48.3,67.5,27.9,23.9,48.4,73.7,44.4,17.8,34.4,33.6,25.1,0.231
"Brooks, Trenton",670092,2025,43,,,0.146,0.186,0.268,0.454,0.122,0.214,0.338,0.255,0.199,89.4,18.2,28.6,7.1,35.7,78.3,27.6,23.7,55.4,81.3,42.9,25.0,46.4,28.6,17.9,0.185
"Devanney, Cam",687478,2025,38,,,0.139,0.184,0.167,0.351,0.028,0.137,0.241,0.188,0.162,90.4,27.4,33.3,6.7,46.7,74.7,25.3,45.2,51.9,90.0,53.3,26.7,20.0,46.7,26.7,0.333
"Jones, Greg",675659,2025,2,,,0.0,0.0,0.0,0.0,0.0,0.0,0.0,0.0,0.0,,,,,,100.0,25.0,66.7,66.7,,,,,,,0.0
"Trout, Mike",545361,2025,556,,,0.232,0.359,0.439,0.798,0.207,0.236,0.474,0.358,0.343,90.9,17.5,44.4,15.8,49.3,55.9,20.7,29.9,38.8,66.5,37.7,28.2,34.2,30.3,28.2,0.31
"McKinney, Billy",641856,2025,21,,,0.2,0.238,0.25,0.488,0.05,0.311,0.455,0.346,0.219,87.0,16.0,42.1,0.0,26.3,70.2,23.1,23.8,48.8,66.7,31.6,36.8,36.8,31.6,26.3,0.211
"Walton, Donovan",622268,2025,9,,,0.125,0.125,0.125,0.25,0.0,0.29,0.338,0.274,0.11,92.6,-4.0,12.5,0.0,37.5,76.5,20.0,6.7,55.6,100.0,12.5,12.5,75.0,12.5,12.5,0.143
"Jensen, Carter",695600,2025,69,,,0.3,0.391,0.55,0.941,0.25,0.331,0.628,0.443,0.403,95.4,7.3,41.7,20.8,58.3,75.5,24.0,24.6,48.5,79.2,41.7,22.9,45.8,16.7,33.3,0.333
"Solano, Donovan",456781,2025,179,,,0.247,0.291,0.337,0.628,0.09,0.223,0.32,0.259,0.277,87.4,12.7,35.9,3.9,37.5,66.0,36.3,26.4,51.7,69.0,34.4,30.5,46.1,20.3,26.6,0.304
"Stott, Bryson",681082,2025,560,,,0.257,0.328,0.391,0.719,0.134,0.247,0.393,0.313,0.315,87.6,14.9,36.0,5.1,29.5,55.6,23.3,16.7,40.4,54.0,29.2,30.4,41.1,29.2,23.7,0.288
"Bryant, Kris",592178,2025,41,,,0.154,0.195,0.205,0.4,0.051,0.159,0.301,0.217,0.181,90.8,13.0,46.2,7.7,34.6,74.1,25.6,35.7,50.3,100.0,42.3,19.2,38.5,30.8,30.8,0.231
"Stevenson, Cal",670276,2025,8,,,0.25,0.25,0.25,0.5,0.0,0.149,0.214,0.152,0.221,86.8,11.1,50.0,0.0,16.7,55.6,28.6,16.7,48.0,100.0,16.7,50.0,50.0,33.3,16.7,0.333
"Miller, Owen",680911,2025,17,,,0.143,0.294,0.143,0.437,0.0,0.176,0.187,0.264,0.228,76.7,-1.5,10.0,0.0,20.0,62.9,30.3,12.5,47.1,100.0,40.0,10.0,70.0,20.0,10.0,0.2
"Castro, Willi",650489,2025,454,,,0.226,0.313,0.366,0.679,0.14,0.234,0.368,0.306,0.302,86.7,11.2,36.6,6.5,37.3,72.0,31.9,28.2,52.4,82.6,37.7,26.0,41.1,26.7,26.4,0.286
"Domínguez, Jasson",691176,2025,429,,,0.257,0.331,0.388,0.719,0.131,0.237,0.37,0.306,0.316,90.6,13.0,28.9,7.0,49.6,72.8,30.9,27.2,50.4,76.9,35.9,27.0,45.2,27.0,20.7,0.338
"Williams, Luke",663897,2025,34,,,0.129,0.176,0.194,0.37,0.065,0.185,0.228,0.23,0.167,86.9,13.4,30.4,4.3,27.3,68.3,29.5,27.1,52.7,100.0,43.5,21.7,43.5,13.0,30.4,0.174
"Hiura, Keston",669374,2025,21,,,0.222,0.333,0.278,0.611,0.056,0.161,0.209,0.242,0.289,81.1,21.5,36.4,0.0,18.2,73.7,35.1,31.7,54.7,100.0,45.5,27.3,27.3,18.2,36.4,0.364
"Teel, Kyle",691019,2025,297,,,0.273,0.375,0.411,0.786,0.138,0.237,0.416,0.337,0.349,88.3,14.4,47.8,9.6,37.6,65.7,23.6,29.1,44.6,75.5,40.4,24.2,37.1,29.8,29.2,0.361
"Hampson, Garrett",641658,2025,91,,,0.143,0.25,0.169,0.419,0.026,0.15,0.194,0.217,0.205,84.3,22.5,25.5,2.0,19.6,53.4,23.1,22.5,39.6,65.4,33.3,27.5,41.2,27.5,17.6,0.229
"Muncy, Max",691777,2025,220,,,0.214,0.259,0.379,0.638,0.165,0.203,0.353,0.267,0.277,87.1,9.3,33.8,10.1,32.4,68.1,31.2,32.6,50.2,81.3,42.4,21.6,45.3,22.3,22.3,0.269
"Ogasawara, Shinnosuke",829272,2025,1,,,0.0,0.0,0.0,0.0,0.0,0.0,0.0,0.0,0.0,,,,,,0.0,,,0.0,0.0,,,,,,0.0
"Ornelas, Tirso",672359,2025,16,,,0.071,0.188,0.071,0.259,0.0,0.17,0.369,0.285,0.142,90.5,17.7,16.7,8.3,41.7,62.5,26.7,14.3,45.2,80.0,25.0,16.7,41.7,33.3,8.3,0.083
"Harris II, Michael",671739,2025,641,,,0.249,0.268,0.409,0.677,0.16,0.268,0.438,0.315,0.289,90.2,7.4,29.6,9.1,43.4,71.3,43.1,24.4,57.0,73.5,35.8,23.9,50.6,21.3,22.3,0.281
"Abreu, Wilyer",677800,2025,417,,,0.247,0.317,0.469,0.786,0.222,0.243,0.475,0.335,0.334,90.8,23.0,31.9,12.3,44.9,73.6,29.0,24.0,52.1,80.2,43.5,25.0,31.5,39.9,18.1,0.277
"Manzardo, Kyle",700932,2025,531,,,0.234,0.313,0.455,0.768,0.221,0.224,0.443,0.322,0.329,90.3,21.3,37.1,11.8,43.8,67.0,27.4,27.7,48.4,70.2,39.7,25.9,30.3,35.3,24.4,0.265
"Smith, Dominic",642086,2025,225,,,0.284,0.333,0.417,0.75,0.133,0.252,0.398,0.306,0.325,87.7,15.1,39.2,4.2,35.5,66.6,32.6,22.2,49.4,66.7,39.8,19.3,42.2,27.7,25.3,0.329
"Walker, Christian",572233,2025,640,,,0.238,0.297,0.421,0.718,0.183,0.233,0.435,0.314,0.31,90.9,16.9,34.5,12.9,46.1,75.8,28.1,30.5,52.2,84.2,42.2,22.6,37.4,29.4,24.3,0.291
"Polanco, Jorge",593871,2025,524,,,0.265,0.326,0.495,0.821,0.23,0.266,0.464,0.343,0.35,90.8,16.7,34.3,10.3,45.8,66.9,26.9,23.3,46.3,76.0,48.4,20.4,38.0,28.7,22.7,0.269
"Schneemann, Daniel",682177,2025,422,,,0.206,0.283,0.354,0.637,0.148,0.215,0.387,0.297,0.28,88.9,10.9,32.6,11.4,41.7,64.7,25.8,29.6,45.4,85.0,42.8,22.7,47.0,26.5,20.5,0.263
"Fairchild, Stuart",656413,2025,55,,,0.216,0.273,0.333,0.606,0.117,0.194,0.354,0.264,0.266,88.1,24.4,22.2,13.9,36.1,76.6,19.0,30.7,51.8,94.4,41.7,30.6,38.9,33.3,11.1,0.306
"DeJong, Paul",657557,2025,208,,,0.228,0.269,0.373,0.642,0.145,0.194,0.351,0.259,0.278,88.1,22.7,37.3,10.3,39.7,76.2,36.9,33.2,57.2,92.3,40.5,17.5,29.4,34.1,25.4,0.317
"Nola, Austin",543592,2025,41,,,0.184,0.225,0.211,0.436,0.027,0.26,0.32,0.275,0.198,87.5,11.0,35.3,0.0,44.1,68.6,22.6,16.4,49.3,90.0,32.4,29.4,41.2,14.7,38.2,0.212
"Alfaro, Jorge",595751,2025,39,,,0.256,0.256,0.308,0.564,0.052,0.241,0.33,0.247,0.245,86.8,12.4,40.0,8.0,44.0,83.8,53.2,34.7,69.9,81.8,36.0,36.0,44.0,24.0,28.0,0.4
"Vavra, Terrin",679631,2025,1,,,0.0,0.0,0.0,0.0,0.0,0.658,0.729,0.6,0.0,100.6,8.2,100.0,0.0,100.0,100.0,50.0,0.0,75.0,,0.0,0.0,0.0,0.0,100.0,0.0
"Whitcomb, Shay",694376,2025,32,,,0.125,0.125,0.219,0.344,0.094,0.178,0.288,0.198,0.146,84.5,11.4,27.3,4.5,18.2,69.0,29.9,33.3,50.0,84.2,68.2,18.2,50.0,18.2,18.2,0.143
"Harris, Dustin",687957,2025,43,,,0.2,0.256,0.35,0.606,0.15,0.186,0.275,0.231,0.265,86.9,16.1,37.0,3.7,25.9,72.2,32.2,24.5,52.2,73.3,37.0,25.9,40.7,25.9,22.2,0.269
"Anthony, Roman",701350,2025,303,,,0.292,0.396,0.463,0.859,0.171,0.258,0.484,0.372,0.376,94.5,6.9,37.4,15.5,60.3,55.9,20.0,29.8,37.4,51.6,37.9,19.5,50.6,23.0,24.1,0.404
"DeLuca, Jonny",676356,2025,59,,,0.333,0.356,0.456,0.812,0.123,0.252,0.329,0.267,0.35,85.6,10.3,31.8,2.3,31.8,65.1,37.3,23.9,50.4,52.6,47.7,11.4,45.5,25.0,22.7,0.432
"Julks, Corey",667452,2025,13,,,0.25,0.231,0.417,0.648,0.167,0.103,0.211,0.162,0.26,85.5,10.9,50.0,0.0,20.0,65.5,28.6,28.0,50.0,85.7,30.0,30.0,30.0,70.0,0.0,0.3
"Amaya, Miguel",665804,2025,103,,,0.281,0.314,0.5,0.814,0.219,0.244,0.393,0.295,0.346,86.4,18.6,38.2,6.6,32.9,71.4,36.8,26.0,54.0,75.0,51.3,13.2,36.8,31.6,23.7,0.324
"Hinds, Rece",677956,2025,44,,,0.116,0.136,0.279,0.415,0.163,0.177,0.399,0.25,0.177,92.5,4.0,31.8,18.2,50.0,73.3,39.6,52.7,54.4,85.7,63.6,9.1,63.6,22.7,9.1,0.15
"Alonso, Pete",624413,2025,709,,,0.272,0.347,0.524,0.871,0.252,0.274,0.572,0.386,0.368,93.5,15.4,38.4,18.9,54.4,65.7,27.4,25.6,46.3,76.2,39.3,29.1,37.8,29.9,25.5,0.305
"Toglia, Michael",669911,2025,337,,,0.19,0.258,0.353,0.611,0.163,0.199,0.351,0.271,0.265,89.9,17.7,38.1,10.2,43.2,67.4,30.8,37.3,48.9,76.3,43.8,23.3,36.4,28.4,29.5,0.285
"Melendez, MJ",669004,2025,65,,,0.083,0.154,0.167,0.321,0.084,0.137,0.261,0.208,0.151,90.9,25.0,21.6,8.1,45.9,64.5,32.8,41.0,47.8,70.0,62.2,10.8,32.4,40.5,13.5,0.111
"Ramírez, José",608070,2025,673,,,0.283,0.36,0.503,0.863,0.22,0.284,0.446,0.342,0.359,88.9,19.2,36.4,7.0,37.0,66.0,29.0,14.9,46.8,73.9,51.6,18.3,33.3,29.9,25.5,0.279
"Isbel, Kyle",664728,2025,409,,,0.255,0.301,0.353,0.654,0.098,0.22,0.29,0.251,0.287,87.8,8.7,26.5,1.6,36.1,61.9,28.6,18.2,46.5,71.2,36.1,22.9,52.3,17.4,21.3,0.307
"Mauricio, Ronny",677595,2025,184,,,0.226,0.293,0.369,0.662,0.143,0.218,0.366,0.286,0.29,91.2,12.7,28.1,8.8,43.0,66.7,39.9,33.9,52.5,75.0,47.4,23.7,45.6,22.8,21.1,0.296
"Barnes, Austin",605131,2025,44,,,0.214,0.233,0.286,0.519,0.072,0.227,0.303,0.24,0.227,80.9,4.2,34.5,3.4,20.7,54.8,26.8,28.6,42.7,88.9,37.9,20.7,48.3,13.8,31.0,0.321
"Mesa Jr., Victor",683748,2025,38,,,0.188,0.297,0.344,0.641,0.156,0.229,0.418,0.331,0.288,91.1,14.1,32.1,7.1,42.9,75.8,33.3,21.3,53.2,75.0,46.4,32.1,35.7,39.3,25.0,0.192
"Arraez, Luis",650333,2025,675,,,0.292,0.327,0.392,0.719,0.1,0.287,0.363,0.303,0.313,86.1,12.2,37.1,1.1,16.7,62.7,34.1,5.3,49.4,69.1,29.4,38.2,45.1,22.5,28.0,0.289
"Trejo, Alan",676701,2025,43,,,0.175,0.19,0.225,0.415,0.05,0.206,0.351,0.244,0.181,87.9,16.1,17.1,8.6,28.6,76.5,33.3,22.1,58.1,92.9,40.0,22.9,42.9,45.7,11.4,0.206
"Nelson, Ryne",669194,2025,1,,,1.0,1.0,1.0,2.0,0.0,0.124,0.141,0.118,0.882,89.8,-16.7,0.0,0.0,0.0,0.0,33.3,0.0,25.0,,0.0,0.0,100.0,0.0,0.0,1.0
"Gorski, Matt",685301,2025,42,,,0.195,0.214,0.39,0.604,0.195,0.194,0.379,0.253,0.256,85.3,8.4,32.0,12.0,32.0,56.8,43.0,38.9,49.7,62.5,36.0,24.0,44.0,28.0,20.0,0.261
"Soderstrom, Tyler",691016,2025,624,,,0.276,0.346,0.474,0.82,0.198,0.261,0.457,0.341,0.354,91.6,7.9,34.4,11.4,49.8,68.3,28.9,25.4,48.9,81.1,33.2,28.4,48.3,23.5,24.6,0.327
"Straw, Myles",664702,2025,299,,,0.262,0.313,0.367,0.68,0.105,0.252,0.365,0.295,0.299,87.2,14.8,36.2,3.9,27.1,62.4,27.5,17.3,47.0,70.7,32.3,31.4,40.6,26.2,26.6,0.308
"Kelenic, Jarred",672284,2025,65,,,0.167,0.231,0.3,0.531,0.133,0.182,0.384,0.272,0.236,89.1,16.0,21.6,13.5,37.8,71.3,27.0,41.5,50.4,78.9,35.1,18.9,45.9,35.1,5.4,0.229
"Ward, Taylor",621493,2025,663,,,0.228,0.317,0.475,0.792,0.247,0.231,0.45,0.333,0.339,90.1,18.0,34.9,13.7,42.7,53.7,20.7,23.8,37.6,67.3,36.6,27.1,34.4,36.1,21.7,0.257
"O'Hearn, Ryan",656811,2025,544,,,0.281,0.366,0.437,0.803,0.156,0.269,0.429,0.343,0.349,89.4,11.4,38.2,7.6,42.5,66.8,26.8,23.3,46.8,79.9,36.0,26.8,45.0,25.7,24.1,0.33
"Machado, Manny",592518,2025,678,,,0.275,0.335,0.46,0.795,0.185,0.271,0.495,0.355,0.341,92.9,14.3,34.8,12.9,51.5,70.0,29.9,26.1,50.0,81.0,35.6,25.2,38.9,29.2,24.9,0.307
"McLain, Matt",680574,2025,577,,,0.22,0.3,0.343,0.643,0.123,0.212,0.361,0.29,0.286,88.8,16.3,34.0,7.7,40.7,59.9,26.3,28.5,43.2,70.7,32.0,29.7,39.7,30.0,21.4,0.292
"Candelario, Jeimer",600869,2025,91,,,0.113,0.198,0.212,0.41,0.099,0.126,0.247,0.213,0.189,87.3,11.4,20.8,7.5,28.3,69.7,30.0,32.3,49.6,55.6,56.6,22.6,50.9,28.3,15.1,0.137
"Edwards, Xavier",669364,2025,619,,,0.283,0.343,0.353,0.696,0.07,0.262,0.332,0.295,0.308,86.8,8.2,33.6,0.8,29.4,69.1,26.8,12.2,49.0,86.8,28.8,30.5,49.3,20.3,26.3,0.33
"Guillorme, Luis",641645,2025,21,,,0.15,0.19,0.15,0.34,0.0,0.244,0.272,0.25,0.159,88.1,5.2,33.3,0.0,25.0,63.0,25.7,28.9,46.9,77.8,50.0,8.3,66.7,0.0,25.0,0.25
"McMahon, Ryan",641857,2025,586,,,0.214,0.312,0.381,0.693,0.167,0.219,0.419,0.322,0.306,93.3,13.9,35.3,12.1,50.5,64.7,25.0,35.2,45.4,74.7,41.2,19.5,43.3,30.7,22.9,0.294
"Vientos, Mark",668901,2025,463,,,0.233,0.289,0.413,0.702,0.18,0.246,0.432,0.32,0.303,91.4,11.5,33.5,11.5,50.5,70.8,32.8,32.5,51.9,84.7,37.7,23.3,41.5,27.2,24.9,0.277
"Palacios, Richie",680700,2025,48,,,0.333,0.396,0.452,0.848,0.119,0.315,0.443,0.36,0.369,89.9,10.6,41.2,5.9,44.1,63.1,20.7,24.1,43.7,84.6,32.4,17.6,41.2,23.5,32.4,0.394
"Iglesias, Jose",578428,2025,343,,,0.229,0.298,0.294,0.592,0.065,0.24,0.313,0.281,0.268,84.0,3.9,27.0,2.0,28.5,55.3,34.0,17.8,45.0,54.4,26.6,33.6,59.4,15.2,20.3,0.269
"Kieboom, Carter",666198,2025,8,,,0.25,0.25,0.25,0.5,0.0,0.244,0.302,0.243,0.221,80.7,13.1,14.3,0.0,28.6,82.4,37.5,20.0,60.6,100.0,0.0,28.6,42.9,42.9,14.3,0.286
"Harris, Brett",695391,2025,84,,,0.274,0.349,0.342,0.691,0.068,0.235,0.306,0.288,0.311,83.3,9.5,27.8,3.7,27.8,64.7,22.7,24.8,44.3,85.0,55.6,22.2,51.9,27.8,16.7,0.377
"Urshela, Gio",570482,2025,197,,,0.238,0.287,0.326,0.613,0.088,0.251,0.349,0.286,0.271,86.9,10.6,41.7,2.1,34.0,73.0,39.5,30.1,55.6,85.7,33.3,22.9,47.9,18.1,28.5,0.303
"Kwan, Steven",680757,2025,693,,,0.272,0.33,0.374,0.704,0.102,0.273,0.366,0.31,0.31,86.2,15.6,39.7,1.9,19.3,58.8,22.7,8.7,41.9,68.8,29.7,31.5,39.1,26.1,29.0,0.283
"Millas, Drew",686452,2025,55,,,0.306,0.358,0.449,0.807,0.143,0.279,0.352,0.305,0.35,84.8,8.5,32.6,2.3,23.3,70.1,17.4,19.4,46.9,76.5,37.2,27.9,48.8,16.3,30.2,0.357
"Witt Jr., Bobby",677951,2025,687,,,0.295,0.351,0.501,0.852,0.206,0.285,0.508,0.365,0.36,93.3,15.2,35.4,12.5,48.5,71.5,30.7,23.9,51.1,84.9,32.9,29.3,37.4,27.9,26.1,0.334
"Martínez, Angel",682657,2025,484,,,0.224,0.269,0.359,0.628,0.135,0.215,0.313,0.255,0.274,87.1,18.4,32.2,3.5,29.3,69.2,39.8,21.4,54.4,80.9,46.7,18.6,38.6,29.6,23.5,0.271
"Mead, Curtis",678554,2025,264,,,0.233,0.299,0.321,0.62,0.088,0.232,0.35,0.289,0.278,87.5,17.1,33.7,4.5,34.8,67.3,27.8,21.1,48.0,75.0,34.3,30.9,37.6,30.3,23.6,0.303
"Wade, Tyler",642180,2025,127,,,0.206,0.309,0.252,0.561,0.046,0.185,0.226,0.247,0.262,82.6,8.3,28.7,0.0,15.0,60.0,26.6,26.7,43.8,81.8,32.5,33.8,55.0,20.0,21.3,0.289
"Ritter, Ryan",690022,2025,207,,,0.241,0.296,0.337,0.633,0.096,0.211,0.276,0.248,0.28,85.2,7.4,30.5,1.5,30.5,72.3,33.4,35.4,54.1,80.3,42.7,26.0,51.1,18.3,27.5,0.349
"Narváez, Carlos",665966,2025,446,,,0.241,0.306,0.419,0.725,0.178,0.22,0.381,0.293,0.315,91.1,13.2,30.4,9.1,44.6,67.3,29.6,27.7,48.9,73.8,35.8,29.4,44.9,28.0,20.6,0.294
"Happ, Ian",664023,2025,663,,,0.243,0.342,0.42,0.762,0.177,0.256,0.457,0.354,0.333,90.0,16.1,35.7,10.4,44.4,63.5,20.8,24.6,43.5,83.5,40.9,25.3,36.6,29.1,26.0,0.287
"Maldonado, Martín",455117,2025,161,,,0.204,0.245,0.327,0.572,0.123,0.192,0.344,0.251,0.251,86.0,16.1,30.2,9.4,28.1,56.5,31.6,38.4,45.3,61.1,47.9,20.8,42.7,24.0,19.8,0.302
"Duran, Ezequiel",677649,2025,219,,,0.224,0.266,0.293,0.559,0.069,0.214,0.295,0.247,0.249,85.3,15.2,30.3,2.6,30.9,70.7,37.4,24.4,54.3,79.3,31.6,31.6,40.8,17.8,25.0,0.305
"Westburg, Jordan",676059,2025,352,,,0.265,0.313,0.457,0.77,0.192,0.253,0.46,0.327,0.332,90.2,14.1,30.1,11.2,43.4,72.7,26.5,29.4,50.2,80.3,35.3,24.1,43.4,30.5,18.5,0.302
"Muncy, Max",571970,2025,388,,,0.243,0.376,0.47,0.846,0.227,0.238,0.497,0.374,0.366,91.3,19.6,37.4,13.6,51.5,65.4,20.0,23.5,42.4,79.0,51.5,16.2,31.5,40.9,23.0,0.264
"Chourio, Jackson",694192,2025,589,,,0.27,0.308,0.463,0.771,0.193,0.247,0.426,0.307,0.328,89.3,10.6,34.0,9.7,42.3,70.4,36.9,26.0,53.4,79.6,34.3,27.4,42.8,25.7,24.1,0.308
"Barger, Addison",680718,2025,502,,,0.243,0.301,0.454,0.755,0.211,0.255,0.462,0.331,0.322,91.7,11.9,35.5,11.4,51.0,66.4,31.1,26.1,49.2,75.9,43.7,22.6,42.5,22.9,24.9,0.284
"Olson, Matt",621566,2025,724,,,0.272,0.366,0.484,0.85,0.212,0.249,0.492,0.36,0.366,93.3,14.8,37.1,14.3,53.3,66.5,24.9,26.2,45.3,75.3,36.6,28.5,39.7,28.3,24.7,0.333
"Massey, Michael",686681,2025,277,,,0.244,0.268,0.313,0.581,0.069,0.238,0.346,0.265,0.254,87.5,22.2,35.7,4.0,33.0,69.5,37.6,18.5,54.0,72.6,46.0,25.0,31.3,30.8,25.4,0.277
"Seymour, Bob",676044,2025,83,,,0.205,0.253,0.282,0.535,0.077,0.2,0.279,0.236,0.239,89.5,11.9,23.9,0.0,47.8,74.4,41.4,36.7,56.3,89.5,41.3,23.9,50.0,17.4,23.9,0.333
"Springer, George",543807,2025,586,,,0.309,0.399,0.56,0.959,0.251,0.291,0.571,0.404,0.408,90.0,17.2,41.2,16.1,47.6,71.1,20.4,26.1,46.2,86.7,39.9,23.5,37.9,28.4,25.6,0.34
"Bauers, Jake",641343,2025,218,,,0.235,0.353,0.399,0.752,0.164,0.237,0.46,0.356,0.333,91.7,16.6,36.0,13.6,45.6,65.7,20.4,26.4,43.1,84.8,36.0,24.0,35.2,30.4,26.4,0.305
"Hicklen, Brewer",676551,2025,4,,,0.667,0.75,0.667,1.417,0.0,0.167,0.402,0.349,0.614,88.9,-6.7,50.0,50.0,50.0,87.5,20.0,44.4,50.0,100.0,0.0,0.0,50.0,0.0,50.0,1.0
"Encarnacion-Strand, Christian",687952,2025,137,,,0.208,0.234,0.377,0.611,0.169,0.207,0.408,0.275,0.261,87.9,21.0,29.0,9.0,44.0,66.2,46.6,25.8,56.3,80.0,47.0,21.0,39.0,30.0,18.0,0.223
"Prieto, César",693409,2025,6,,,0.167,0.167,0.167,0.334,0.0,0.0,0.0,0.0,0.147,,,0.0,0.0,0.0,55.6,68.8,50.0,64.0,,100.0,0.0,100.0,0.0,0.0,1.0
"Peguero, Liover",678894,2025,88,,,0.2,0.273,0.362,0.635,0.162,0.177,0.295,0.246,0.281,85.7,6.5,21.8,9.1,32.7,59.8,21.2,33.6,41.0,65.6,43.6,18.2,56.4,29.1,7.3,0.235
"Suárez, Eugenio",553993,2025,657,,,0.228,0.298,0.526,0.824,0.298,0.211,0.463,0.32,0.347,90.2,21.9,32.8,14.3,47.6,69.4,31.1,33.3,50.4,76.0,47.4,17.8,32.1,40.9,18.5,0.243
"Shaw, Matt",807713,2025,437,,,0.226,0.295,0.394,0.689,0.168,0.237,0.375,0.302,0.3,84.9,13.4,35.3,6.9,29.4,63.4,30.6,22.5,48.0,69.9,40.9,26.7,39.6,25.7,25.4,0.262
"McCann, James",543510,2025,137,,,0.26,0.324,0.431,0.755,0.171,0.239,0.408,0.313,0.328,92.3,8.3,30.4,7.6,52.2,67.6,32.7,30.2,49.7,76.6,32.6,27.2,48.9,26.1,21.7,0.314
"Bregman, Alex",608324,2025,495,,,0.273,0.36,0.462,0.822,0.189,0.254,0.427,0.337,0.356,90.1,17.7,32.9,6.6,44.4,59.5,19.8,15.0,40.6,64.1,46.3,17.5,38.9,26.6,23.3,0.288
"Stanton, Giancarlo",519317,2025,281,,,0.273,0.35,0.594,0.944,0.321,0.235,0.52,0.354,0.395,94.4,17.5,35.7,22.1,55.2,58.1,25.3,37.4,41.4,59.0,43.5,27.9,35.1,31.2,22.7,0.338
"Handley, Maverick",668974,2025,47,,,0.073,0.133,0.073,0.206,0.0,0.127,0.194,0.177,0.106,83.5,4.1,26.9,0.0,34.6,69.7,25.7,35.8,51.9,94.1,38.5,19.2,57.7,23.1,15.4,0.125
"Bernabel, Warming",682653,2025,146,,,0.252,0.288,0.41,0.698,0.158,0.247,0.337,0.273,0.301,85.4,13.2,34.2,2.6,32.5,72.9,39.6,20.8,55.4,78.8,42.1,21.1,42.1,23.7,24.6,0.282
"Stevens, Chad",677060,2025,14,,,0.154,0.154,0.154,0.308,0.0,0.184,0.197,0.169,0.136,82.2,5.0,28.6,0.0,14.3,80.8,31.0,26.7,54.5,75.0,57.1,0.0,85.7,14.3,0.0,0.333
"Alvarez, Francisco",682626,2025,277,,,0.256,0.339,0.447,0.786,0.191,0.229,0.437,0.326,0.343,93.1,9.6,32.4,12.1,54.3,66.3,27.8,34.6,45.8,83.5,31.8,30.6,49.7,23.7,21.4,0.321
"Nimmo, Brandon",607043,2025,652,,,0.262,0.324,0.436,0.76,0.174,0.252,0.419,0.321,0.329,91.9,11.2,29.7,8.8,50.2,66.3,24.2,23.8,47.2,75.7,35.2,29.3,46.0,23.6,23.1,0.301
"Kirk, Alejandro",672386,2025,506,,,0.282,0.348,0.421,0.769,0.139,0.278,0.48,0.359,0.334,91.1,11.9,34.4,10.1,50.8,65.9,29.0,18.5,47.2,79.4,28.1,30.4,44.2,25.4,24.1,0.292
"Albies, Ozzie",645277,2025,667,,,0.24,0.306,0.365,0.671,0.125,0.243,0.366,0.299,0.295,87.5,18.7,33.5,4.9,30.7,77.9,33.5,20.8,54.1,87.9,48.8,17.5,37.2,28.4,23.5,0.259
"Rojas, Johan",679032,2025,172,,,0.224,0.28,0.289,0.569,0.065,0.227,0.298,0.265,0.254,87.9,7.4,27.7,3.4,35.3,67.1,38.1,24.7,52.5,80.0,24.4,29.4,55.5,18.5,20.2,0.289
"Moniak, Mickey",666160,2025,461,,,0.27,0.306,0.518,0.824,0.248,0.262,0.497,0.337,0.348,89.7,17.4,37.6,13.8,45.3,74.8,38.0,28.2,56.5,86.5,44.0,22.6,33.6,36.7,26.0,0.307
"Anderson, Tim",641313,2025,90,,,0.205,0.258,0.241,0.499,0.036,0.183,0.243,0.219,0.229,88.6,0.7,20.0,0.0,36.4,72.0,36.5,31.9,56.1,85.7,34.5,25.5,61.8,21.8,16.4,0.315
"Carter, Evan",694497,2025,220,,,0.247,0.336,0.392,0.728,0.145,0.241,0.36,0.308,0.321,86.7,13.7,34.0,5.9,34.6,65.7,20.0,25.5,44.3,74.0,37.3,22.2,38.6,23.5,28.1,0.291
"Soto, Juan",665742,2025,715,,,0.263,0.396,0.525,0.921,0.262,0.288,0.608,0.429,0.39,93.8,12.0,32.9,18.1,55.3,55.6,15.9,22.4,35.5,71.0,38.9,20.8,45.2,27.5,20.8,0.27
"Roden, Alan",702176,2025,153,,,0.191,0.261,0.294,0.555,0.103,0.176,0.242,0.227,0.249,86.4,2.3,20.6,2.0,30.4,61.6,32.4,23.8,47.2,60.0,39.2,21.6,58.8,17.6,14.7,0.24
"Rodríguez, Julio",677594,2025,710,,,0.267,0.324,0.474,0.798,0.207,0.274,0.483,0.348,0.341,91.8,8.5,31.5,9.8,48.0,75.2,35.9,28.2,55.4,80.2,35.9,23.3,48.2,25.7,21.1,0.302
"Urías, Ramón",602104,2025,391,,,0.241,0.292,0.384,0.676,0.143,0.227,0.375,0.289,0.292,89.2,13.2,33.6,8.0,41.8,70.0,27.6,26.2,49.1,80.4,44.9,21.5,41.6,25.5,24.1,0.281
"Heim, Jonah",641680,2025,433,,,0.213,0.271,0.332,0.603,0.119,0.219,0.346,0.276,0.266,88.1,14.5,33.3,6.1,35.9,68.1,30.0,24.2,49.7,73.5,40.7,22.1,41.3,27.2,22.4,0.243
"Mervis, Matt",670223,2025,134,,,0.175,0.254,0.383,0.637,0.208,0.145,0.266,0.223,0.274,88.3,22.3,26.8,8.5,38.0,74.2,35.3,39.9,54.7,92.3,49.3,18.3,36.6,35.2,14.1,0.219
"Taylor, Michael A.",572191,2025,325,,,0.2,0.259,0.366,0.625,0.166,0.186,0.38,0.271,0.27,90.8,17.9,37.2,10.5,42.9,70.5,30.7,37.7,51.3,88.4,41.4,27.7,37.7,31.9,22.0,0.281
"Adames, Willy",642715,2025,686,,,0.225,0.318,0.421,0.739,0.196,0.224,0.435,0.327,0.321,88.9,21.1,35.6,12.6,42.8,67.9,26.7,29.2,46.7,77.6,44.2,24.0,31.8,36.3,22.3,0.263
"Fraley, Jake",641584,2025,217,,,0.241,0.332,0.382,0.714,0.141,0.248,0.369,0.315,0.316,85.2,17.8,39.4,4.9,34.5,69.0,26.5,24.2,47.0,78.0,50.0,21.8,34.5,26.1,30.3,0.294
"Norby, Connor",681393,2025,337,,,0.251,0.3,0.389,0.689,0.138,0.241,0.417,0.307,0.3,88.3,15.9,42.0,9.4,37.1,76.1,32.2,29.3,54.2,88.0,44.2,25.4,38.8,30.8,25.4,0.324
"McCusker, Carson",676812,2025,30,,,0.172,0.2,0.172,0.372,0.0,0.179,0.289,0.218,0.17,78.0,11.5,15.4,7.7,30.8,60.7,34.7,51.7,45.8,75.0,46.2,38.5,38.5,38.5,15.4,0.385
"Pereda, Jhonny",640902,2025,78,,,0.246,0.325,0.333,0.658,0.087,0.194,0.28,0.254,0.295,89.1,6.6,26.5,4.1,44.9,62.9,20.2,30.0,42.0,70.0,32.7,26.5,59.2,12.2,20.4,0.354
"Paris, Kyren",677347,2025,140,,,0.19,0.266,0.381,0.647,0.191,0.173,0.348,0.265,0.283,88.9,17.8,34.3,16.4,47.8,68.6,30.1,45.7,49.2,79.1,44.8,31.3,37.3,40.3,17.9,0.295
"Jung, Jace",690291,2025,55,,,0.106,0.236,0.106,0.342,0.0,0.162,0.217,0.241,0.181,88.3,13.3,29.0,3.2,38.7,66.1,26.9,23.6,47.7,65.0,32.3,19.4,48.4,12.9,22.6,0.161
"Diaz, Yainer",673237,2025,567,,,0.256,0.284,0.417,0.701,0.161,0.268,0.465,0.326,0.3,89.9,10.2,34.9,9.6,42.2,78.3,44.3,23.4,59.5,82.5,36.7,23.1,46.0,23.3,24.9,0.277
"Devers, Rafael",646240,2025,729,,,0.252,0.372,0.479,0.851,0.227,0.244,0.487,0.367,0.365,93.5,12.6,34.6,16.0,56.1,70.1,25.6,31.6,47.2,79.4,35.8,26.3,42.7,30.1,22.9,0.307
"Neto, Zach",687263,2025,554,,,0.257,0.319,0.474,0.793,0.217,0.251,0.495,0.344,0.337,91.0,17.5,38.0,14.0,46.6,69.5,30.1,29.1,48.6,74.3,45.8,20.9,36.3,31.6,24.6,0.312
"Slater, Austin",596103,2025,160,,,0.216,0.27,0.372,0.642,0.156,0.247,0.476,0.332,0.28,92.0,7.7,41.8,14.3,48.0,70.0,28.3,27.1,49.8,79.1,42.9,16.3,48.0,27.6,24.5,0.293
"Bruján, Vidal",660644,2025,95,,,0.253,0.305,0.31,0.615,0.057,0.224,0.32,0.266,0.275,88.2,7.5,35.8,0.0,37.3,76.1,27.3,23.4,53.3,100.0,34.3,25.4,46.3,20.9,26.9,0.328
"Gray, Tristan",656484,2025,86,,,0.231,0.282,0.41,0.692,0.179,0.257,0.473,0.349,0.298,91.4,18.5,42.6,13.1,44.3,76.1,27.6,31.9,52.7,82.1,44.3,13.1,31.1,27.9,31.1,0.263
"Marte, Noelvi",682622,2025,360,,,0.263,0.3,0.448,0.748,0.185,0.245,0.418,0.304,0.321,88.5,12.7,32.0,9.0,36.3,70.6,33.0,27.1,51.8,75.6,44.5,23.4,45.7,25.4,21.5,0.31
"Thomas, Rhylan",689041,2025,10,,,0.125,0.2,0.25,0.45,0.125,0.144,0.162,0.179,0.194,83.7,14.5,11.1,0.0,33.3,88.2,29.4,5.0,58.8,100.0,33.3,44.4,55.6,44.4,0.0,0.111
"Chaparro, Andrés",665953,2025,73,,,0.182,0.247,0.258,0.505,0.076,0.182,0.315,0.254,0.228,86.0,16.5,35.6,11.1,37.8,69.5,34.4,32.9,50.7,83.3,46.7,24.4,42.2,20.0,22.2,0.25
"Meidroth, Chase",805367,2025,505,,,0.253,0.329,0.32,0.649,0.067,0.254,0.333,0.3,0.294,88.2,6.7,26.2,1.6,36.1,52.8,22.4,13.0,38.6,53.0,33.5,28.3,53.9,18.3,22.0,0.291
"Fletcher, Dominic",666150,2025,34,,,0.219,0.265,0.469,0.734,0.25,0.248,0.37,0.289,0.311,89.1,15.8,23.3,3.3,40.0,71.0,35.3,11.8,52.3,90.9,43.3,23.3,43.3,26.7,20.0,0.207
"Pillar, Kevin",607680,2025,43,,,0.209,0.209,0.256,0.465,0.047,0.209,0.295,0.216,0.202,86.1,14.9,34.3,2.9,20.0,69.9,43.7,19.1,57.8,75.0,42.9,17.1,42.9,25.7,22.9,0.257
"Sabol, Blake",666165,2025,18,,,0.125,0.167,0.188,0.355,0.063,0.151,0.175,0.208,0.157,87.8,4.0,20.0,10.0,40.0,64.3,41.9,31.1,52.9,100.0,30.0,20.0,70.0,20.0,10.0,0.2
"Robinson, Chuckie",642020,2025,2,,,0.0,0.0,0.0,0.0,0.0,0.202,0.202,0.186,0.0,,,0.0,0.0,0.0,100.0,0.0,0.0,75.0,,50.0,0.0,100.0,0.0,0.0,0.0
"De La Cruz, Elly",682829,2025,699,,,0.264,0.336,0.44,0.776,0.176,0.251,0.424,0.322,0.333,91.0,7.6,32.5,10.2,44.2,64.1,28.5,31.7,45.7,75.3,36.5,26.3,51.2,20.9,22.7,0.337
"Wallner, Matt",670242,2025,392,,,0.202,0.311,0.464,0.775,0.262,0.205,0.437,0.327,0.334,91.0,21.1,33.9,13.8,45.5,72.0,28.4,35.5,50.5,89.3,48.7,18.8,34.4,33.5,18.8,0.228
"Gonzalez, Oscar",660757,2025,61,,,0.22,0.246,0.237,0.483,0.017,0.266,0.398,0.298,0.217,89.1,2.5,34.8,6.5,45.7,81.9,52.3,27.1,66.7,100.0,43.5,26.1,52.2,21.7,23.9,0.283
"Fermin, Freddy",666023,2025,347,,,0.251,0.297,0.339,0.636,0.088,0.233,0.336,0.271,0.28,89.1,14.2,28.7,4.2,34.1,73.1,31.2,23.5,53.3,83.5,33.0,28.4,48.3,24.5,19.9,0.301
"Tucker, Kyle",663656,2025,597,,,0.266,0.377,0.464,0.841,0.198,0.27,0.483,0.372,0.363,90.1,17.2,37.5,10.8,40.4,70.8,17.6,20.2,45.2,85.8,45.2,20.9,33.9,32.7,26.7,0.282
"Kingery, Scott",664068,2025,29,,,0.148,0.207,0.185,0.392,0.037,0.155,0.206,0.196,0.182,86.1,9.1,12.5,6.3,31.3,74.6,35.6,40.0,57.7,50.0,37.5,12.5,68.8,25.0,0.0,0.25
"Lewis, Royce",668904,2025,403,,,0.237,0.283,0.388,0.671,0.151,0.24,0.4,0.297,0.292,89.8,16.7,33.2,8.7,40.3,69.4,31.4,26.7,51.0,84.5,45.6,17.8,36.6,32.6,21.5,0.267
"Kemp, Otto",805249,2025,218,,,0.234,0.298,0.411,0.709,0.177,0.231,0.418,0.31,0.308,89.9,11.5,38.6,12.1,44.7,73.2,29.4,34.3,51.3,85.7,43.9,22.7,43.2,32.6,22.7,0.306
"Bleday, JJ",668709,2025,344,,,0.212,0.294,0.404,0.698,0.192,0.197,0.345,0.276,0.302,88.7,20.5,29.5,7.8,38.7,64.2,24.9,29.8,44.7,74.3,47.0,16.1,36.9,31.8,18.9,0.251
"Pages, Andy",681624,2025,624,,,0.272,0.313,0.461,0.774,0.189,0.258,0.428,0.316,0.332,88.6,16.9,38.9,8.4,37.2,70.5,33.2,21.5,53.1,84.2,40.7,25.2,35.4,32.5,27.2,0.308
"Moore, Dylan",664238,2025,243,,,0.201,0.267,0.374,0.641,0.173,0.191,0.326,0.262,0.28,84.8,21.3,34.3,8.6,34.3,69.7,24.8,33.3,48.7,81.8,42.9,22.1,35.0,32.1,20.0,0.256
"Espinal, Santiago",669289,2025,328,,,0.243,0.292,0.282,0.574,0.039,0.229,0.287,0.254,0.259,86.5,15.1,31.3,0.7,25.7,64.7,23.9,14.1,45.2,74.6,38.4,26.5,43.7,23.5,23.9,0.275
"Santana, Carlos",467793,2025,474,,,0.219,0.308,0.325,0.633,0.106,0.216,0.346,0.29,0.284,87.6,16.7,31.1,4.9,37.8,65.9,24.9,24.3,45.0,80.4,48.8,17.1,40.5,26.2,22.0,0.252
"Gonzales, Nick",693304,2025,408,,,0.26,0.299,0.362,0.661,0.102,0.254,0.368,0.291,0.289,88.8,9.1,31.7,4.5,38.8,79.5,31.5,24.7,57.4,88.3,37.5,26.6,46.5,22.8,25.3,0.306
"Julien, Edouard",666397,2025,208,,,0.22,0.309,0.324,0.633,0.104,0.242,0.424,0.329,0.286,89.2,6.1,39.0,12.2,42.3,61.0,19.8,26.1,40.3,78.7,32.5,28.5,50.4,17.9,31.7,0.311
"Halpin, Petey",690984,2025,8,,,0.333,0.5,0.333,0.833,0.0,0.154,0.168,0.279,0.393,72.0,-12.4,0.0,0.0,0.0,61.5,35.0,13.3,45.5,50.0,50.0,25.0,75.0,25.0,0.0,0.5
"Jones, Nolan",666134,2025,403,,,0.211,0.296,0.304,0.6,0.093,0.224,0.373,0.301,0.27,90.8,13.0,35.8,8.5,46.7,63.3,26.8,27.9,46.4,74.1,35.4,26.8,43.1,26.0,25.2,0.292
"Stubbs, Garrett",596117,2025,1,,,0.0,0.0,0.0,0.0,0.0,0.045,0.046,0.044,0.0,67.5,-19.4,0.0,0.0,0.0,100.0,0.0,0.0,75.0,,100.0,0.0,100.0,0.0,0.0,0.0
"Greene, Riley",682985,2025,655,,,0.258,0.313,0.493,0.806,0.235,0.239,0.494,0.335,0.343,89.9,15.0,36.9,17.1,45.5,73.6,31.2,30.9,52.6,85.7,40.8,26.2,40.8,31.7,22.3,0.323
"Workman, Gage",669398,2025,17,,,0.188,0.235,0.25,0.485,0.062,0.248,0.431,0.312,0.218,89.8,18.9,44.4,11.1,33.3,80.8,38.5,54.8,59.6,100.0,33.3,11.1,55.6,33.3,11.1,0.333
"Crow-Armstrong, Pete",691718,2025,647,,,0.247,0.287,0.481,0.768,0.234,0.242,0.475,0.321,0.323,89.5,20.0,33.9,13.0,41.6,81.2,41.7,28.9,60.1,86.2,48.9,20.7,33.5,35.5,21.6,0.276
"Capra, Vinny",681962,2025,105,,,0.125,0.157,0.177,0.334,0.052,0.178,0.256,0.211,0.15,85.9,11.2,26.3,2.6,32.9,58.3,26.1,24.5,44.8,63.6,42.1,23.7,53.9,19.7,18.4,0.153
"Fitzgerald, Tyler",666149,2025,243,,,0.217,0.278,0.327,0.605,0.11,0.192,0.281,0.242,0.269,84.5,17.0,30.5,4.5,27.9,72.0,32.8,31.2,52.6,82.9,40.9,27.9,40.3,30.5,20.8,0.299
"Alexander, CJ",680769,2025,17,,,0.176,0.176,0.176,0.352,0.0,0.188,0.218,0.181,0.156,81.7,24.5,22.2,0.0,11.1,69.4,35.5,44.4,53.7,75.0,77.8,11.1,22.2,22.2,33.3,0.333
"Smith, Pavin",656976,2025,288,,,0.258,0.362,0.434,0.796,0.176,0.215,0.398,0.319,0.348,90.1,12.4,37.0,11.7,46.1,57.3,22.7,31.8,40.6,71.7,40.9,26.0,42.2,24.7,27.9,0.377
"Canzone, Dominic",686527,2025,269,,,0.3,0.358,0.481,0.839,0.181,0.29,0.533,0.376,0.361,92.3,10.5,37.4,14.4,49.7,68.2,36.8,26.4,51.6,75.0,38.5,20.9,43.9,23.5,29.4,0.352
"Conine, Griffin",665052,2025,86,,,0.253,0.314,0.418,0.732,0.165,0.232,0.387,0.299,0.318,90.9,8.0,33.3,14.8,48.1,64.7,22.5,36.1,45.9,81.0,37.0,24.1,48.1,20.4,29.6,0.346
"Hamilton, David",666152,2025,194,,,0.198,0.257,0.333,0.59,0.135,0.209,0.319,0.26,0.26,86.6,14.3,27.8,6.0,27.8,61.0,26.0,22.7,44.5,65.2,39.8,25.6,44.4,26.3,21.8,0.234
"Encarnacion, Jerar",666464,2025,56,,,0.2,0.214,0.364,0.578,0.164,0.256,0.428,0.297,0.247,90.8,4.0,37.5,5.0,45.0,62.9,30.4,34.0,50.8,81.3,47.5,22.5,50.0,20.0,30.0,0.237
"Dunn, Oliver",686554,2025,41,,,0.167,0.205,0.222,0.427,0.055,0.221,0.261,0.235,0.19,87.3,3.8,35.7,0.0,32.1,63.5,15.9,32.3,42.2,66.7,39.3,32.1,57.1,14.3,28.6,0.231
"Yoshida, Masataka",807799,2025,205,,,0.266,0.307,0.388,0.695,0.122,0.27,0.384,0.314,0.302,90.2,5.7,29.2,6.5,44.0,58.5,27.3,15.4,44.5,67.2,47.0,20.8,56.0,16.7,22.0,0.28
"Suwinski, Jack",669261,2025,178,,,0.147,0.281,0.253,0.534,0.106,0.195,0.376,0.31,0.25,88.8,16.7,35.5,11.8,38.7,61.2,16.8,32.1,39.8,82.1,41.9,24.7,34.4,37.6,25.8,0.211
"Freeman, Tyler",671289,2025,428,,,0.281,0.354,0.361,0.715,0.08,0.278,0.367,0.325,0.319,90.1,7.9,30.7,2.1,40.4,65.1,25.8,12.5,46.1,71.2,32.2,30.4,52.1,20.8,25.3,0.317
"Bride, Jonah",681146,2025,125,,,0.17,0.248,0.188,0.436,0.018,0.176,0.236,0.223,0.203,87.3,11.4,28.4,2.7,28.4,44.9,20.5,24.9,33.3,51.2,32.4,33.8,48.6,17.6,18.9,0.257
"Thaiss, Matt",642136,2025,190,,,0.218,0.349,0.288,0.637,0.07,0.197,0.299,0.294,0.298,88.9,14.3,27.7,4.5,42.9,74.1,20.5,28.9,48.2,93.5,41.1,24.1,43.8,24.1,24.1,0.3
"Chisholm Jr., Jazz",665862,2025,531,,,0.242,0.332,0.481,0.813,0.239,0.234,0.481,0.346,0.349,89.0,15.8,32.6,15.0,43.3,68.4,26.5,32.2,47.1,80.5,48.9,18.5,39.5,33.2,17.9,0.282
"Perdomo, Geraldo",672695,2025,720,,,0.29,0.389,0.462,0.851,0.172,0.278,0.424,0.356,0.37,87.6,15.5,36.2,6.2,31.9,57.0,19.2,12.0,39.7,69.9,40.3,26.5,39.8,26.5,25.5,0.303
"Lopez, Otto",672640,2025,594,,,0.246,0.305,0.368,0.673,0.122,0.269,0.434,0.33,0.295,88.5,8.4,32.5,7.1,38.3,62.7,29.5,18.9,46.3,74.5,34.4,25.4,48.6,23.2,23.4,0.264
"Casas, Triston",671213,2025,112,,,0.182,0.277,0.303,0.58,0.121,0.212,0.409,0.304,0.256,87.6,15.1,34.7,9.7,44.4,72.6,23.4,31.1,48.5,83.3,40.3,25.0,38.9,34.7,22.2,0.217
"Knizner, Andrew",668800,2025,88,,,0.221,0.299,0.299,0.598,0.078,0.226,0.309,0.278,0.27,84.2,16.0,23.2,1.4,23.2,56.0,39.7,19.9,48.6,65.2,29.0,33.3,46.4,23.2,18.8,0.239
"Nuñez, Dom",624513,2025,7,,,0.286,0.286,0.286,0.572,0.0,0.047,0.052,0.043,0.252,72.9,-27.2,0.0,0.0,0.0,46.7,23.1,60.0,35.7,,33.3,66.7,100.0,0.0,0.0,0.667
"Moncada, Yoán",660162,2025,289,,,0.234,0.336,0.448,0.784,0.214,0.217,0.421,0.324,0.339,89.8,15.1,37.1,14.3,43.4,65.8,24.4,31.4,44.9,81.3,48.0,21.1,36.6,33.7,24.6,0.282
"Benintendi, Andrew",643217,2025,470,,,0.24,0.307,0.431,0.738,0.191,0.234,0.43,0.32,0.317,88.0,20.1,35.8,11.0,36.9,72.5,29.1,24.5,50.3,82.5,45.9,23.0,33.1,34.3,21.8,0.25
"Loftin, Nick",679845,2025,188,,,0.208,0.278,0.357,0.635,0.149,0.232,0.366,0.294,0.279,88.2,14.0,35.4,6.3,34.0,65.8,25.0,19.0,46.7,83.9,41.7,18.8,39.6,25.7,24.3,0.223
"Cameron, Daz",663662,2025,42,,,0.195,0.214,0.293,0.507,0.098,0.22,0.376,0.263,0.221,91.9,20.4,28.6,7.1,32.1,71.3,29.2,24.4,54.1,84.6,35.7,7.1,32.1,35.7,21.4,0.259
"Taveras, Leody",665750,2025,180,,,0.205,0.226,0.304,0.53,0.099,0.198,0.316,0.232,0.23,88.5,21.2,27.2,6.4,35.2,67.4,34.2,25.2,52.1,74.5,31.2,32.0,36.0,24.8,24.8,0.269
"Ozuna, Marcell",542303,2025,592,,,0.232,0.355,0.4,0.755,0.168,0.239,0.448,0.354,0.334,89.9,14.1,35.1,11.4,44.6,57.9,22.3,25.8,39.4,71.6,42.9,22.9,40.3,32.6,22.3,0.28
"Naylor, Bo",666310,2025,414,,,0.195,0.282,0.379,0.661,0.184,0.201,0.371,0.292,0.289,89.6,21.3,36.8,9.7,38.3,66.5,25.5,22.0,47.1,76.5,43.1,22.7,31.6,32.0,23.4,0.222
"Caglianone, Jac",695506,2025,232,,,0.157,0.237,0.295,0.532,0.138,0.237,0.431,0.321,0.239,89.4,4.1,29.7,12.0,42.4,67.5,38.5,26.8,51.3,64.3,40.5,22.2,50.6,20.3,24.1,0.172
"Raleigh, Cal",663728,2025,705,,,0.247,0.359,0.589,0.948,0.342,0.231,0.547,0.371,0.392,91.3,25.2,35.3,19.5,49.6,75.0,31.8,31.5,51.7,83.2,54.5,19.7,25.8,41.8,19.5,0.248
"Carlson, Dylan",666185,2025,241,,,0.203,0.278,0.336,0.614,0.133,0.214,0.357,0.285,0.273,88.4,16.7,34.8,6.7,30.5,68.7,19.2,22.9,45.2,80.2,40.2,23.2,37.8,32.3,23.8,0.241
"Newman, Kevin",621028,2025,116,,,0.202,0.209,0.272,0.481,0.07,0.211,0.283,0.218,0.209,86.6,9.2,28.3,2.2,29.3,70.0,32.1,17.0,52.4,67.6,32.6,20.7,52.2,21.7,21.7,0.236
"Campero, Gustavo",672569,2025,66,,,0.172,0.273,0.345,0.618,0.173,0.239,0.399,0.325,0.277,85.3,14.2,27.3,6.8,22.7,69.4,29.3,27.6,48.9,88.9,31.8,29.5,43.2,29.5,22.7,0.171
"Morel, Christopher",666624,2025,305,,,0.219,0.289,0.396,0.685,0.177,0.213,0.42,0.304,0.299,91.8,17.0,33.7,14.8,49.7,78.3,31.1,38.9,53.8,89.0,55.6,14.8,39.6,34.9,17.8,0.316
"Clement, Ernie",676391,2025,588,,,0.277,0.313,0.398,0.711,0.121,0.26,0.359,0.289,0.308,86.6,17.9,37.1,2.4,26.0,72.0,36.4,14.5,53.8,76.0,40.1,23.4,34.7,28.6,27.6,0.296
"Valera, George",671655,2025,48,,,0.22,0.333,0.415,0.748,0.195,0.187,0.278,0.272,0.33,91.1,2.2,28.6,3.6,42.9,61.0,22.3,29.8,41.4,66.7,32.1,21.4,50.0,21.4,21.4,0.269
"Cortes, Carlos",666126,2025,99,,,0.309,0.323,0.543,0.866,0.234,0.267,0.443,0.314,0.363,89.8,16.3,36.8,9.2,44.7,68.3,30.6,21.4,51.2,83.3,31.6,19.7,39.5,26.3,27.6,0.347
"Lowe, Josh",666139,2025,435,,,0.22,0.283,0.366,0.649,0.146,0.24,0.37,0.298,0.284,88.6,9.3,34.5,5.9,39.6,71.8,37.0,28.0,54.5,81.3,39.0,26.6,46.6,20.3,27.6,0.273
"Mateo, Jorge",622761,2025,83,,,0.177,0.217,0.266,0.483,0.089,0.167,0.255,0.206,0.214,85.3,9.8,20.4,4.1,36.7,64.7,39.3,31.8,52.4,70.0,32.7,22.4,46.9,28.6,16.3,0.271
"Urías, Luis",649966,2025,330,,,0.23,0.315,0.338,0.653,0.108,0.234,0.346,0.3,0.293,86.2,14.5,30.6,3.7,30.2,59.4,22.9,13.3,42.2,67.5,40.0,21.6,44.1,23.7,20.8,0.245
"Hernández, Teoscar",606192,2025,546,,,0.247,0.284,0.454,0.738,0.207,0.25,0.455,0.323,0.315,90.2,9.9,34.0,11.5,46.1,68.5,30.0,31.9,50.4,77.8,35.9,26.4,45.3,27.7,23.0,0.283
"McKinstry, Zach",656716,2025,511,,,0.259,0.333,0.438,0.771,0.179,0.247,0.358,0.305,0.333,85.7,14.1,41.2,6.1,30.5,65.5,26.4,22.8,46.7,81.0,43.2,25.4,40.9,24.5,29.1,0.314
"Matthews, Brice",694728,2025,47,,,0.167,0.222,0.452,0.674,0.285,0.178,0.462,0.294,0.287,88.6,14.4,41.7,25.0,41.7,67.0,31.8,50.6,49.7,71.4,41.7,8.3,41.7,37.5,12.5,0.167
"LeMahieu, DJ",518934,2025,142,,,0.266,0.338,0.336,0.674,0.07,0.245,0.338,0.295,0.304,91.7,4.1,28.0,4.3,51.6,59.4,24.0,22.0,42.1,77.5,15.1,40.9,60.2,15.1,22.6,0.352
"Wagaman, Eric",676572,2025,514,,,0.25,0.296,0.378,0.674,0.128,0.259,0.421,0.315,0.293,91.0,10.6,34.4,6.8,46.5,64.5,25.8,24.2,45.2,74.7,38.1,23.4,44.1,24.4,25.7,0.296
"Vierling, Matt",663837,2025,100,,,0.239,0.31,0.307,0.617,0.068,0.25,0.436,0.338,0.278,92.2,20.4,27.3,12.1,45.5,61.5,25.2,18.5,44.7,86.4,24.2,36.4,33.3,42.4,19.7,0.308
"Garcia, Maikel",672580,2025,666,,,0.286,0.351,0.449,0.8,0.163,0.276,0.422,0.335,0.347,91.3,9.7,34.5,5.6,45.1,58.0,20.8,15.0,40.1,68.8,35.3,25.0,44.9,21.6,27.2,0.308
"Garver, Mitch",641598,2025,290,,,0.209,0.297,0.343,0.64,0.134,0.209,0.371,0.298,0.284,91.5,19.4,31.1,7.9,46.9,59.7,20.5,30.7,40.8,73.7,45.8,17.5,35.6,31.6,22.0,0.262
"Rutschman, Adley",668939,2025,365,,,0.22,0.307,0.366,0.673,0.146,0.241,0.41,0.325,0.298,89.4,13.7,33.7,7.5,38.6,58.7,21.7,14.5,40.6,62.3,41.9,25.5,43.4,28.1,22.5,0.24
"Holliday, Jackson",702616,2025,649,,,0.242,0.314,0.375,0.689,0.133,0.241,0.404,0.314,0.304,88.8,8.9,32.4,7.8,40.8,68.3,22.3,24.5,47.1,79.0,33.8,26.4,49.0,25.1,21.9,0.291
"Sweeney, Trey",700242,2025,326,,,0.196,0.258,0.291,0.549,0.095,0.191,0.295,0.245,0.245,87.9,11.9,28.8,6.7,35.1,70.0,28.9,28.0,51.0,84.4,40.9,20.2,46.6,26.9,18.8,0.257
"Paredes, Isaac",670623,2025,438,,,0.254,0.352,0.458,0.81,0.204,0.235,0.38,0.32,0.353,87.4,23.0,37.2,6.3,33.6,60.4,21.4,16.4,40.9,69.3,56.9,16.1,30.6,32.2,25.7,0.268
"Suzuki, Seiya",673548,2025,651,,,0.245,0.326,0.478,0.804,0.233,0.247,0.493,0.352,0.343,91.3,17.9,40.2,16.6,48.7,59.1,20.5,23.9,40.6,63.4,41.9,23.4,31.8,34.7,25.8,0.282
"Butler, Lawrence",671732,2025,630,,,0.234,0.306,0.404,0.71,0.17,0.229,0.393,0.304,0.31,90.5,9.2,34.4,9.2,44.4,67.9,26.1,32.9,47.0,80.1,33.7,29.1,46.7,22.7,25.5,0.304
"Dingler, Dillon",693307,2025,469,,,0.278,0.327,0.425,0.752,0.147,0.29,0.475,0.351,0.326,90.0,15.8,42.3,9.2,45.7,64.3,30.2,24.8,48.5,71.5,38.7,25.2,36.2,26.4,30.4,0.345
"Yorke, Nick",694377,2025,72,,,0.232,0.264,0.319,0.583,0.087,0.234,0.315,0.257,0.256,85.6,10.5,25.9,1.9,38.9,70.4,31.1,22.3,52.1,76.2,38.9,27.8,53.7,20.4,18.5,0.283
"Steer, Spencer",668715,2025,568,,,0.238,0.312,0.411,0.723,0.173,0.219,0.361,0.293,0.316,87.3,18.8,34.2,7.6,33.2,67.5,24.8,25.0,48.0,76.0,45.4,21.1,35.2,30.3,23.8,0.277
"Navarreto, Brian",640459,2025,15,,,0.286,0.267,0.643,0.91,0.357,0.247,0.486,0.33,0.362,96.1,12.1,25.0,25.0,66.7,66.7,40.0,25.0,57.1,80.0,58.3,0.0,58.3,33.3,0.0,0.273
"Montgomery, Colson",695657,2025,284,,,0.239,0.311,0.529,0.84,0.29,0.23,0.501,0.341,0.355,89.4,18.0,35.8,14.5,44.5,70.2,30.5,31.5,50.7,79.1,48.6,17.3,36.4,31.2,22.5,0.263
"Sánchez, Jesús",660821,2025,497,,,0.237,0.304,0.395,0.699,0.158,0.242,0.441,0.323,0.304,91.3,9.3,30.3,11.1,43.4,69.4,30.6,25.9,49.2,79.8,39.7,23.6,48.4,22.2,23.0,0.283
"Call, Alex",669743,2025,322,,,0.267,0.361,0.385,0.746,0.118,0.243,0.369,0.321,0.331,88.2,12.4,32.4,4.4,28.9,55.4,17.7,19.2,38.5,62.8,30.7,35.6,45.3,25.8,24.0,0.313
"Clarke, Denzel",672016,2025,159,,,0.23,0.274,0.372,0.646,0.142,0.2,0.322,0.25,0.281,90.0,4.1,29.2,6.7,42.7,65.3,30.2,32.7,47.1,63.6,34.8,21.3,55.1,23.6,19.1,0.369
"Senger, Hayden",663584,2025,78,,,0.181,0.221,0.194,0.415,0.013,0.215,0.321,0.259,0.19,88.6,9.7,28.8,3.8,38.5,68.4,39.0,33.1,54.7,57.9,40.4,21.2,46.2,17.3,26.9,0.255
"Moore, Christian",695681,2025,184,,,0.198,0.284,0.37,0.654,0.172,0.203,0.345,0.282,0.288,88.9,14.6,38.2,6.9,36.3,69.4,23.9,36.9,47.4,83.1,26.5,34.3,41.2,32.4,23.5,0.266
"Vilade, Ryan",668723,2025,15,,,0.077,0.2,0.077,0.277,0.0,0.21,0.334,0.295,0.151,96.6,-1.4,25.0,12.5,75.0,76.5,26.9,21.2,55.0,100.0,0.0,12.5,75.0,12.5,12.5,0.125
"Betts, Mookie",605141,2025,663,,,0.258,0.326,0.406,0.732,0.148,0.267,0.422,0.33,0.318,89.1,18.0,37.7,5.5,35.8,59.9,21.6,15.3,41.2,75.7,42.9,21.5,32.8,34.5,26.7,0.258
"Keith, Colt",690993,2025,468,,,0.256,0.333,0.413,0.746,0.157,0.257,0.444,0.341,0.326,90.0,13.3,41.1,9.2,43.7,63.8,25.2,22.5,44.9,74.4,36.4,25.9,38.0,29.1,28.5,0.307
"Taylor, Samad",669392,2025,9,,,0.125,0.125,0.125,0.25,0.0,0.187,0.237,0.183,0.11,75.7,9.9,37.5,0.0,12.5,66.7,50.0,21.4,60.9,100.0,25.0,37.5,62.5,12.5,25.0,0.143
"Palacios, Joshua",641943,2025,145,,,0.203,0.292,0.305,0.597,0.102,0.222,0.359,0.299,0.271,88.3,11.0,29.0,8.6,39.8,72.4,28.0,27.8,51.6,84.1,36.6,35.5,47.3,19.4,22.6,0.258
"Gilbert, Drew",687551,2025,109,,,0.19,0.248,0.35,0.598,0.16,0.214,0.336,0.27,0.26,86.6,11.3,35.8,4.9,35.8,65.9,21.6,25.8,45.7,62.5,35.8,25.9,45.7,18.5,25.9,0.205
"Reyes, Pablo",622569,2025,34,,,0.194,0.242,0.226,0.468,0.032,0.197,0.276,0.236,0.214,87.8,16.5,27.3,4.5,31.8,63.5,17.5,24.6,43.5,72.7,22.7,31.8,50.0,13.6,22.7,0.286
"Ballesteros, Moisés",694208,2025,66,,,0.298,0.394,0.474,0.868,0.176,0.262,0.407,0.334,0.374,89.1,0.9,31.1,6.7,33.3,69.9,27.2,26.7,46.6,84.2,28.9,24.4,62.2,13.3,24.4,0.349
"Nuñez, Nasim",683083,2025,92,,,0.232,0.297,0.402,0.699,0.17,0.239,0.367,0.296,0.304,88.6,5.0,34.4,4.7,42.2,63.9,21.7,25.1,43.9,76.9,26.6,35.9,50.0,21.9,21.9,0.254
"Kavadas, Niko",694359,2025,23,,,0.1,0.217,0.1,0.317,0.0,0.14,0.199,0.218,0.167,85.4,25.2,30.0,0.0,30.0,42.6,29.6,33.3,36.1,55.6,60.0,30.0,30.0,60.0,10.0,0.2
"Monasterio, Andruw",655316,2025,135,,,0.27,0.319,0.437,0.756,0.167,0.224,0.363,0.28,0.328,87.0,20.8,43.6,5.3,35.1,65.4,26.7,26.0,47.0,71.7,47.9,19.1,31.9,31.9,24.5,0.333
"Waters, Drew",671221,2025,219,,,0.243,0.288,0.316,0.604,0.073,0.232,0.318,0.265,0.268,86.0,9.1,35.6,4.1,28.8,77.2,33.6,30.3,56.5,85.1,39.0,22.6,47.3,25.3,24.0,0.338
"Donovan, Brendan",680977,2025,515,,,0.287,0.353,0.422,0.775,0.135,0.28,0.449,0.346,0.337,89.7,12.2,40.1,8.8,40.9,61.3,25.0,13.4,43.8,77.4,34.8,26.8,43.1,22.3,28.1,0.315
"Kepler, Max",596146,2025,474,,,0.216,0.3,0.391,0.691,0.175,0.243,0.443,0.332,0.3,90.8,16.3,34.0,11.6,44.7,70.1,26.6,23.5,48.1,81.9,42.9,21.6,36.2,32.8,23.7,0.232
"Ornelas, Jonathan",680716,2025,10,,,0.222,0.3,0.222,0.522,0.0,0.088,0.093,0.143,0.246,81.2,-12.5,0.0,0.0,33.3,70.0,28.6,25.0,48.8,75.0,16.7,0.0,83.3,0.0,0.0,0.333
"Barnhart, Tucker",571466,2025,15,,,0.231,0.333,0.231,0.564,0.0,0.15,0.19,0.22,0.271,85.4,-0.5,22.2,0.0,11.1,63.6,16.0,4.0,43.1,83.3,44.4,11.1,55.6,11.1,22.2,0.333
"Banfield, Will",677943,2025,10,,,0.1,0.1,0.1,0.2,0.0,0.164,0.176,0.151,0.088,84.4,24.1,25.0,0.0,25.0,75.0,31.3,34.6,59.1,100.0,25.0,0.0,50.0,50.0,0.0,0.25
"Fulford, Braxton",690924,2025,120,,,0.213,0.267,0.324,0.591,0.111,0.198,0.327,0.262,0.258,87.3,19.8,30.7,5.3,38.7,69.4,27.4,30.6,48.8,88.0,34.7,22.7,34.7,36.0,22.7,0.297
"Hummel, Cooper",669450,2025,105,,,0.17,0.298,0.273,0.571,0.103,0.196,0.383,0.313,0.268,92.0,11.3,31.0,12.1,37.9,64.8,20.5,32.4,41.8,84.1,41.4,22.4,50.0,27.6,15.5,0.222
"Azocar, José",640492,2025,21,,,0.263,0.333,0.263,0.596,0.0,0.321,0.381,0.343,0.276,86.4,7.1,44.4,0.0,27.8,67.7,30.6,6.3,47.8,100.0,11.1,16.7,44.4,11.1,38.9,0.278
"Campbell, Kristian",692225,2025,263,,,0.223,0.319,0.345,0.664,0.122,0.221,0.338,0.296,0.299,88.6,4.7,30.4,5.1,41.8,60.7,23.4,27.3,42.1,75.3,27.8,32.3,54.4,18.4,23.4,0.296
"Trammell, Taylor",666211,2025,135,,,0.197,0.296,0.333,0.629,0.136,0.187,0.307,0.271,0.282,91.0,15.5,33.8,7.8,40.3,67.8,21.9,38.6,45.5,73.2,42.9,24.7,42.9,24.7,23.4,0.27
"Brantly, Rob",542963,2025,7,,,0.429,0.429,0.429,0.858,0.0,0.23,0.262,0.217,0.378,89.4,32.0,33.3,0.0,16.7,100.0,42.9,46.7,78.9,100.0,0.0,83.3,16.7,50.0,33.3,0.5
"Rojas, Josh",668942,2025,211,,,0.18,0.252,0.259,0.511,0.079,0.209,0.305,0.263,0.232,89.6,13.4,30.6,3.5,36.8,70.2,19.6,23.1,46.2,86.8,35.4,25.0,41.7,31.9,23.6,0.227
"Pereira, Everson",677592,2025,73,,,0.138,0.219,0.246,0.465,0.108,0.16,0.304,0.242,0.212,90.5,13.2,31.6,7.9,44.7,73.1,23.5,45.8,46.9,81.3,52.6,15.8,42.1,31.6,21.1,0.194
"Ortiz, Joey",687401,2025,506,,,0.23,0.276,0.317,0.593,0.087,0.245,0.327,0.275,0.263,84.9,13.3,27.4,3.0,32.8,57.8,33.4,16.0,46.8,65.8,29.6,32.3,45.5,18.7,22.4,0.26
"Renfroe, Hunter",592669,2025,108,,,0.182,0.241,0.242,0.483,0.06,0.193,0.319,0.257,0.219,88.5,17.0,24.1,6.3,35.4,62.4,25.9,23.3,44.0,60.7,50.6,17.7,43.0,25.3,13.9,0.228
"Larnach, Trevor",663616,2025,567,,,0.25,0.323,0.404,0.727,0.154,0.247,0.399,0.315,0.317,90.9,10.9,34.9,7.2,45.7,62.2,27.5,29.8,44.5,68.2,40.1,23.5,43.7,25.8,25.8,0.295
"Kim, Hyeseong",808975,2025,170,,,0.28,0.314,0.385,0.699,0.105,0.221,0.309,0.251,0.306,86.0,7.0,39.1,2.7,28.2,66.0,35.1,31.4,50.6,73.9,35.5,25.5,52.7,18.2,26.4,0.396
"Bart, Joey",663698,2025,332,,,0.249,0.355,0.34,0.695,0.091,0.222,0.38,0.318,0.317,88.4,9.0,35.9,10.4,43.2,59.5,23.2,28.0,40.3,71.0,37.5,18.8,52.1,20.8,24.5,0.356
"Rodríguez, Endy",682848,2025,57,,,0.173,0.246,0.25,0.496,0.077,0.192,0.29,0.249,0.226,92.2,15.1,36.8,2.6,44.7,65.3,19.5,24.5,45.9,66.7,47.4,18.4,34.2,34.2,23.7,0.237
"Joe, Connor",656582,2025,80,,,0.186,0.263,0.243,0.506,0.057,0.216,0.328,0.276,0.231,89.3,13.8,38.5,5.8,36.5,57.3,19.5,20.7,40.4,63.2,30.8,30.8,38.5,25.0,28.8,0.25
"Thomas, Alek",677950,2025,469,,,0.249,0.289,0.37,0.659,0.121,0.242,0.372,0.289,0.287,89.6,4.2,27.7,7.8,39.3,68.9,35.1,28.7,52.9,72.2,34.9,21.2,53.6,21.5,20.2,0.324
"Kelly, Carson",608348,2025,421,,,0.249,0.333,0.428,0.761,0.179,0.236,0.411,0.321,0.332,88.8,16.4,34.8,9.6,40.3,67.4,21.9,20.6,44.9,77.4,43.0,26.3,38.2,29.7,23.5,0.272
"Cruz, Oneil",665833,2025,544,,,0.2,0.298,0.378,0.676,0.178,0.218,0.425,0.324,0.295,95.8,8.1,31.5,17.9,56.6,58.2,28.2,34.0,41.6,67.4,36.1,22.8,48.3,25.2,21.9,0.262
"Tolbert, Tyler",686475,2025,57,,,0.28,0.321,0.38,0.701,0.1,0.26,0.343,0.313,0.305,88.3,11.3,40.5,2.4,38.1,82.8,31.3,26.2,56.6,100.0,31.0,33.3,35.7,26.2,33.3,0.325
"Amaya, Jacob",676070,2025,73,,,0.106,0.139,0.121,0.26,0.015,0.174,0.227,0.197,0.12,88.5,12.4,22.2,0.0,29.6,53.5,24.4,19.6,39.8,61.9,29.6,33.3,51.9,16.7,22.2,0.132
"Soler, Jorge",624585,2025,315,,,0.215,0.293,0.387,0.68,0.172,0.204,0.387,0.294,0.298,89.7,13.8,31.9,12.8,42.0,65.7,24.5,30.1,44.5,78.1,47.9,17.0,43.6,22.3,23.9,0.273
"Correa, Carlos",621043,2025,584,,,0.276,0.332,0.402,0.734,0.126,0.28,0.439,0.338,0.322,90.5,7.3,34.6,6.8,45.9,64.4,28.8,22.3,46.4,72.7,34.4,28.0,48.2,18.8,27.5,0.328
"Friedl, TJ",670770,2025,685,,,0.261,0.364,0.378,0.742,0.117,0.227,0.317,0.3,0.333,87.1,14.3,33.4,2.7,32.1,58.3,18.1,17.5,39.2,70.3,45.2,18.6,42.3,21.6,25.8,0.301
"O'Hoppe, Logan",681351,2025,451,,,0.213,0.258,0.371,0.629,0.158,0.228,0.425,0.301,0.273,90.9,17.3,33.6,13.3,46.9,73.8,31.6,32.9,52.2,79.3,46.2,23.4,40.2,29.7,23.4,0.267
"Wilson, Will",669717,2025,91,,,0.192,0.267,0.244,0.511,0.052,0.154,0.242,0.219,0.236,87.6,22.0,28.6,2.0,36.7,78.4,35.0,37.4,55.2,92.0,30.6,28.6,42.9,26.5,18.4,0.341
"Kaiser, Connor",663731,2025,19,,,0.111,0.158,0.167,0.325,0.056,0.184,0.317,0.239,0.149,82.1,29.5,38.5,7.7,23.1,59.0,31.0,31.3,47.1,0.0,7.7,46.2,23.1,38.5,15.4,0.154
"Peña, Jeremy",665161,2025,543,,,0.304,0.363,0.477,0.84,0.173,0.27,0.432,0.334,0.363,88.9,8.9,30.0,8.2,42.9,68.3,35.5,27.1,51.0,80.7,42.7,19.6,47.9,23.8,23.3,0.345
"Hernaiz, Darell",687231,2025,197,,,0.231,0.292,0.306,0.598,0.075,0.255,0.351,0.305,0.266,85.0,6.3,31.4,3.2,30.1,70.0,30.9,19.3,50.8,80.0,34.0,21.8,49.4,19.9,25.6,0.25
"Seigler, Anthony",678011,2025,73,,,0.194,0.292,0.21,0.502,0.016,0.24,0.342,0.305,0.239,89.3,10.6,43.8,2.1,37.5,67.2,18.0,27.4,42.4,68.4,33.3,29.2,50.0,20.8,29.2,0.255
"Bailey, Patrick",672275,2025,452,,,0.222,0.277,0.325,0.602,0.103,0.21,0.333,0.264,0.265,88.2,15.6,35.3,5.6,36.4,68.4,29.1,28.6,49.4,87.8,33.2,25.5,38.5,29.7,23.8,0.308
"Villar, David",681584,2025,25,,,0.2,0.36,0.25,0.61,0.05,0.22,0.356,0.337,0.295,81.6,-0.1,26.7,6.7,26.7,65.3,13.0,34.2,40.0,100.0,33.3,40.0,53.3,13.3,26.7,0.267
"Hedges, Austin",595978,2025,180,,,0.161,0.25,0.277,0.527,0.116,0.177,0.284,0.249,0.239,88.2,25.1,30.5,3.4,32.2,74.1,29.8,30.3,51.7,87.5,48.3,24.6,32.2,28.0,22.0,0.183
"Wynns, Austin",642851,2025,110,,,0.291,0.321,0.544,0.865,0.253,0.233,0.427,0.295,0.365,88.6,13.0,35.6,9.6,46.6,67.0,29.1,27.6,51.5,80.0,43.8,17.8,43.8,31.5,20.5,0.364
"Teodosio, Bryce",669326,2025,150,,,0.203,0.248,0.304,0.552,0.101,0.185,0.259,0.222,0.243,84.3,12.9,23.4,4.3,26.6,82.4,38.4,37.3,62.8,88.0,35.1,33.0,46.8,22.3,22.3,0.293
"Sánchez, Ali",645305,2025,23,,,0.217,0.217,0.304,0.521,0.087,0.214,0.389,0.255,0.224,88.3,15.1,35.3,17.6,41.2,73.8,47.4,20.4,61.3,66.7,41.2,23.5,47.1,17.6,23.5,0.294
"Canario, Alexander",672744,2025,234,,,0.218,0.274,0.338,0.612,0.12,0.219,0.407,0.295,0.27,87.4,10.5,35.8,12.4,43.8,74.8,32.3,39.0,53.4,88.6,39.4,24.8,45.3,27.0,21.9,0.313
"Garcia, Jhostynxon",691373,2025,9,,,0.143,0.333,0.286,0.619,0.143,0.216,0.243,0.309,0.293,91.8,11.2,100.0,0.0,50.0,52.6,28.6,50.0,40.0,0.0,50.0,0.0,0.0,0.0,100.0,0.5
"Bae, Ji Hwan",678225,2025,25,,,0.05,0.24,0.05,0.29,0.0,0.115,0.278,0.268,0.174,88.3,10.2,18.2,18.2,36.4,68.3,32.8,41.7,47.1,100.0,9.1,27.3,54.5,36.4,0.0,0.091
"Callihan, Tyler",682997,2025,6,,,0.167,0.167,0.167,0.334,0.0,0.199,0.245,0.194,0.147,89.8,5.0,20.0,0.0,60.0,72.7,18.2,10.0,45.5,50.0,60.0,20.0,60.0,20.0,20.0,0.2
"Young, Cole",702284,2025,257,,,0.211,0.302,0.305,0.607,0.094,0.224,0.355,0.297,0.274,87.6,17.2,33.3,5.6,31.1,63.9,23.5,24.6,44.5,73.4,41.7,30.0,38.3,28.9,22.2,0.247
"Profar, Jurickson",595777,2025,371,,,0.245,0.353,0.434,0.787,0.189,0.23,0.39,0.325,0.346,89.0,20.0,27.0,7.3,40.3,65.7,24.2,16.9,44.7,77.6,44.4,25.1,36.3,31.3,19.3,0.261
"Hays, Austin",669720,2025,416,,,0.266,0.315,0.453,0.768,0.187,0.234,0.403,0.3,0.327,88.8,14.6,31.9,10.4,38.4,71.1,34.3,31.4,52.0,78.3,47.0,19.0,41.6,28.3,24.4,0.326
"Bogaerts, Xander",593428,2025,552,,,0.263,0.328,0.391,0.719,0.128,0.267,0.413,0.327,0.313,89.0,11.1,36.7,6.9,39.2,58.8,23.6,21.3,41.9,64.1,42.4,20.2,43.8,23.2,26.8,0.299
"Solak, Nick",669256,2025,11,,,0.091,0.091,0.091,0.182,0.0,0.151,0.165,0.141,0.08,82.6,2.8,22.2,0.0,33.3,56.3,58.8,31.6,57.6,75.0,33.3,22.2,66.7,22.2,11.1,0.111
"MacIver, Willie",680862,2025,111,,,0.186,0.252,0.324,0.576,0.138,0.2,0.308,0.256,0.256,88.8,10.2,28.0,4.0,37.3,76.2,30.8,27.2,54.9,78.6,26.7,32.0,49.3,22.7,22.7,0.222
"Lowe, Brandon",664040,2025,553,,,0.256,0.307,0.477,0.784,0.221,0.253,0.478,0.335,0.334,91.1,15.2,37.6,12.9,46.6,77.6,32.1,33.4,55.5,87.1,45.6,23.6,37.9,29.7,25.8,0.297
"Horwitz, Spencer",687462,2025,411,,,0.272,0.353,0.434,0.787,0.162,0.251,0.407,0.326,0.344,87.4,15.6,38.7,8.2,36.0,67.1,23.3,17.8,46.3,76.9,37.0,28.8,38.4,27.7,26.0,0.313
"Barrosa, Jorge",678489,2025,77,,,0.141,0.169,0.225,0.394,0.084,0.165,0.243,0.193,0.171,87.8,7.7,26.9,0.0,30.8,62.1,34.8,26.9,48.9,68.2,48.1,13.5,44.2,34.6,21.2,0.176
"Johnston, Troy",687859,2025,121,,,0.277,0.331,0.42,0.751,0.143,0.27,0.458,0.338,0.328,89.6,14.6,39.5,9.3,40.7,67.6,36.0,31.0,51.6,79.3,44.2,15.1,37.2,23.3,33.7,0.329
"Cole, Zach",805904,2025,52,,,0.255,0.327,0.553,0.88,0.298,0.198,0.431,0.305,0.373,90.1,12.8,33.3,14.8,48.1,61.7,26.6,42.0,44.6,66.7,37.0,14.8,51.9,33.3,11.1,0.348
"Quero, Edgar",700337,2025,403,,,0.268,0.333,0.356,0.689,0.088,0.236,0.346,0.29,0.307,90.4,6.8,35.1,3.7,46.3,68.3,19.0,21.0,46.4,81.8,27.7,34.1,49.3,20.6,26.4,0.32
"Lee, Jung Hoo",808982,2025,617,,,0.266,0.327,0.407,0.734,0.141,0.277,0.385,0.321,0.32,87.1,9.9,34.1,3.7,32.0,64.5,22.5,13.1,44.7,71.3,40.0,25.4,47.5,24.9,23.9,0.291
"Perkins, Blake",663368,2025,171,,,0.226,0.298,0.348,0.646,0.122,0.223,0.326,0.279,0.287,89.6,6.2,30.6,3.7,34.3,57.1,18.5,28.4,38.8,65.9,34.3,20.4,51.9,22.2,20.4,0.305
"Tawa, Tim",694374,2025,225,,,0.201,0.274,0.347,0.621,0.146,0.206,0.368,0.29,0.273,89.2,6.8,31.4,9.3,42.1,69.0,28.9,32.5,48.4,75.7,44.3,17.1,50.7,27.1,17.9,0.252
"Varsho, Daulton",662139,2025,271,,,0.238,0.284,0.548,0.832,0.31,0.226,0.494,0.327,0.345,89.9,23.5,36.9,15.9,40.3,77.4,30.6,29.8,54.8,85.0,50.6,22.2,29.5,37.5,20.5,0.25
"Noel, Jhonkensy",678877,2025,153,,,0.162,0.183,0.297,0.48,0.135,0.161,0.287,0.202,0.207,90.3,13.8,25.8,6.2,41.2,75.7,49.0,34.7,60.9,69.2,54.6,18.6,46.4,27.8,16.5,0.198
"Carpenter, Kerry",681481,2025,464,,,0.252,0.291,0.497,0.788,0.245,0.252,0.493,0.335,0.335,91.4,21.0,37.4,12.5,46.8,71.5,34.1,26.2,52.9,85.4,46.8,18.8,33.1,33.1,24.3,0.274
"Tatis Jr., Fernando",665487,2025,691,,,0.268,0.368,0.446,0.814,0.178,0.272,0.488,0.37,0.353,93.3,9.4,28.9,10.9,51.8,70.3,24.4,27.0,45.9,88.7,36.2,23.6,49.0,25.3,19.9,0.303
"Marte, Starling",516782,2025,329,,,0.27,0.335,0.41,0.745,0.14,0.248,0.397,0.319,0.326,87.6,10.0,32.6,7.8,40.4,67.8,29.6,26.4,49.7,74.7,36.5,25.7,48.7,22.2,23.5,0.318
"Rosario, Eddie",592696,2025,8,,,0.125,0.125,0.125,0.25,0.0,0.236,0.545,0.329,0.11,87.3,5.8,50.0,16.7,66.7,85.7,33.3,40.0,65.2,100.0,50.0,16.7,33.3,33.3,33.3,0.167
"Crawford, J.P.",641487,2025,654,,,0.265,0.352,0.37,0.722,0.105,0.266,0.386,0.329,0.322,87.2,11.5,40.0,4.8,34.7,65.1,21.9,20.4,45.1,76.7,33.6,32.3,44.4,23.1,27.3,0.318
"Lowe, Nathaniel",663993,2025,609,,,0.228,0.307,0.381,0.688,0.153,0.229,0.373,0.303,0.301,89.0,10.9,33.4,7.0,41.5,63.8,24.0,24.7,44.6,73.5,31.6,29.8,43.8,26.9,24.4,0.285
"Hayes, Ke'Bryan",663647,2025,570,,,0.235,0.29,0.306,0.596,0.071,0.238,0.342,0.282,0.266,89.3,8.5,30.6,4.5,42.5,60.7,27.0,19.9,44.1,73.2,29.2,30.1,49.0,18.4,24.4,0.289
"Cronenworth, Jake",630105,2025,515,,,0.246,0.367,0.377,0.744,0.131,0.225,0.353,0.319,0.333,88.5,14.9,31.9,6.2,39.0,62.1,22.2,18.8,42.7,68.4,35.6,26.6,43.0,30.0,21.4,0.299
"Allen, Greg",656185,2025,14,,,0.0,0.0,0.0,0.0,0.0,0.146,0.177,0.142,0.0,89.9,12.0,11.1,0.0,33.3,72.4,34.8,41.4,55.8,100.0,55.6,11.1,66.7,33.3,0.0,0.0
"Karros, Kyle",691720,2025,156,,,0.226,0.308,0.277,0.585,0.051,0.206,0.262,0.258,0.268,87.9,12.3,25.5,1.0,33.7,66.1,23.7,27.3,45.0,78.8,36.7,21.4,46.9,23.5,24.5,0.309
"Alvarez, Yordan",670541,2025,199,,,0.273,0.367,0.43,0.797,0.157,0.284,0.549,0.393,0.338,94.7,18.3,42.8,13.8,52.9,63.6,26.7,22.4,44.0,58.3,39.9,26.8,34.1,31.9,26.8,0.295
"Dean, Justin",681909,2025,2,,,0.0,0.0,0.0,0.0,0.0,0.032,0.032,0.029,0.0,80.4,-39.4,0.0,0.0,0.0,75.0,28.6,60.0,45.5,0.0,0.0,0.0,100.0,0.0,0.0,0.0
"Grichuk, Randal",545341,2025,293,,,0.228,0.273,0.401,0.674,0.173,0.259,0.457,0.326,0.289,92.4,17.6,33.6,11.7,49.5,65.4,31.4,19.8,48.7,71.9,44.4,22.4,38.3,27.1,23.4,0.259
"Machín, Vimael",605353,2025,12,,,0.091,0.167,0.364,0.531,0.273,0.2,0.388,0.286,0.227,85.4,13.2,33.3,11.1,33.3,68.8,54.5,30.4,60.5,100.0,44.4,33.3,44.4,22.2,33.3,0.0
"Vargas, Ildemaro",545121,2025,121,,,0.27,0.292,0.383,0.675,0.113,0.262,0.376,0.287,0.292,89.2,3.3,26.5,3.9,37.3,62.8,37.4,19.4,50.6,59.0,41.2,14.7,58.8,23.5,14.7,0.286
"Benson, Will",666181,2025,253,,,0.226,0.273,0.435,0.708,0.209,0.257,0.496,0.342,0.298,92.4,16.1,37.3,15.4,53.8,74.5,27.6,34.4,52.9,89.9,42.6,26.0,36.1,29.6,26.6,0.255
"Walls, Taylor",670764,2025,317,,,0.22,0.28,0.319,0.599,0.099,0.21,0.309,0.261,0.265,87.0,15.1,33.5,3.2,26.4,64.5,21.2,20.3,45.9,79.0,33.5,29.9,41.6,30.8,21.7,0.271
"Huff, Sam",669087,2025,58,,,0.208,0.259,0.34,0.599,0.132,0.189,0.306,0.253,0.261,89.3,4.1,34.5,13.8,37.9,65.6,24.3,41.7,46.6,76.2,34.5,37.9,48.3,24.1,27.6,0.333
"Kiner-Falefa, Isiah",643396,2025,459,,,0.262,0.297,0.334,0.631,0.072,0.245,0.304,0.262,0.279,84.6,4.0,29.7,1.4,27.5,63.7,32.1,15.1,49.1,70.1,37.8,25.0,58.1,11.1,24.4,0.314
"Ibáñez, Andy",628451,2025,193,,,0.239,0.301,0.352,0.653,0.113,0.254,0.371,0.304,0.289,88.9,12.6,32.5,4.6,36.4,73.7,29.8,18.5,51.4,88.5,46.4,20.5,40.4,27.8,27.2,0.259
"Baldwin, Drake",686948,2025,446,,,0.274,0.341,0.469,0.81,0.195,0.272,0.48,0.353,0.351,91.7,6.5,33.8,11.0,49.6,70.0,28.9,19.5,49.5,74.7,35.3,26.4,48.7,24.9,23.1,0.289
"Keaschall, Luke",807712,2025,207,,,0.302,0.382,0.445,0.827,0.143,0.263,0.378,0.324,0.363,86.2,10.5,38.3,5.2,31.2,63.2,20.0,18.5,42.0,72.3,37.0,23.4,46.1,22.7,26.0,0.34
"Kim, Ha-Seong",673490,2025,191,,,0.234,0.304,0.345,0.649,0.111,0.242,0.356,0.297,0.288,89.7,15.7,33.6,5.2,43.3,54.1,21.2,15.5,40.0,52.7,40.3,21.6,37.3,24.6,27.6,0.271
"Moreno, Gabriel",672515,2025,309,,,0.285,0.353,0.433,0.786,0.148,0.279,0.453,0.346,0.34,90.4,14.4,39.8,7.1,43.4,60.6,26.0,18.0,44.0,68.7,32.7,31.4,39.4,26.1,28.8,0.323
"Porter, Logan",682515,2025,9,,,0.143,0.333,0.143,0.476,0.0,0.056,0.069,0.198,0.255,89.4,15.3,0.0,0.0,0.0,60.0,21.1,23.1,38.2,,40.0,20.0,60.0,20.0,0.0,0.2
"Mullins, Cedric",656775,2025,498,,,0.216,0.299,0.391,0.69,0.175,0.207,0.34,0.284,0.302,88.8,23.3,32.7,6.2,35.9,69.1,26.6,23.1,48.3,82.4,46.3,23.8,32.4,31.8,23.1,0.253
"Abrams, CJ",682928,2025,635,,,0.257,0.315,0.433,0.748,0.176,0.245,0.401,0.309,0.324,88.7,13.3,34.4,7.6,39.2,67.4,32.6,24.4,50.6,78.4,43.8,21.6,40.1,28.1,23.7,0.296
"Langford, Wyatt",694671,2025,573,,,0.241,0.344,0.431,0.775,0.19,0.239,0.448,0.346,0.337,91.4,17.5,35.9,14.0,48.4,63.8,23.4,26.3,43.0,76.4,43.1,23.0,35.0,30.6,26.8,0.299
"Collins, Isaac",686555,2025,441,,,0.263,0.368,0.411,0.779,0.148,0.246,0.359,0.322,0.344,88.8,12.2,34.4,4.9,38.9,64.8,18.4,22.5,43.1,82.7,41.1,23.9,43.9,23.5,25.6,0.326
"Davis, J.D.",605204,2025,9,,,0.111,0.111,0.111,0.222,0.0,0.117,0.158,0.117,0.098,85.7,-0.4,16.7,0.0,33.3,83.3,38.5,45.0,64.5,80.0,33.3,33.3,66.7,0.0,16.7,0.167
"Taylor, Chris",621035,2025,125,,,0.186,0.256,0.301,0.557,0.115,0.205,0.324,0.27,0.25,85.9,18.6,38.9,6.9,36.1,72.6,24.4,38.6,51.8,81.4,44.4,26.4,34.7,26.4,29.2,0.271
"Lopez, Nicky",670032,2025,28,,,0.042,0.179,0.042,0.221,0.0,0.176,0.199,0.24,0.13,84.8,-5.5,15.0,0.0,40.0,71.4,12.0,8.7,43.4,60.0,45.0,15.0,70.0,5.0,15.0,0.05
"Altuve, Jose",514888,2025,654,,,0.265,0.329,0.442,0.771,0.177,0.237,0.384,0.3,0.331,85.1,17.7,29.8,6.2,30.9,63.5,38.9,20.7,50.0,66.0,52.5,16.3,43.2,25.1,19.8,0.283
"Alexander, Blaze",677942,2025,266,,,0.23,0.323,0.383,0.706,0.153,0.211,0.374,0.305,0.313,90.2,7.3,35.8,12.8,43.2,68.1,25.3,31.0,47.4,70.3,39.9,22.3,50.7,24.3,24.3,0.333
"Gonzalez, Romy",663853,2025,341,,,0.305,0.343,0.483,0.826,0.178,0.276,0.48,0.344,0.352,93.3,5.5,33.5,12.6,57.3,73.5,35.1,29.3,54.0,85.7,31.8,29.3,50.2,21.3,26.4,0.378
"Matos, Luis",682641,2025,184,,,0.221,0.266,0.424,0.69,0.203,0.219,0.368,0.274,0.296,88.0,14.1,33.6,7.5,37.7,65.6,37.7,20.1,51.4,63.8,40.4,16.4,46.6,25.3,17.1,0.217
"Cheng, Tsung-Che",691907,2025,7,,,0.0,0.0,0.0,0.0,0.0,0.167,0.218,0.165,0.0,93.2,17.9,25.0,0.0,50.0,75.0,25.0,28.6,58.3,66.7,0.0,75.0,50.0,25.0,25.0,0.0
"Thomas, Colby",687515,2025,132,,,0.225,0.267,0.417,0.684,0.192,0.206,0.383,0.281,0.291,92.2,21.2,24.0,13.3,49.3,75.4,40.2,37.1,57.8,83.3,46.7,17.3,37.3,34.7,20.0,0.309
"Campusano, Luis",669134,2025,27,,,0.0,0.222,0.0,0.222,0.0,0.076,0.089,0.208,0.154,87.8,-16.0,0.0,0.0,30.0,51.7,20.6,38.6,34.9,66.7,60.0,0.0,90.0,10.0,0.0,0.0
"Bichette, Bo",666182,2025,628,,,0.311,0.357,0.483,0.84,0.172,0.295,0.473,0.353,0.361,91.0,8.2,37.9,7.9,48.8,72.1,35.2,18.4,53.1,80.2,26.7,31.2,47.4,19.8,29.1,0.342
"Turner, Justin",457759,2025,191,,,0.219,0.288,0.314,0.602,0.095,0.237,0.36,0.297,0.268,88.3,17.9,38.2,3.7,30.9,66.3,27.6,17.3,47.6,75.0,31.6,26.5,39.0,28.7,23.5,0.256
"Bliss, Ryan",669208,2025,39,,,0.2,0.282,0.314,0.596,0.114,0.205,0.391,0.297,0.268,89.0,10.2,37.5,12.5,33.3,74.6,21.3,37.1,46.4,87.5,41.7,29.2,50.0,33.3,16.7,0.261
"Perez, Salvador",521692,2025,641,,,0.236,0.284,0.446,0.73,0.21,0.269,0.534,0.357,0.311,90.0,18.1,35.7,14.8,46.7,74.8,42.4,26.9,57.4,75.3,45.9,20.9,35.1,32.6,23.3,0.251
"Volpe, Anthony",683011,2025,596,,,0.212,0.272,0.391,0.663,0.179,0.223,0.405,0.301,0.286,89.3,12.4,34.6,10.5,41.9,65.7,23.9,25.1,45.9,74.1,32.8,26.6,41.6,29.8,21.6,0.252
"McCoy, Mason",669200,2025,26,,,0.136,0.269,0.182,0.451,0.046,0.162,0.347,0.287,0.224,82.9,11.1,46.7,13.3,26.7,58.7,27.5,34.1,42.3,100.0,53.3,20.0,53.3,33.3,6.7,0.2
"Ramos, Bryan",682868,2025,12,,,0.167,0.167,0.333,0.5,0.166,0.209,0.357,0.242,0.209,78.4,20.6,50.0,12.5,12.5,75.0,36.8,36.4,56.4,100.0,37.5,37.5,37.5,37.5,12.5,0.25
"Taylor, Tyrone",621438,2025,341,,,0.223,0.279,0.319,0.598,0.096,0.257,0.364,0.298,0.264,86.5,19.4,40.6,3.8,35.1,65.4,30.4,22.7,49.1,75.2,44.8,23.0,33.1,23.0,31.0,0.286
"Herrera, Jose",645444,2025,204,,,0.187,0.285,0.259,0.544,0.072,0.169,0.225,0.237,0.251,83.9,16.2,30.8,0.8,22.6,57.8,15.6,21.1,38.8,70.3,40.6,22.6,44.4,27.1,19.5,0.242
"Fermín, José",665877,2025,70,,,0.283,0.377,0.417,0.794,0.134,0.275,0.367,0.332,0.352,87.1,16.0,35.3,0.0,29.4,57.6,20.9,15.2,38.7,60.9,45.1,19.6,39.2,25.5,27.5,0.327
"Haggerty, Sam",664059,2025,182,,,0.253,0.328,0.37,0.698,0.117,0.249,0.362,0.304,0.307,88.3,7.0,34.9,2.4,42.1,70.5,27.2,26.3,50.2,84.9,36.5,24.6,50.8,17.5,27.0,0.317
"Siri, Jose",642350,2025,36,,,0.063,0.167,0.125,0.292,0.062,0.094,0.257,0.205,0.146,84.9,33.3,33.3,20.0,33.3,68.5,34.8,42.0,50.0,76.9,6.7,40.0,20.0,66.7,6.7,0.133
"Rosario, Amed",642708,2025,191,,,0.276,0.309,0.436,0.745,0.16,0.288,0.439,0.331,0.321,91.2,9.9,35.1,6.0,45.0,73.4,36.7,22.2,55.9,80.5,43.0,22.5,47.7,21.2,24.5,0.303
"Gurriel, Yuli",493329,2025,40,,,0.111,0.2,0.139,0.339,0.028,0.133,0.174,0.19,0.167,85.1,22.4,14.3,0.0,17.9,58.6,37.2,18.6,47.3,58.3,28.6,17.9,39.3,28.6,10.7,0.143
"Beavers, Dylan",687637,2025,137,,,0.227,0.375,0.4,0.775,0.173,0.213,0.408,0.344,0.347,88.8,21.2,37.3,9.3,28.0,57.0,18.9,23.7,37.1,67.3,41.3,26.7,29.3,40.0,25.3,0.3
"Corona, Kenedy",685744,2025,4,,,0.0,0.5,0.0,0.5,0.0,0.035,0.035,0.362,0.346,92.4,-21.1,0.0,0.0,0.0,62.5,15.4,14.3,33.3,,0.0,0.0,100.0,0.0,0.0,0.0
"Short, Zack",670097,2025,56,,,0.22,0.291,0.38,0.671,0.16,0.175,0.281,0.241,0.295,86.2,20.9,18.2,3.0,39.4,57.0,25.2,29.4,40.5,80.0,30.3,21.2,42.4,30.3,15.2,0.3
"Schneider, Davis",676914,2025,227,,,0.234,0.361,0.436,0.797,0.202,0.188,0.409,0.323,0.351,90.8,24.2,27.9,14.0,41.1,68.2,20.9,28.5,42.7,81.8,56.6,14.0,30.2,38.8,16.3,0.28
"McCutchen, Andrew",457705,2025,551,,,0.239,0.333,0.367,0.7,0.128,0.258,0.415,0.333,0.309,89.5,14.5,34.5,8.3,42.5,69.0,20.7,26.2,45.6,87.9,46.7,20.2,42.3,27.1,22.7,0.289
"Mayo, Coby",691723,2025,294,,,0.217,0.299,0.388,0.687,0.171,0.202,0.363,0.289,0.303,87.3,20.7,33.0,10.1,36.0,61.8,27.9,30.6,45.3,75.3,46.4,24.0,35.8,31.8,19.0,0.274
"Bouchard, Sean",656248,2025,73,,,0.167,0.247,0.242,0.489,0.075,0.179,0.232,0.227,0.225,86.6,18.1,28.2,0.0,30.8,59.4,25.4,34.7,43.2,76.9,51.3,28.2,38.5,25.6,28.2,0.263
"Realmuto, J.T.",592663,2025,550,,,0.257,0.315,0.384,0.699,0.127,0.253,0.411,0.316,0.307,90.0,11.1,36.7,8.8,45.5,65.6,32.3,24.3,48.6,71.1,38.8,25.5,44.7,23.7,25.8,0.321
"Sosa, Edmundo",624641,2025,261,,,0.276,0.307,0.469,0.776,0.193,0.245,0.391,0.29,0.332,87.7,9.4,35.4,6.3,38.0,69.8,45.5,25.7,57.1,75.4,41.1,25.0,45.3,25.0,25.5,0.315
"Stallings, Jacob",607732,2025,129,,,0.134,0.195,0.168,0.363,0.034,0.17,0.234,0.211,0.171,85.0,10.6,31.3,1.3,26.3,71.0,39.6,34.1,55.6,92.3,43.8,25.0,50.0,25.0,20.0,0.203
"Mangum, Jake",663968,2025,428,,,0.296,0.33,0.368,0.698,0.072,0.251,0.336,0.276,0.307,87.3,-0.7,26.5,2.6,33.4,78.7,43.8,18.9,62.1,84.6,24.5,36.2,61.8,14.3,20.7,0.345
"Rea, Colin",607067,2025,1,,,0.0,0.0,0.0,0.0,0.0,0.0,0.0,0.0,0.0,,,,,,33.3,100.0,0.0,60.0,,,,,,,0.0
"Thomas, Lane",657041,2025,142,,,0.16,0.246,0.272,0.518,0.112,0.168,0.272,0.243,0.235,87.8,23.5,26.5,4.8,31.3,64.3,22.3,32.1,43.7,83.3,36.1,24.1,36.1,25.3,18.1,0.203
"Gurriel Jr., Lourdes",666971,2025,546,,,0.248,0.295,0.418,0.713,0.17,0.256,0.42,0.315,0.307,87.8,16.3,37.4,7.2,38.3,69.5,34.5,20.2,52.3,77.0,40.2,23.8,37.4,27.3,26.3,0.254
"Jankowski, Travis",608671,2025,50,,,0.244,0.286,0.289,0.575,0.045,0.236,0.267,0.248,0.256,84.6,-0.4,22.9,0.0,34.3,61.1,27.0,23.3,47.3,80.0,34.3,22.9,62.9,11.4,20.0,0.324
"Arcia, Orlando",606115,2025,214,,,0.202,0.238,0.291,0.529,0.089,0.212,0.295,0.24,0.233,87.4,7.0,26.1,2.5,33.8,72.8,33.1,24.8,54.0,74.4,38.2,21.7,49.7,21.0,22.9,0.247
"Crooks, Jimmy",699625,2025,46,,,0.133,0.152,0.244,0.396,0.111,0.185,0.319,0.223,0.171,89.6,19.7,17.9,7.1,39.3,70.5,27.7,25.0,50.3,87.5,28.6,21.4,35.7,35.7,17.9,0.185
"Amador, Adael",691182,2025,128,,,0.177,0.256,0.265,0.521,0.088,0.218,0.299,0.269,0.238,84.8,15.2,30.3,3.4,24.7,66.8,27.0,20.7,47.2,78.8,41.6,25.8,40.4,28.1,23.6,0.224
"Dubón, Mauricio",643289,2025,398,,,0.241,0.289,0.355,0.644,0.114,0.247,0.331,0.278,0.283,84.5,13.1,31.7,1.2,26.3,72.5,35.2,15.8,54.2,77.3,33.5,30.2,42.6,26.0,20.5,0.255
"Wong, Connor",657136,2025,188,,,0.19,0.262,0.238,0.5,0.048,0.221,0.295,0.266,0.23,85.5,10.4,28.7,3.1,31.0,64.3,32.3,24.7,48.3,63.1,38.0,21.7,51.2,20.9,18.6,0.25
"Sullivan, Brett",664954,2025,9,,,0.167,0.333,0.167,0.5,0.0,0.141,0.368,0.374,0.255,98.0,20.9,50.0,25.0,100.0,71.4,26.7,26.3,52.8,80.0,50.0,0.0,25.0,50.0,25.0,0.25
"Fitzgerald, Ryan",680837,2025,53,,,0.196,0.302,0.457,0.759,0.261,0.224,0.464,0.343,0.328,89.1,16.6,23.7,13.2,34.2,55.9,32.6,28.7,44.8,71.4,47.4,15.8,42.1,36.8,10.5,0.147
"León, Sandy",506702,2025,12,,,0.083,0.083,0.333,0.416,0.25,0.09,0.302,0.159,0.17,91.3,18.5,0.0,0.0,25.0,76.0,25.0,26.1,56.1,33.3,37.5,37.5,37.5,62.5,0.0,0.0
"Helman, Michael",680737,2025,110,,,0.232,0.29,0.455,0.745,0.223,0.179,0.323,0.25,0.319,82.7,19.6,24.7,8.6,24.7,72.2,33.1,24.1,55.3,92.3,56.8,17.3,42.0,29.6,13.6,0.247
"Loperfido, Joey",694388,2025,104,,,0.333,0.379,0.5,0.879,0.167,0.266,0.407,0.316,0.381,87.3,11.7,32.9,5.7,37.1,73.4,34.4,29.4,53.5,83.3,34.3,25.7,42.9,20.0,30.0,0.431
"Jiménez, Leo",677870,2025,32,,,0.069,0.129,0.172,0.301,0.103,0.186,0.307,0.24,0.139,92.0,8.4,22.7,9.1,50.0,62.9,23.3,21.3,42.7,66.7,36.4,27.3,50.0,31.8,18.2,0.05
"Hoerner, Nico",663538,2025,649,,,0.297,0.345,0.394,0.739,0.097,0.292,0.391,0.322,0.324,86.7,12.5,36.1,2.3,30.3,63.4,32.5,11.2,48.8,70.7,37.0,25.8,44.9,23.8,25.5,0.313
"Murphy, Sean",669221,2025,337,,,0.199,0.3,0.409,0.709,0.21,0.201,0.408,0.314,0.309,89.1,10.6,30.2,13.2,43.1,68.0,25.9,32.3,47.9,79.8,48.7,18.5,46.0,30.2,20.6,0.243
"Adell, Jo",666176,2025,573,,,0.236,0.293,0.485,0.778,0.249,0.26,0.549,0.365,0.333,91.7,16.1,35.1,17.3,50.0,74.2,32.7,28.5,52.6,84.5,38.0,25.5,38.0,29.8,23.4,0.257
"Tauchman, Mike",643565,2025,385,,,0.263,0.356,0.4,0.756,0.137,0.244,0.382,0.321,0.335,89.0,16.5,35.6,6.8,38.8,67.1,23.8,24.3,46.8,82.8,38.4,23.2,36.8,29.6,27.2,0.328
"Rave, John",670231,2025,175,,,0.196,0.283,0.307,0.59,0.111,0.228,0.349,0.302,0.267,88.3,8.4,25.5,5.5,40.0,59.9,22.6,24.2,42.5,73.9,42.7,21.8,54.5,24.5,17.3,0.25
"Vázquez, Christian",543877,2025,214,,,0.189,0.271,0.274,0.545,0.085,0.21,0.307,0.271,0.248,85.9,15.3,35.7,3.8,27.4,60.2,25.7,16.9,42.7,73.8,38.2,22.3,37.6,26.8,25.5,0.214
"Marchán, Rafael",665561,2025,118,,,0.21,0.282,0.305,0.587,0.095,0.213,0.293,0.261,0.264,85.6,11.1,26.7,2.2,22.2,65.0,24.0,22.8,44.9,86.5,46.7,20.0,52.2,21.1,17.8,0.23
"Goodman, Hunter",696100,2025,579,,,0.278,0.323,0.52,0.843,0.242,0.244,0.466,0.324,0.359,90.8,17.3,32.8,12.8,46.9,75.3,36.7,32.0,55.0,79.1,48.7,17.9,38.5,28.7,22.6,0.331
"Malloy, Justyn-Henry",669234,2025,127,,,0.221,0.346,0.308,0.654,0.087,0.201,0.316,0.295,0.301,86.9,20.5,33.8,4.1,31.1,62.5,19.8,29.1,40.5,88.4,39.2,27.0,32.4,31.1,25.7,0.301
"Hicks, Liam",689414,2025,390,,,0.247,0.346,0.346,0.692,0.099,0.244,0.35,0.315,0.313,84.6,10.6,39.0,3.5,27.7,55.3,17.6,15.1,37.4,64.8,37.2,24.8,43.6,23.8,28.7,0.278
"Stephenson, Tyler",663886,2025,342,,,0.231,0.316,0.421,0.737,0.19,0.216,0.413,0.313,0.319,90.5,12.9,42.2,14.4,49.2,62.0,25.2,30.6,43.6,80.9,39.6,26.2,38.0,34.2,24.6,0.322
"Ford, Harry",695670,2025,8,,,0.167,0.25,0.167,0.417,0.0,0.186,0.429,0.281,0.201,93.9,15.2,25.0,25.0,50.0,78.6,33.3,50.0,55.2,100.0,25.0,25.0,50.0,50.0,0.0,0.25
"India, Jonathan",663697,2025,567,,,0.233,0.323,0.346,0.669,0.113,0.238,0.378,0.315,0.301,87.9,17.1,33.0,5.8,36.8,58.1,18.6,19.9,40.3,62.4,48.0,22.8,38.3,29.7,21.8,0.279
"Contreras, Willson",575929,2025,563,,,0.257,0.344,0.447,0.791,0.19,0.257,0.488,0.358,0.344,90.6,12.3,37.1,13.9,49.0,66.2,30.2,28.9,48.5,81.2,37.7,24.4,41.9,28.0,25.8,0.319
"Burleson, Alec",676475,2025,546,,,0.29,0.343,0.459,0.802,0.169,0.272,0.471,0.345,0.346,91.0,15.2,34.0,9.5,43.0,69.5,28.9,17.9,49.3,74.7,33.6,26.0,40.2,28.8,24.1,0.312
"Schmitt, Casey",669477,2025,348,,,0.237,0.305,0.401,0.706,0.164,0.256,0.436,0.328,0.307,89.5,19.2,40.3,9.0,43.8,71.9,31.6,25.8,51.6,80.9,46.8,23.6,32.6,30.0,30.0,0.282
"Burger, Jake",669394,2025,376,,,0.236,0.269,0.419,0.688,0.183,0.246,0.478,0.324,0.295,90.4,16.1,33.5,13.9,48.5,71.0,39.9,29.2,55.1,84.0,34.6,27.4,39.5,28.6,22.9,0.272
"Pham, Tommy",502054,2025,449,,,0.245,0.33,0.37,0.7,0.125,0.246,0.396,0.318,0.308,91.6,6.9,32.7,6.6,47.2,60.7,19.9,22.9,42.7,75.6,37.6,25.4,51.2,19.8,23.1,0.294
"Judge, Aaron",592450,2025,679,,,0.331,0.457,0.688,1.145,0.357,0.3,0.708,0.46,0.463,95.4,19.0,39.4,24.7,58.2,67.0,22.5,34.6,43.7,78.6,36.3,26.5,33.5,38.4,22.4,0.376
"García Jr., Luis",671277,2025,526,,,0.252,0.289,0.412,0.701,0.16,0.281,0.47,0.339,0.3,90.2,9.2,33.7,9.0,45.8,71.4,37.9,21.7,53.9,75.8,38.0,20.6,45.5,24.5,24.5,0.27
"Jones, Jahmai",663330,2025,150,,,0.287,0.387,0.55,0.937,0.263,0.291,0.547,0.399,0.399,91.5,20.0,38.1,13.4,53.6,69.6,21.5,26.0,45.2,86.7,44.3,23.7,32.0,24.7,28.9,0.333
"Lawlar, Jordan",691783,2025,74,,,0.182,0.257,0.288,0.545,0.106,0.19,0.294,0.253,0.244,87.0,17.2,36.6,4.9,34.1,61.0,26.6,33.3,44.2,85.0,63.4,19.5,39.0,24.4,29.3,0.293
"Feduccia, Hunter",676439,2025,105,,,0.148,0.267,0.205,0.472,0.057,0.188,0.281,0.275,0.226,87.6,16.3,31.1,8.2,32.8,64.8,23.2,28.3,44.4,75.0,32.8,39.3,45.9,18.0,24.6,0.213
"Tena, José",677588,2025,169,,,0.243,0.314,0.355,0.669,0.112,0.243,0.364,0.302,0.296,89.2,1.2,34.5,5.2,40.5,63.3,27.9,22.0,45.0,76.9,25.0,31.0,59.5,14.7,25.9,0.319
"Heineman, Tyler",623168,2025,174,,,0.289,0.361,0.416,0.777,0.127,0.215,0.293,0.273,0.341,84.4,19.1,31.2,3.2,22.4,73.8,32.7,19.3,53.0,66.0,34.4,25.6,42.4,25.6,18.4,0.342
"Hill, Derek",656537,2025,149,,,0.216,0.281,0.328,0.609,0.112,0.232,0.416,0.309,0.272,91.2,6.8,38.2,11.2,49.4,69.3,39.1,33.5,53.5,73.3,31.5,29.2,49.4,16.9,31.5,0.313
"Rojas, Miguel",500743,2025,317,,,0.262,0.318,0.397,0.715,0.135,0.249,0.358,0.293,0.312,87.6,12.9,34.4,4.0,31.2,63.1,26.8,17.9,44.9,81.6,42.1,22.7,45.7,23.1,23.9,0.291
"Barrero, José",676480,2025,31,,,0.138,0.194,0.276,0.47,0.138,0.125,0.214,0.18,0.209,83.6,28.0,25.0,5.0,20.0,70.0,34.5,24.6,53.9,85.7,30.0,40.0,25.0,35.0,20.0,0.158
"Avans, Drew",682183,2025,18,,,0.118,0.111,0.118,0.229,0.0,0.15,0.166,0.153,0.098,84.7,1.4,25.0,0.0,16.7,76.9,42.5,17.0,59.5,80.0,50.0,16.7,66.7,8.3,16.7,0.167
"Davidson, Logan",669722,2025,47,,,0.167,0.222,0.286,0.508,0.119,0.138,0.246,0.198,0.225,87.4,12.1,13.6,4.5,27.3,67.3,22.0,37.5,47.1,85.0,31.8,22.7,59.1,27.3,9.1,0.316
"Winkler, Jack",676466,2025,16,,,0.25,0.25,0.375,0.625,0.125,0.171,0.306,0.201,0.267,86.8,5.0,41.7,8.3,25.0,71.4,24.2,26.3,50.7,100.0,50.0,25.0,50.0,33.3,16.7,0.333
"Ruiz, Esteury",665923,2025,23,,,0.19,0.261,0.333,0.594,0.143,0.162,0.33,0.249,0.264,81.5,9.0,15.4,7.7,23.1,73.2,36.2,48.9,53.4,70.0,15.4,7.7,61.5,23.1,7.7,0.25
"Lockridge, Brandon",663604,2025,148,,,0.231,0.276,0.299,0.575,0.068,0.233,0.314,0.267,0.254,87.1,2.3,26.2,2.9,32.0,68.7,33.7,24.9,53.5,78.3,21.4,36.9,58.3,19.4,20.4,0.31
"Tovar, Ezequiel",678662,2025,390,,,0.253,0.294,0.4,0.694,0.147,0.261,0.441,0.319,0.301,89.4,16.4,43.7,9.3,38.9,82.1,41.2,31.4,60.7,85.7,38.1,29.6,35.6,27.4,31.5,0.322
"Schwarber, Kyle",656941,2025,724,,,0.24,0.365,0.563,0.928,0.323,0.251,0.584,0.403,0.391,94.3,20.1,35.3,20.8,59.6,64.1,21.5,33.1,41.8,72.6,54.7,17.2,34.3,34.3,22.5,0.253
"Yastrzemski, Mike",573262,2025,558,,,0.233,0.333,0.403,0.736,0.17,0.237,0.419,0.329,0.321,90.8,20.4,35.6,8.5,42.6,61.2,22.0,19.0,41.8,67.6,39.6,26.1,32.7,33.5,24.5,0.263
"Heyward, Jason",518792,2025,95,,,0.176,0.223,0.271,0.494,0.095,0.201,0.291,0.245,0.217,85.1,11.5,22.1,4.4,33.8,60.3,32.4,26.7,46.4,64.3,45.6,19.1,47.1,30.9,11.8,0.197
"Vargas, Miguel",678246,2025,569,,,0.234,0.316,0.401,0.717,0.167,0.237,0.407,0.319,0.314,89.7,22.6,36.6,9.3,40.5,69.2,21.6,20.6,46.2,85.3,40.5,23.3,29.0,35.1,25.3,0.261
"Goldschmidt, Paul",502671,2025,534,,,0.274,0.328,0.403,0.731,0.129,0.266,0.45,0.329,0.316,90.4,15.9,36.1,7.9,43.7,66.3,27.3,20.5,47.8,70.7,37.1,30.4,38.9,29.7,25.8,0.325
"Mitchell, Garrett",669003,2025,78,,,0.206,0.286,0.294,0.58,0.088,0.229,0.341,0.288,0.261,90.4,10.8,28.9,6.7,42.2,65.8,23.8,30.9,44.9,82.4,33.3,33.3,48.9,20.0,24.4,0.318
"Grisham, Trent",663757,2025,581,,,0.235,0.348,0.464,0.812,0.229,0.248,0.498,0.37,0.353,91.1,16.4,34.6,14.2,46.4,58.1,17.3,22.7,38.9,71.6,47.8,16.8,37.2,33.5,20.7,0.253
"Stefanic, Michael",683021,2025,25,,,0.182,0.28,0.182,0.462,0.0,0.216,0.312,0.283,0.224,90.7,10.6,21.1,5.3,42.1,55.3,21.6,16.2,37.8,25.0,52.6,10.5,47.4,21.1,21.1,0.211
"Martini, Nick",605361,2025,111,,,0.225,0.288,0.294,0.582,0.069,0.215,0.292,0.253,0.259,85.7,14.6,26.2,3.6,31.0,63.8,26.5,19.1,44.9,71.8,33.3,31.0,45.2,27.4,20.2,0.265
"Sanoja, Javier",691594,2025,342,,,0.243,0.287,0.396,0.683,0.153,0.251,0.342,0.282,0.294,88.5,10.8,31.8,1.8,35.0,60.8,30.6,12.4,46.9,74.8,35.0,24.3,47.5,18.9,26.1,0.259
"Rivero, Sebastián",665861,2025,34,,,0.182,0.206,0.242,0.448,0.06,0.168,0.278,0.204,0.198,86.9,15.3,41.7,8.3,29.2,72.9,49.1,35.4,62.2,73.3,33.3,29.2,41.7,25.0,25.0,0.25
"Nootbaar, Lars",663457,2025,583,,,0.234,0.325,0.361,0.686,0.127,0.231,0.4,0.317,0.304,91.3,16.5,33.0,10.2,50.0,56.0,22.0,20.9,39.4,66.5,33.8,26.9,37.8,26.1,25.4,0.279
"Allen, Nick",669397,2025,416,,,0.221,0.284,0.251,0.535,0.03,0.22,0.267,0.252,0.245,84.8,13.3,29.3,0.0,21.6,67.8,25.8,21.5,48.4,76.2,29.3,31.8,47.0,19.1,24.7,0.298
"Garcia, Aramis",605244,2025,4,,,0.0,0.0,0.0,0.0,0.0,0.041,0.076,0.051,0.0,91.3,23.1,100.0,0.0,0.0,62.5,12.5,66.7,37.5,50.0,100.0,0.0,0.0,0.0,100.0,0.0
"Lee, Brooks",686797,2025,527,,,0.236,0.285,0.37,0.655,0.134,0.234,0.374,0.289,0.286,88.6,13.2,30.8,5.8,38.5,68.6,31.8,24.0,49.8,77.0,40.8,22.8,44.3,29.0,20.5,0.258
"Alvarez Jr., Nacho",805373,2025,208,,,0.234,0.296,0.33,0.626,0.096,0.228,0.308,0.27,0.279,84.9,17.8,33.1,1.4,26.8,58.4,25.2,22.2,43.0,59.1,31.0,28.9,38.0,23.2,24.6,0.304
"Singleton, Jon",572138,2025,9,,,0.111,0.111,0.111,0.222,0.0,0.253,0.397,0.279,0.098,83.5,0.5,0.0,0.0,50.0,75.0,11.1,15.4,52.0,100.0,0.0,12.5,75.0,25.0,0.0,0.125
"Adams, Jordyn",677941,2025,5,,,0.0,0.0,0.0,0.0,0.0,0.197,0.335,0.224,0.0,94.3,18.2,33.3,0.0,66.7,75.0,50.0,55.6,64.3,100.0,33.3,33.3,33.3,33.3,33.3,0.0
"Rodríguez, Johnathan",671286,2025,77,,,0.197,0.26,0.366,0.626,0.169,0.225,0.356,0.282,0.273,92.1,-1.9,28.6,6.1,55.1,61.2,28.9,37.7,44.1,87.0,38.8,32.7,59.2,14.3,24.5,0.255
"Díaz, Yandy",650490,2025,651,,,0.3,0.366,0.482,0.848,0.182,0.285,0.459,0.353,0.364,93.0,5.0,29.2,8.3,52.5,63.7,24.0,17.9,44.4,78.4,25.0,33.3,54.0,20.0,22.4,0.318
"Riley, Austin",663586,2025,447,,,0.26,0.309,0.428,0.737,0.168,0.246,0.472,0.33,0.318,92.3,16.8,37.0,15.2,50.2,72.2,27.7,29.5,51.0,82.7,42.6,20.8,34.6,32.9,26.3,0.337
"Torrens, Luis",620443,2025,283,,,0.226,0.284,0.345,0.629,0.119,0.274,0.454,0.338,0.278,90.6,6.2,35.9,10.7,48.1,68.5,25.8,20.7,49.3,77.7,30.1,25.7,50.5,20.9,26.7,0.27
"Rooker, Brent",667670,2025,699,,,0.262,0.335,0.479,0.814,0.217,0.261,0.489,0.351,0.349,90.7,16.4,39.7,13.7,44.8,75.3,26.5,30.8,50.0,85.5,42.9,22.2,37.0,30.2,26.0,0.302
"Cowser, Colton",681297,2025,360,,,0.196,0.269,0.385,0.654,0.189,0.2,0.404,0.293,0.285,90.9,13.8,32.7,14.1,46.0,60.4,23.8,34.6,42.4,64.2,40.2,26.6,45.2,33.2,18.1,0.262
"House, Brady",691781,2025,274,,,0.234,0.252,0.322,0.574,0.088,0.256,0.37,0.284,0.248,89.8,5.8,36.2,4.3,46.3,75.7,36.8,30.9,57.2,92.1,32.4,30.9,46.3,23.9,27.7,0.31
"Tromp, Chadwick",644433,2025,22,,,0.143,0.182,0.333,0.515,0.19,0.169,0.277,0.213,0.221,90.2,13.2,26.7,6.7,40.0,51.5,38.9,25.8,44.9,100.0,26.7,20.0,40.0,20.0,20.0,0.143
"Rortvedt, Ben",666163,2025,128,,,0.152,0.24,0.205,0.445,0.053,0.185,0.246,0.24,0.211,81.2,13.6,23.9,3.3,19.6,65.8,28.4,25.4,47.2,73.2,41.3,26.1,50.0,20.7,13.0,0.182
"Winker, Jesse",608385,2025,81,,,0.229,0.309,0.4,0.709,0.171,0.204,0.35,0.277,0.301,89.5,20.5,29.4,7.8,45.1,68.5,18.8,22.4,45.1,80.8,54.9,23.5,37.3,19.6,21.6,0.3
"Lipscomb, Trey",702358,2025,4,,,0.5,0.5,0.5,1.0,0.0,0.139,0.149,0.127,0.441,90.8,-48.3,0.0,0.0,33.3,60.0,33.3,25.0,50.0,100.0,0.0,0.0,100.0,0.0,0.0,0.667
"Arenado, Nolan",571448,2025,436,,,0.237,0.289,0.377,0.666,0.14,0.245,0.366,0.289,0.287,86.8,19.0,31.5,3.9,32.6,64.9,33.9,17.9,49.1,65.0,42.1,23.0,36.5,30.1,21.6,0.241
"Caminero, Junior",691406,2025,653,,,0.264,0.311,0.535,0.846,0.271,0.255,0.501,0.346,0.357,92.4,10.7,27.7,14.0,51.4,69.5,32.2,24.7,50.4,76.7,44.4,19.0,46.7,25.8,19.0,0.26
"Lindor, Francisco",596019,2025,732,,,0.267,0.346,0.466,0.812,0.199,0.26,0.454,0.345,0.35,90.5,15.1,34.6,8.8,44.4,67.3,26.7,20.8,47.7,73.4,42.1,22.5,39.0,27.5,25.0,0.288
