"last_name, first_name",player_id,year,b_total_pa,b_ab,b_total_hits,b_home_run,b_rbi,b_k_percent,b_bb_percent,batting_avg,on_base_percent,slg_percent,on_base_plus_slg,isolated_power,xba,xslg,xwoba,xobp,woba,exit_velocity_avg,launch_angle_avg,sweet_spot_percent,barrel_batted_rate,hard_hit_percent,z_swing_percent,oz_swing_percent,whiff_percent,swing_percent,meatball_swing_percent,iz_contact_percent,oz_contact_percent,pull_percent,straightaway_percent,opposite_percent,groundballs_percent,flyballs_percent,linedrives_percent,popups_percent,babip,player
"Straw, Myles",664702,2025,299,,,,32,,,0.262,0.313,0.367,0.68,0.105,0.252,0.365,0.295,0.303,0.299,87.2,14.8,36.2,3.9,27.1,62.4,27.5,17.3,47.0,70.7,87.0,70.1,32.3,36.2,31.4,40.6,26.2,26.6,6.6,0.308,Myles Straw
"Sullivan, Brett",664954,2025,9,,,,2,,,0.167,0.333,0.167,0.5,0.0,0.141,0.368,0.374,0.396,0.255,98.0,20.9,50.0,25.0,100.0,71.4,26.7,26.3,52.8,80.0,73.3,75.0,50.0,50.0,0.0,25.0,50.0,25.0,0.0,0.25,Brett Sullivan
"Wisely, Brett",689172,2025,63,,,,10,,,0.185,0.279,0.315,0.594,0.13,0.2,0.347,0.284,0.292,0.267,87.3,25.4,28.6,7.1,31.0,66.9,31.3,20.9,49.4,69.2,83.1,70.0,35.7,45.2,19.0,28.6,35.7,21.4,14.3,0.231,Brett Wisely
"Carter, Evan",694497,2025,220,,,,25,,,0.247,0.336,0.392,0.728,0.145,0.241,0.36,0.308,0.331,0.321,86.7,13.7,34.0,5.9,34.6,65.7,20.0,25.5,44.3,74.0,81.9,46.8,37.3,40.5,22.2,38.6,23.5,28.1,9.8,0.291,Evan Carter
"LeMahieu, DJ",518934,2025,142,,,,12,,,0.266,0.338,0.336,0.674,0.07,0.245,0.338,0.295,0.32,0.304,91.7,4.1,28.0,4.3,51.6,59.4,24.0,22.0,42.1,77.5,85.4,58.7,15.1,44.1,40.9,60.2,15.1,22.6,2.2,0.352,DJ LeMahieu
"Nuñez, Dom",624513,2025,7,,,,0,,,0.286,0.286,0.286,0.572,0.0,0.047,0.052,0.043,0.047,0.252,72.9,-27.2,0.0,0.0,0.0,46.7,23.1,60.0,35.7,,57.1,0.0,33.3,0.0,66.7,100.0,0.0,0.0,0.0,0.667,Dom Nuñez
"Altuve, Jose",514888,2025,654,,,,77,,,0.265,0.329,0.442,0.771,0.177,0.237,0.384,0.3,0.305,0.331,85.1,17.7,29.8,6.2,30.9,63.5,38.9,20.7,50.0,66.0,86.6,69.6,52.5,31.3,16.3,43.2,25.1,19.8,11.9,0.283,Jose Altuve
"Burger, Jake",669394,2025,376,,,,53,,,0.236,0.269,0.419,0.688,0.183,0.246,0.478,0.324,0.28,0.295,90.4,16.1,33.5,13.9,48.5,71.0,39.9,29.2,55.1,84.0,83.4,49.4,34.6,38.0,27.4,39.5,28.6,22.9,9.0,0.272,Jake Burger
"Gray, Tristan",656484,2025,86,,,,9,,,0.231,0.282,0.41,0.692,0.179,0.257,0.473,0.349,0.315,0.298,91.4,18.5,42.6,13.1,44.3,76.1,27.6,31.9,52.7,82.1,73.4,52.4,44.3,42.6,13.1,31.1,27.9,31.1,9.8,0.263,Tristan Gray
"Lee, Brooks",686797,2025,527,,,,64,,,0.236,0.285,0.37,0.655,0.134,0.234,0.374,0.289,0.285,0.286,88.6,13.2,30.8,5.8,38.5,68.6,31.8,24.0,49.8,77.0,88.0,51.4,40.8,36.5,22.8,44.3,29.0,20.5,6.3,0.258,Brooks Lee
"Ozuna, Marcell",542303,2025,592,,,,68,,,0.232,0.355,0.4,0.755,0.168,0.239,0.448,0.354,0.362,0.334,89.9,14.1,35.1,11.4,44.6,57.9,22.3,25.8,39.4,71.6,81.1,57.7,42.9,34.3,22.9,40.3,32.6,22.3,4.9,0.28,Marcell Ozuna
"Rortvedt, Ben",666163,2025,128,,,,10,,,0.152,0.24,0.205,0.445,0.053,0.185,0.246,0.24,0.27,0.211,81.2,13.6,23.9,3.3,19.6,65.8,28.4,25.4,47.2,73.2,78.4,65.8,41.3,32.6,26.1,50.0,20.7,13.0,16.3,0.182,Ben Rortvedt
"Doyle, Brenton",686668,2025,538,,,,57,,,0.233,0.274,0.376,0.65,0.143,0.234,0.41,0.296,0.277,0.282,89.9,9.8,33.0,10.8,44.6,71.0,30.1,29.7,50.4,80.4,81.6,44.1,40.0,37.8,22.2,46.5,25.9,23.0,4.6,0.289,Brenton Doyle
"Davis, Henry",680779,2025,283,,,,22,,,0.167,0.234,0.278,0.512,0.111,0.213,0.389,0.293,0.279,0.229,88.6,23.3,33.0,11.5,37.4,75.9,34.3,28.9,55.3,81.6,79.7,51.1,41.2,36.3,22.5,33.5,30.2,21.4,14.8,0.203,Henry Davis
"Ogasawara, Shinnosuke",829272,2025,1,,,,0,,,0.0,0.0,0.0,0.0,0.0,0.0,0.0,0.0,0.0,0.0,,,,,,0.0,,,0.0,0.0,,,,,,,,,,0.0,Shinnosuke Ogasawara
"Flores, Wilmer",527038,2025,463,,,,71,,,0.241,0.307,0.379,0.686,0.138,0.225,0.334,0.281,0.294,0.302,85.9,18.8,35.6,4.8,26.9,63.2,29.3,20.8,46.7,70.7,85.6,64.8,38.9,35.0,26.0,35.0,26.9,26.0,12.0,0.267,Wilmer Flores
"De La Cruz, Elly",682829,2025,699,,,,86,,,0.264,0.336,0.44,0.776,0.176,0.251,0.424,0.322,0.325,0.333,91.0,7.6,32.5,10.2,44.2,64.1,28.5,31.7,45.7,75.3,78.5,47.0,36.5,37.2,26.3,51.2,20.9,22.7,5.1,0.337,Elly De La Cruz
"Campero, Gustavo",672569,2025,66,,,,8,,,0.172,0.273,0.345,0.618,0.173,0.239,0.399,0.325,0.331,0.277,85.3,14.2,27.3,6.8,22.7,69.4,29.3,27.6,48.9,88.9,80.6,53.7,31.8,38.6,29.5,43.2,29.5,22.7,4.5,0.171,Gustavo Campero
"Domínguez, Jasson",691176,2025,429,,,,47,,,0.257,0.331,0.388,0.719,0.131,0.237,0.37,0.306,0.316,0.316,90.6,13.0,28.9,7.0,49.6,72.8,30.9,27.2,50.4,76.9,82.9,52.0,35.9,37.0,27.0,45.2,27.0,20.7,7.0,0.338,Jasson Domínguez
"Vaughn, Andrew",683734,2025,447,,,,65,,,0.254,0.307,0.411,0.718,0.157,0.273,0.479,0.349,0.329,0.311,91.6,13.3,38.4,12.0,47.7,66.0,28.3,21.7,46.9,71.8,86.8,59.3,37.5,38.1,24.3,41.7,27.0,25.2,6.0,0.28,Andrew Vaughn
"Ruiz, Esteury",665923,2025,23,,,,2,,,0.19,0.261,0.333,0.594,0.143,0.162,0.33,0.249,0.235,0.264,81.5,9.0,15.4,7.7,23.1,73.2,36.2,48.9,53.4,70.0,53.3,47.1,15.4,76.9,7.7,61.5,23.1,7.7,7.7,0.25,Esteury Ruiz
"Alexander, Tyler",641302,2025,1,,,,0,,,0.0,0.0,0.0,0.0,0.0,0.053,0.066,0.055,0.053,0.0,93.6,-34.7,0.0,0.0,0.0,50.0,100.0,0.0,66.7,,100.0,100.0,0.0,0.0,100.0,100.0,0.0,0.0,0.0,0.0,Tyler Alexander
"Williams, Luke",663897,2025,34,,,,5,,,0.129,0.176,0.194,0.37,0.065,0.185,0.228,0.23,0.242,0.167,86.9,13.4,30.4,4.3,27.3,68.3,29.5,27.1,52.7,100.0,81.4,38.5,43.5,34.8,21.7,43.5,13.0,30.4,13.0,0.174,Luke Williams
"Rosario, Amed",642708,2025,191,,,,23,,,0.276,0.309,0.436,0.745,0.16,0.288,0.439,0.331,0.323,0.321,91.2,9.9,35.1,6.0,45.0,73.4,36.7,22.2,55.9,80.5,86.7,58.4,43.0,34.4,22.5,47.7,21.2,24.5,6.6,0.303,Amed Rosario
"Rodríguez, Johnathan",671286,2025,77,,,,10,,,0.197,0.26,0.366,0.626,0.169,0.225,0.356,0.282,0.285,0.273,92.1,-1.9,28.6,6.1,55.1,61.2,28.9,37.7,44.1,87.0,73.3,41.7,38.8,28.6,32.7,59.2,14.3,24.5,2.0,0.255,Johnathan Rodríguez
"Seager, Corey",608369,2025,445,,,,50,,,0.271,0.373,0.487,0.86,0.216,0.285,0.569,0.4,0.386,0.365,92.9,11.6,34.2,15.3,53.6,78.0,23.0,27.9,49.9,87.4,81.8,40.8,34.2,42.7,23.1,44.7,31.9,21.7,1.7,0.299,Corey Seager
"Maldonado, Martín",455117,2025,161,,,,12,,,0.204,0.245,0.327,0.572,0.123,0.192,0.344,0.251,0.234,0.251,86.0,16.1,30.2,9.4,28.1,56.5,31.6,38.4,45.3,61.1,72.3,39.5,47.9,31.3,20.8,42.7,24.0,19.8,13.5,0.302,Martín Maldonado
"Winn, Masyn",691026,2025,537,,,,51,,,0.253,0.31,0.363,0.673,0.11,0.24,0.347,0.286,0.298,0.297,88.3,16.0,31.3,4.8,34.6,62.3,25.9,19.6,45.3,70.3,85.8,65.7,38.9,35.1,26.0,39.2,24.4,25.4,10.9,0.301,Masyn Winn
"Alvarez, Yordan",670541,2025,199,,,,27,,,0.273,0.367,0.43,0.797,0.157,0.284,0.549,0.393,0.383,0.338,94.7,18.3,42.8,13.8,52.9,63.6,26.7,22.4,44.0,58.3,89.1,53.5,39.9,33.3,26.8,34.1,31.9,26.8,7.2,0.295,Yordan Alvarez
"Martin, Austin",668885,2025,181,,,,7,,,0.282,0.374,0.365,0.739,0.083,0.279,0.403,0.345,0.372,0.333,86.2,9.7,35.4,5.5,38.6,63.2,18.8,17.4,40.6,75.4,90.1,58.3,41.7,37.8,20.5,52.0,16.5,26.0,5.5,0.347,Austin Martin
"Fletcher, Dominic",666150,2025,34,,,,2,,,0.219,0.265,0.469,0.734,0.25,0.248,0.37,0.289,0.292,0.311,89.1,15.8,23.3,3.3,40.0,71.0,35.3,11.8,52.3,90.9,97.7,70.8,43.3,33.3,23.3,43.3,26.7,20.0,10.0,0.207,Dominic Fletcher
"Dingler, Dillon",693307,2025,469,,,,57,,,0.278,0.327,0.425,0.752,0.147,0.29,0.475,0.351,0.339,0.326,90.0,15.8,42.3,9.2,45.7,64.3,30.2,24.8,48.5,71.5,85.5,49.6,38.7,36.2,25.2,36.2,26.4,30.4,7.1,0.345,Dillon Dingler
"Jansen, Danny",643376,2025,337,,,,36,,,0.215,0.321,0.399,0.72,0.184,0.199,0.356,0.299,0.309,0.318,87.6,24.0,35.6,8.8,39.0,65.5,19.8,24.0,43.2,84.9,81.9,55.4,48.8,34.1,17.1,28.3,32.2,22.0,17.6,0.253,Danny Jansen
"Reyes, Pablo",622569,2025,34,,,,2,,,0.194,0.242,0.226,0.468,0.032,0.197,0.276,0.236,0.247,0.214,87.8,16.5,27.3,4.5,31.8,63.5,17.5,24.6,43.5,72.7,78.7,60.0,22.7,45.5,31.8,50.0,13.6,22.7,13.6,0.286,Pablo Reyes
"Rodríguez, Endy",682848,2025,57,,,,2,,,0.173,0.246,0.25,0.496,0.077,0.192,0.29,0.249,0.264,0.226,92.2,15.1,36.8,2.6,44.7,65.3,19.5,24.5,45.9,66.7,83.1,41.2,47.4,34.2,18.4,34.2,34.2,23.7,7.9,0.237,Endy Rodríguez
"Salazar, César",663967,2025,16,,,,1,,,0.231,0.375,0.231,0.606,0.0,0.213,0.253,0.298,0.361,0.297,82.1,11.9,36.4,0.0,18.2,80.0,26.1,26.9,54.2,100.0,85.0,33.3,54.5,27.3,18.2,54.5,18.2,27.3,0.0,0.273,César Salazar
"Johnston, Troy",687859,2025,121,,,,13,,,0.277,0.331,0.42,0.751,0.143,0.27,0.458,0.338,0.325,0.328,89.6,14.6,39.5,9.3,40.7,67.6,36.0,31.0,51.6,79.3,77.3,53.7,44.2,40.7,15.1,37.2,23.3,33.7,5.8,0.329,Troy Johnston
"Valera, George",671655,2025,48,,,,5,,,0.22,0.333,0.415,0.748,0.195,0.187,0.278,0.272,0.306,0.33,91.1,2.2,28.6,3.6,42.9,61.0,22.3,29.8,41.4,66.7,78.7,47.8,32.1,46.4,21.4,50.0,21.4,21.4,7.1,0.269,George Valera
"Canario, Alexander",672744,2025,234,,,,20,,,0.218,0.274,0.338,0.612,0.12,0.219,0.407,0.295,0.275,0.27,87.4,10.5,35.8,12.4,43.8,74.8,32.3,39.0,53.4,88.6,70.0,40.4,39.4,35.8,24.8,45.3,27.0,21.9,5.8,0.313,Alexander Canario
"Tena, José",677588,2025,169,,,,16,,,0.243,0.314,0.355,0.669,0.112,0.243,0.364,0.302,0.316,0.296,89.2,1.2,34.5,5.2,40.5,63.3,27.9,22.0,45.0,76.9,85.0,63.3,25.0,44.0,31.0,59.5,14.7,25.9,0.0,0.319,José Tena
"Allen, Greg",656185,2025,14,,,,0,,,0.0,0.0,0.0,0.0,0.0,0.146,0.177,0.142,0.146,0.0,89.9,12.0,11.1,0.0,33.3,72.4,34.8,41.4,55.8,100.0,71.4,25.0,55.6,33.3,11.1,66.7,33.3,0.0,0.0,0.0,Greg Allen
"Mervis, Matt",670223,2025,134,,,,14,,,0.175,0.254,0.383,0.637,0.208,0.145,0.266,0.223,0.229,0.274,88.3,22.3,26.8,8.5,38.0,74.2,35.3,39.9,54.7,92.3,68.2,43.2,49.3,32.4,18.3,36.6,35.2,14.1,14.1,0.219,Matt Mervis
"Young, Cole",702284,2025,257,,,,24,,,0.211,0.302,0.305,0.607,0.094,0.224,0.355,0.297,0.314,0.274,87.6,17.2,33.3,5.6,31.1,63.9,23.5,24.6,44.5,73.4,79.3,64.1,41.7,28.3,30.0,38.3,28.9,22.2,10.6,0.247,Cole Young
"Giménez, Andrés",665926,2025,369,,,,35,,,0.21,0.285,0.313,0.598,0.103,0.252,0.361,0.308,0.325,0.269,86.3,11.0,32.6,3.0,27.7,67.1,34.7,23.8,51.9,74.8,81.6,64.7,36.0,39.3,24.7,43.4,24.7,26.2,5.6,0.239,Andrés Giménez
"Foscue, Justin",679822,2025,9,,,,2,,,0.111,0.111,0.222,0.333,0.111,0.161,0.279,0.189,0.161,0.139,93.0,38.5,16.7,0.0,66.7,66.7,13.3,10.0,47.6,80.0,88.9,100.0,50.0,33.3,16.7,16.7,50.0,16.7,16.7,0.167,Justin Foscue
"Manzardo, Kyle",700932,2025,531,,,,70,,,0.234,0.313,0.455,0.768,0.221,0.224,0.443,0.322,0.305,0.329,90.3,21.3,37.1,11.8,43.8,67.0,27.4,27.7,48.4,70.2,79.3,53.3,39.7,34.4,25.9,30.3,35.3,24.4,10.0,0.265,Kyle Manzardo
"Handley, Maverick",668974,2025,47,,,,3,,,0.073,0.133,0.073,0.206,0.0,0.127,0.194,0.177,0.186,0.106,83.5,4.1,26.9,0.0,34.6,69.7,25.7,35.8,51.9,94.1,71.1,36.8,38.5,42.3,19.2,57.7,23.1,15.4,3.8,0.125,Maverick Handley
"Cowser, Colton",681297,2025,360,,,,40,,,0.196,0.269,0.385,0.654,0.189,0.2,0.404,0.293,0.274,0.285,90.9,13.8,32.7,14.1,46.0,60.4,23.8,34.6,42.4,64.2,76.4,36.2,40.2,33.2,26.6,45.2,33.2,18.1,3.5,0.262,Colton Cowser
"Kingery, Scott",664068,2025,29,,,,0,,,0.148,0.207,0.185,0.392,0.037,0.155,0.206,0.196,0.213,0.182,86.1,9.1,12.5,6.3,31.3,74.6,35.6,40.0,57.7,50.0,68.2,37.5,37.5,50.0,12.5,68.8,25.0,0.0,6.3,0.25,Scott Kingery
"Tovar, Ezequiel",678662,2025,390,,,,33,,,0.253,0.294,0.4,0.694,0.147,0.261,0.441,0.319,0.302,0.301,89.4,16.4,43.7,9.3,38.9,82.1,41.2,31.4,60.7,85.7,79.5,48.9,38.1,32.2,29.6,35.6,27.4,31.5,5.6,0.322,Ezequiel Tovar
"Basallo, Samuel",694212,2025,118,,,,15,,,0.165,0.229,0.33,0.559,0.165,0.216,0.378,0.286,0.275,0.246,89.1,13.8,20.3,8.9,43.0,73.9,38.7,29.4,56.0,75.7,78.9,55.2,40.5,30.4,29.1,49.4,32.9,11.4,6.3,0.187,Samuel Basallo
"Baty, Brett",683146,2025,432,,,,50,,,0.254,0.313,0.435,0.748,0.181,0.252,0.457,0.334,0.313,0.324,90.7,5.8,32.6,12.8,46.9,66.6,24.9,27.3,46.7,78.9,79.8,51.9,35.4,42.7,21.9,51.0,21.2,24.0,3.8,0.304,Brett Baty
"Gorski, Matt",685301,2025,42,,,,4,,,0.195,0.214,0.39,0.604,0.195,0.194,0.379,0.253,0.213,0.256,85.3,8.4,32.0,12.0,32.0,56.8,43.0,38.9,49.7,62.5,64.0,57.5,36.0,40.0,24.0,44.0,28.0,20.0,8.0,0.261,Matt Gorski
"Trout, Mike",545361,2025,556,,,,64,,,0.232,0.359,0.439,0.798,0.207,0.236,0.474,0.358,0.364,0.343,90.9,17.5,44.4,15.8,49.3,55.9,20.7,29.9,38.8,66.5,79.3,43.8,37.7,34.2,28.2,34.2,30.3,28.2,7.4,0.31,Mike Trout
"Schwarber, Kyle",656941,2025,724,,,,132,,,0.24,0.365,0.563,0.928,0.323,0.249,0.581,0.401,0.373,0.391,94.3,20.1,35.3,20.8,59.6,64.1,21.5,33.1,41.8,72.6,75.8,42.7,54.7,28.2,17.2,34.3,34.3,22.5,8.8,0.253,Kyle Schwarber
"Guillorme, Luis",641645,2025,21,,,,0,,,0.15,0.19,0.15,0.34,0.0,0.244,0.272,0.25,0.282,0.159,88.1,5.2,33.3,0.0,25.0,63.0,25.7,28.9,46.9,77.8,69.0,77.8,50.0,41.7,8.3,66.7,0.0,25.0,8.3,0.25,Luis Guillorme
"Wallner, Matt",670242,2025,392,,,,40,,,0.202,0.311,0.464,0.775,0.262,0.202,0.435,0.325,0.312,0.334,91.0,21.1,33.9,13.8,45.5,72.0,28.4,35.5,50.5,89.3,72.1,44.5,48.7,32.6,18.8,34.4,33.5,18.8,13.4,0.228,Matt Wallner
"Wynns, Austin",642851,2025,110,,,,21,,,0.291,0.321,0.544,0.865,0.253,0.233,0.427,0.295,0.266,0.365,88.6,13.0,35.6,9.6,46.6,67.0,29.1,27.6,51.5,80.0,79.4,49.1,43.8,38.4,17.8,43.8,31.5,20.5,4.1,0.364,Austin Wynns
"Rogers, Jake",668670,2025,142,,,,19,,,0.187,0.277,0.333,0.61,0.146,0.194,0.321,0.274,0.286,0.27,89.5,17.2,36.8,9.2,40.2,63.3,21.9,26.7,44.0,74.0,79.8,51.7,49.4,26.4,24.1,42.5,24.1,21.8,11.5,0.241,Jake Rogers
"Bernabel, Warming",682653,2025,146,,,,14,,,0.252,0.288,0.41,0.698,0.158,0.247,0.337,0.273,0.283,0.301,85.4,13.2,34.2,2.6,32.5,72.9,39.6,20.8,55.4,78.8,86.7,66.7,42.1,36.8,21.1,42.1,23.7,24.6,9.6,0.282,Warming Bernabel
"Leiter, Jack",683004,2025,1,,,,0,,,0.0,0.0,0.0,0.0,0.0,0.0,0.0,0.0,0.0,0.0,,,,,,0.0,100.0,100.0,33.3,0.0,,0.0,,,,,,,,0.0,Jack Leiter
"Encarnacion-Strand, Christian",687952,2025,137,,,,19,,,0.208,0.234,0.377,0.611,0.169,0.207,0.408,0.275,0.235,0.261,87.9,21.0,29.0,9.0,44.0,66.2,46.6,25.8,56.3,80.0,86.9,56.8,47.0,32.0,21.0,39.0,30.0,18.0,13.0,0.223,Christian Encarnacion-Strand
"Davidson, Logan",669722,2025,47,,,,4,,,0.167,0.222,0.286,0.508,0.119,0.138,0.246,0.198,0.196,0.225,87.4,12.1,13.6,4.5,27.3,67.3,22.0,37.5,47.1,85.0,69.7,35.0,31.8,45.5,22.7,59.1,27.3,9.1,4.5,0.316,Logan Davidson
"Grichuk, Randal",545341,2025,293,,,,27,,,0.228,0.273,0.401,0.674,0.173,0.259,0.457,0.326,0.305,0.289,92.4,17.6,33.6,11.7,49.5,65.4,31.4,19.8,48.7,71.9,90.3,57.9,44.4,33.2,22.4,38.3,27.1,23.4,11.2,0.259,Randal Grichuk
"Seigler, Anthony",678011,2025,73,,,,5,,,0.194,0.292,0.21,0.502,0.016,0.24,0.342,0.305,0.334,0.239,89.3,10.6,43.8,2.1,37.5,67.2,18.0,27.4,42.4,68.4,81.5,40.0,33.3,37.5,29.2,50.0,20.8,29.2,0.0,0.255,Anthony Seigler
"Vázquez, Christian",543877,2025,214,,,,14,,,0.189,0.271,0.274,0.545,0.085,0.21,0.307,0.271,0.291,0.248,85.9,15.3,35.7,3.8,27.4,60.2,25.7,16.9,42.7,73.8,88.7,70.4,38.2,39.5,22.3,37.6,26.8,25.5,10.2,0.214,Christian Vázquez
"Robertson, Will",683770,2025,75,,,,9,,,0.129,0.173,0.143,0.316,0.014,0.145,0.218,0.188,0.195,0.149,85.0,25.2,31.8,9.1,31.8,68.5,39.7,35.7,53.8,77.8,75.3,46.3,43.2,36.4,20.5,29.5,22.7,27.3,20.5,0.205,Will Robertson
"Wilson, Weston",642215,2025,125,,,,17,,,0.198,0.282,0.369,0.651,0.171,0.251,0.427,0.33,0.329,0.288,89.4,14.4,38.5,10.3,41.0,62.9,24.6,30.1,44.0,80.0,77.8,49.2,50.0,32.1,17.9,42.3,26.9,25.6,5.1,0.236,Weston Wilson
"Hicks, Liam",689414,2025,390,,,,45,,,0.247,0.346,0.346,0.692,0.099,0.244,0.35,0.315,0.346,0.313,84.6,10.6,39.0,3.5,27.7,55.3,17.6,15.1,37.4,64.8,90.8,64.1,37.2,37.9,24.8,43.6,23.8,28.7,3.9,0.278,Liam Hicks
"Rosario, Eddie",592696,2025,8,,,,0,,,0.125,0.125,0.125,0.25,0.0,0.236,0.545,0.329,0.236,0.11,87.3,5.8,50.0,16.7,66.7,85.7,33.3,40.0,65.2,100.0,66.7,33.3,50.0,33.3,16.7,33.3,33.3,33.3,0.0,0.167,Eddie Rosario
"Anthony, Roman",701350,2025,303,,,,32,,,0.292,0.396,0.463,0.859,0.171,0.258,0.484,0.372,0.369,0.376,94.5,6.9,37.4,15.5,60.3,55.9,20.0,29.8,37.4,51.6,80.7,42.4,37.9,42.5,19.5,50.6,23.0,24.1,2.3,0.404,Roman Anthony
"Chapman, Matt",656305,2025,535,,,,61,,,0.231,0.34,0.43,0.77,0.199,0.243,0.417,0.34,0.352,0.336,92.2,15.7,34.0,9.9,47.6,63.8,20.1,25.3,42.4,77.2,80.7,54.8,43.4,33.7,22.9,40.4,24.7,22.3,12.7,0.27,Matt Chapman
"Abrams, CJ",682928,2025,635,,,,60,,,0.257,0.315,0.433,0.748,0.176,0.245,0.401,0.309,0.305,0.324,88.7,13.3,34.4,7.6,39.2,67.4,32.6,24.4,50.6,78.4,83.0,59.3,43.8,34.6,21.6,40.1,28.1,23.7,8.1,0.296,CJ Abrams
"Jankowski, Travis",608671,2025,50,,,,2,,,0.244,0.286,0.289,0.575,0.045,0.236,0.267,0.248,0.28,0.256,84.6,-0.4,22.9,0.0,34.3,61.1,27.0,23.3,47.3,80.0,89.4,35.0,34.3,42.9,22.9,62.9,11.4,20.0,5.7,0.324,Travis Jankowski
"Urías, Luis",649966,2025,330,,,,25,,,0.23,0.315,0.338,0.653,0.108,0.234,0.346,0.3,0.321,0.293,86.2,14.5,30.6,3.7,30.2,59.4,22.9,13.3,42.2,67.5,91.2,73.6,40.0,38.4,21.6,44.1,23.7,20.8,11.4,0.245,Luis Urías
"Caballero, José",676609,2025,370,,,,36,,,0.236,0.339,0.347,0.686,0.111,0.218,0.332,0.299,0.324,0.309,86.0,17.4,36.5,5.9,30.6,62.8,28.4,26.7,45.0,71.4,82.6,54.1,37.4,41.9,20.7,40.1,23.9,26.1,9.9,0.324,José Caballero
"Vierling, Matt",663837,2025,100,,,,11,,,0.239,0.31,0.307,0.617,0.068,0.25,0.436,0.338,0.326,0.278,92.2,20.4,27.3,12.1,45.5,61.5,25.2,18.5,44.7,86.4,89.6,58.8,24.2,39.4,36.4,33.3,42.4,19.7,4.5,0.308,Matt Vierling
"Martini, Nick",605361,2025,111,,,,4,,,0.225,0.288,0.294,0.582,0.069,0.215,0.292,0.253,0.279,0.259,85.7,14.6,26.2,3.6,31.0,63.8,26.5,19.1,44.9,71.8,88.2,63.8,33.3,35.7,31.0,45.2,27.4,20.2,7.1,0.265,Nick Martini
"Devanney, Cam",687478,2025,38,,,,1,,,0.139,0.184,0.167,0.351,0.028,0.137,0.241,0.188,0.183,0.162,90.4,27.4,33.3,6.7,46.7,74.7,25.3,45.2,51.9,90.0,60.0,36.8,53.3,20.0,26.7,20.0,46.7,26.7,6.7,0.333,Cam Devanney
"Canzone, Dominic",686527,2025,269,,,,32,,,0.3,0.358,0.481,0.839,0.181,0.29,0.533,0.376,0.349,0.361,92.3,10.5,37.4,14.4,49.7,68.2,36.8,26.4,51.6,75.0,82.7,58.5,38.5,40.6,20.9,43.9,23.5,29.4,3.2,0.352,Dominic Canzone
"Rafaela, Ceddanne",678882,2025,587,,,,63,,,0.249,0.295,0.414,0.709,0.165,0.242,0.416,0.305,0.289,0.307,88.3,12.8,32.3,9.2,38.7,75.3,42.2,26.8,58.9,83.2,82.1,57.1,37.6,39.6,22.8,44.0,26.0,21.4,8.5,0.289,Ceddanne Rafaela
"Hernaiz, Darell",687231,2025,197,,,,16,,,0.231,0.292,0.306,0.598,0.075,0.255,0.351,0.305,0.321,0.266,85.0,6.3,31.4,3.2,30.1,70.0,30.9,19.3,50.8,80.0,85.8,68.5,34.0,44.2,21.8,49.4,19.9,25.6,5.1,0.25,Darell Hernaiz
"Adames, Willy",642715,2025,686,,,,87,,,0.225,0.318,0.421,0.739,0.196,0.224,0.435,0.327,0.319,0.321,88.9,21.1,35.6,12.6,42.8,67.9,26.7,29.2,46.7,77.6,81.2,46.0,44.2,31.8,24.0,31.8,36.3,22.3,9.5,0.263,Willy Adames
"Blanco, Dairon",680118,2025,8,,,,1,,,0.167,0.167,0.333,0.5,0.166,0.185,0.213,0.175,0.185,0.209,79.1,28.3,16.7,0.0,0.0,72.2,28.6,29.4,53.1,100.0,69.2,75.0,16.7,33.3,50.0,50.0,16.7,16.7,16.7,0.25,Dairon Blanco
"Wade Jr., LaMonte",664774,2025,242,,,,18,,,0.167,0.271,0.254,0.525,0.087,0.205,0.321,0.281,0.304,0.241,89.7,21.9,33.8,4.5,31.8,62.5,17.0,22.8,40.9,76.0,86.2,40.5,37.0,38.3,24.7,31.2,34.4,25.3,9.1,0.22,LaMonte Wade Jr.
"Hinds, Rece",677956,2025,44,,,,3,,,0.116,0.136,0.279,0.415,0.163,0.173,0.395,0.247,0.192,0.177,92.5,4.0,31.8,18.2,50.0,73.3,39.6,52.7,54.4,85.7,58.2,31.6,63.6,27.3,9.1,63.6,22.7,9.1,4.5,0.15,Rece Hinds
"Kiner-Falefa, Isiah",643396,2025,459,,,,40,,,0.262,0.297,0.334,0.631,0.072,0.245,0.304,0.262,0.281,0.279,84.6,4.0,29.7,1.4,27.5,63.7,32.1,15.1,49.1,70.1,91.9,68.6,37.8,37.2,25.0,58.1,11.1,24.4,6.4,0.314,Isiah Kiner-Falefa
"Marte, Noelvi",682622,2025,360,,,,51,,,0.263,0.3,0.448,0.748,0.185,0.245,0.418,0.304,0.285,0.321,88.5,12.7,32.0,9.0,36.3,70.6,33.0,27.1,51.8,75.6,80.5,56.5,44.5,32.0,23.4,45.7,25.4,21.5,7.4,0.31,Noelvi Marte
"Judge, Aaron",592450,2025,679,,,,114,,,0.331,0.457,0.688,1.145,0.357,0.3,0.708,0.46,0.434,0.463,95.4,19.0,39.4,24.7,58.2,67.0,22.5,34.6,43.7,78.6,75.3,38.9,36.3,37.1,26.5,33.5,38.4,22.4,5.7,0.376,Aaron Judge
"Kelenic, Jarred",672284,2025,65,,,,2,,,0.167,0.231,0.3,0.531,0.133,0.182,0.384,0.272,0.245,0.236,89.1,16.0,21.6,13.5,37.8,71.3,27.0,41.5,50.4,78.9,70.1,24.2,35.1,45.9,18.9,45.9,35.1,5.4,13.5,0.229,Jarred Kelenic
"Semien, Marcus",543760,2025,534,,,,62,,,0.23,0.305,0.364,0.669,0.134,0.243,0.395,0.318,0.321,0.295,88.3,19.4,35.8,6.7,35.0,75.3,23.4,22.6,49.0,90.6,86.1,50.0,44.6,36.8,18.7,34.5,33.4,23.1,9.1,0.251,Marcus Semien
"Walker, Christian",572233,2025,640,,,,88,,,0.238,0.297,0.421,0.718,0.183,0.233,0.435,0.314,0.294,0.31,90.9,16.9,34.5,12.9,46.1,75.8,28.1,30.5,52.2,84.2,78.7,43.8,42.2,35.2,22.6,37.4,29.4,24.3,9.0,0.291,Christian Walker
"Amaya, Jacob",676070,2025,73,,,,8,,,0.106,0.139,0.121,0.26,0.015,0.174,0.227,0.197,0.208,0.12,88.5,12.4,22.2,0.0,29.6,53.5,24.4,19.6,39.8,61.9,85.5,67.7,29.6,37.0,33.3,51.9,16.7,22.2,9.3,0.132,Jacob Amaya
"Bruján, Vidal",660644,2025,95,,,,8,,,0.253,0.305,0.31,0.615,0.057,0.224,0.32,0.266,0.279,0.275,88.2,7.5,35.8,0.0,37.3,76.1,27.3,23.4,53.3,100.0,85.7,47.7,34.3,40.3,25.4,46.3,20.9,26.9,6.0,0.328,Vidal Bruján
"Hummel, Cooper",669450,2025,105,,,,7,,,0.17,0.298,0.273,0.571,0.103,0.196,0.383,0.313,0.32,0.268,92.0,11.3,31.0,12.1,37.9,64.8,20.5,32.4,41.8,84.1,82.1,25.0,41.4,36.2,22.4,50.0,27.6,15.5,6.9,0.222,Cooper Hummel
"Ward, Taylor",621493,2025,663,,,,103,,,0.228,0.317,0.475,0.792,0.247,0.231,0.45,0.333,0.32,0.339,90.1,18.0,34.9,13.7,42.7,53.7,20.7,23.8,37.6,67.3,86.5,48.0,36.6,36.3,27.1,34.4,36.1,21.7,7.8,0.257,Taylor Ward
"Casas, Triston",671213,2025,112,,,,11,,,0.182,0.277,0.303,0.58,0.121,0.212,0.409,0.304,0.303,0.256,87.6,15.1,34.7,9.7,44.4,72.6,23.4,31.1,48.5,83.3,75.3,48.0,40.3,34.7,25.0,38.9,34.7,22.2,4.2,0.217,Triston Casas
"Crews, Dylan",686611,2025,322,,,,27,,,0.208,0.28,0.352,0.632,0.144,0.235,0.393,0.307,0.304,0.279,89.7,8.5,26.7,9.7,38.7,66.2,29.5,30.7,48.1,75.0,82.1,39.5,35.9,38.7,25.3,50.2,24.9,18.9,6.0,0.246,Dylan Crews
"Trammell, Taylor",666211,2025,135,,,,12,,,0.197,0.296,0.333,0.629,0.136,0.187,0.307,0.271,0.289,0.282,91.0,15.5,33.8,7.8,40.3,67.8,21.9,38.6,45.5,73.2,69.8,33.9,42.9,32.5,24.7,42.9,24.7,23.4,9.1,0.27,Taylor Trammell
"Wong, Connor",657136,2025,188,,,,7,,,0.19,0.262,0.238,0.5,0.048,0.221,0.295,0.266,0.291,0.23,85.5,10.4,28.7,3.1,31.0,64.3,32.3,24.7,48.3,63.1,84.2,57.5,38.0,40.3,21.7,51.2,20.9,18.6,9.3,0.25,Connor Wong
"Moore, Dylan",664238,2025,243,,,,25,,,0.201,0.267,0.374,0.641,0.173,0.191,0.326,0.262,0.261,0.28,84.8,21.3,34.3,8.6,34.3,69.7,24.8,33.3,48.7,81.8,70.9,53.0,42.9,35.0,22.1,35.0,32.1,20.0,12.9,0.256,Dylan Moore
"Bellinger, Cody",641355,2025,656,,,,98,,,0.272,0.334,0.48,0.814,0.208,0.25,0.425,0.323,0.317,0.347,88.3,18.5,37.1,7.5,37.9,67.0,30.1,18.1,48.3,77.7,87.5,69.6,42.4,31.8,25.8,32.9,35.7,24.3,7.1,0.274,Cody Bellinger
"Chourio, Jackson",694192,2025,589,,,,78,,,0.27,0.308,0.463,0.771,0.193,0.247,0.426,0.307,0.288,0.328,89.3,10.6,34.0,9.7,42.3,70.4,36.9,26.0,53.4,79.6,84.0,55.6,34.3,38.4,27.4,42.8,25.7,24.1,7.4,0.308,Jackson Chourio
"Norby, Connor",681393,2025,337,,,,34,,,0.251,0.3,0.389,0.689,0.138,0.241,0.417,0.307,0.292,0.3,88.3,15.9,42.0,9.4,37.1,76.1,32.2,29.3,54.2,88.0,81.3,45.5,44.2,30.4,25.4,38.8,30.8,25.4,4.9,0.324,Connor Norby
"Smith, Cam",701358,2025,493,,,,51,,,0.236,0.312,0.358,0.67,0.122,0.235,0.376,0.304,0.312,0.298,87.9,8.9,34.6,6.9,40.8,66.1,29.6,28.7,48.4,76.0,81.6,46.7,35.6,34.3,30.1,45.1,22.9,27.5,4.6,0.32,Cam Smith
"Santander, Anthony",623993,2025,221,,,,18,,,0.175,0.271,0.294,0.565,0.119,0.188,0.301,0.265,0.286,0.255,89.6,18.5,27.6,4.5,41.0,68.1,31.1,24.5,48.5,74.2,81.6,63.6,51.5,30.6,17.9,37.3,25.4,23.9,13.4,0.219,Anthony Santander
"Wiemer, Joey",686894,2025,61,,,,12,,,0.236,0.279,0.436,0.715,0.2,0.241,0.458,0.305,0.284,0.297,91.4,6.4,38.2,14.7,61.8,75.0,35.9,33.1,56.6,73.3,75.9,45.9,58.8,26.5,14.7,47.1,29.4,23.5,0.0,0.323,Joey Wiemer
"Tucker, Kyle",663656,2025,597,,,,73,,,0.266,0.377,0.464,0.841,0.198,0.27,0.483,0.372,0.381,0.363,90.1,17.2,37.5,10.8,40.4,70.8,17.6,20.2,45.2,85.8,84.9,57.9,45.2,33.9,20.9,33.9,32.7,26.7,6.7,0.282,Kyle Tucker
"Beck, Jordan",687597,2025,588,,,,53,,,0.258,0.317,0.416,0.733,0.158,0.231,0.395,0.301,0.293,0.319,87.4,12.8,36.9,9.6,38.5,67.2,27.4,31.2,47.4,76.8,76.9,48.6,39.1,38.0,23.0,42.1,26.5,26.2,5.2,0.351,Jordan Beck
"Lipscomb, Trey",702358,2025,4,,,,0,,,0.5,0.5,0.5,1.0,0.0,0.139,0.149,0.127,0.139,0.441,90.8,-48.3,0.0,0.0,33.3,60.0,33.3,25.0,50.0,100.0,66.7,100.0,0.0,100.0,0.0,100.0,0.0,0.0,0.0,0.667,Trey Lipscomb
"Stefanic, Michael",683021,2025,25,,,,0,,,0.182,0.28,0.182,0.462,0.0,0.216,0.312,0.283,0.31,0.224,90.7,10.6,21.1,5.3,42.1,55.3,21.6,16.2,37.8,25.0,84.6,81.8,52.6,36.8,10.5,47.4,21.1,21.1,10.5,0.211,Michael Stefanic
"Fry, David",681807,2025,157,,,,23,,,0.171,0.229,0.363,0.592,0.192,0.135,0.256,0.202,0.195,0.258,88.7,23.0,23.9,9.1,39.8,69.0,34.2,32.6,52.6,73.8,74.0,52.5,50.0,33.0,17.0,36.4,28.4,18.2,17.0,0.212,David Fry
"Alcántara, Sergio",642727,2025,4,,,,0,,,0.0,0.0,0.0,0.0,0.0,0.047,0.066,0.05,0.047,0.0,84.2,20.6,0.0,0.0,0.0,50.0,37.5,25.0,44.4,50.0,80.0,66.7,50.0,0.0,50.0,50.0,50.0,0.0,0.0,0.0,Sergio Alcántara
"Newman, Kevin",621028,2025,116,,,,11,,,0.202,0.209,0.272,0.481,0.07,0.211,0.283,0.218,0.218,0.209,86.6,9.2,28.3,2.2,29.3,70.0,32.1,17.0,52.4,67.6,89.1,67.7,32.6,46.7,20.7,52.2,21.7,21.7,4.3,0.236,Kevin Newman
"Realmuto, J.T.",592663,2025,550,,,,52,,,0.257,0.315,0.384,0.699,0.127,0.253,0.411,0.316,0.313,0.307,90.0,11.1,36.7,8.8,45.5,65.6,32.3,24.3,48.6,71.1,85.4,56.8,38.8,35.6,25.5,44.7,23.7,25.8,5.9,0.321,J.T. Realmuto
"Eldridge, Bryce",805811,2025,37,,,,4,,,0.107,0.297,0.179,0.476,0.072,0.175,0.506,0.362,0.349,0.242,95.6,12.0,25.0,25.0,68.8,68.5,17.2,35.4,40.6,62.5,74.0,33.3,37.5,50.0,12.5,43.8,50.0,6.3,0.0,0.188,Bryce Eldridge
"Fulford, Braxton",690924,2025,120,,,,16,,,0.213,0.267,0.324,0.591,0.111,0.198,0.327,0.262,0.258,0.258,87.3,19.8,30.7,5.3,38.7,69.4,27.4,30.6,48.8,88.0,79.5,42.6,34.7,42.7,22.7,34.7,36.0,22.7,6.7,0.297,Braxton Fulford
"Baker, Luken",663609,2025,41,,,,2,,,0.235,0.366,0.324,0.69,0.089,0.217,0.376,0.328,0.351,0.317,94.6,22.1,25.0,8.3,54.2,67.1,20.5,32.9,42.9,72.7,72.7,50.0,45.8,33.3,20.8,37.5,20.8,20.8,20.8,0.333,Luken Baker
"Bohm, Alec",664761,2025,504,,,,59,,,0.287,0.331,0.409,0.74,0.122,0.275,0.413,0.324,0.325,0.322,90.8,6.8,35.6,6.2,46.4,66.9,26.3,14.6,48.2,84.8,90.3,70.6,27.3,47.4,25.3,49.7,20.9,27.3,2.1,0.324,Alec Bohm
"Rice, Ben",700250,2025,530,,,,65,,,0.255,0.337,0.499,0.836,0.244,0.283,0.557,0.394,0.365,0.358,93.3,14.2,39.3,15.4,56.1,65.5,21.2,21.2,43.3,74.8,86.0,55.8,44.4,34.4,21.1,39.8,28.5,24.9,6.8,0.271,Ben Rice
"Goodman, Hunter",696100,2025,579,,,,91,,,0.278,0.323,0.52,0.843,0.242,0.244,0.466,0.324,0.292,0.359,90.8,17.3,32.8,12.8,46.9,75.3,36.7,32.0,55.0,79.1,80.1,45.8,48.7,33.3,17.9,38.5,28.7,22.6,10.3,0.331,Hunter Goodman
"Julks, Corey",667452,2025,13,,,,1,,,0.25,0.231,0.417,0.648,0.167,0.103,0.211,0.162,0.118,0.26,85.5,10.9,50.0,0.0,20.0,65.5,28.6,28.0,50.0,85.7,78.9,50.0,30.0,40.0,30.0,30.0,70.0,0.0,0.0,0.3,Corey Julks
"Pozo, Yohel",650968,2025,168,,,,19,,,0.231,0.262,0.375,0.637,0.144,0.246,0.357,0.276,0.277,0.275,87.7,17.8,29.5,2.2,35.3,76.0,48.1,19.8,60.7,82.1,86.7,71.8,41.0,29.5,29.5,38.8,18.0,25.2,18.0,0.239,Yohel Pozo
"Adell, Jo",666176,2025,573,,,,98,,,0.236,0.293,0.485,0.778,0.249,0.26,0.549,0.365,0.316,0.333,91.7,16.1,35.1,17.3,50.0,74.2,32.7,28.5,52.6,84.5,83.1,47.5,38.0,36.4,25.5,38.0,29.8,23.4,8.8,0.257,Jo Adell
"DeJong, Paul",657557,2025,208,,,,23,,,0.228,0.269,0.373,0.642,0.145,0.194,0.351,0.259,0.241,0.278,88.1,22.7,37.3,10.3,39.7,76.2,36.9,33.2,57.2,92.3,78.8,40.4,40.5,42.1,17.5,29.4,34.1,25.4,11.1,0.317,Paul DeJong
"Rivera, Emmanuel",656896,2025,127,,,,13,,,0.25,0.291,0.283,0.574,0.033,0.246,0.312,0.267,0.288,0.258,86.7,11.6,38.5,1.0,32.3,72.4,35.1,28.7,52.7,81.6,82.2,51.1,25.0,43.8,31.3,41.7,24.0,31.3,3.1,0.313,Emmanuel Rivera
"Taylor, Chris",621035,2025,125,,,,12,,,0.186,0.256,0.301,0.557,0.115,0.205,0.324,0.27,0.275,0.25,85.9,18.6,38.9,6.9,36.1,72.6,24.4,38.6,51.8,81.4,67.3,38.0,44.4,29.2,26.4,34.7,26.4,29.2,9.7,0.271,Chris Taylor
"Grisham, Trent",663757,2025,581,,,,74,,,0.235,0.348,0.464,0.812,0.229,0.248,0.498,0.37,0.359,0.353,91.1,16.4,34.6,14.2,46.4,58.1,17.3,22.7,38.9,71.6,83.4,54.4,47.8,35.5,16.8,37.2,33.5,20.7,8.7,0.253,Trent Grisham
"Contreras, William",661388,2025,659,,,,76,,,0.26,0.355,0.399,0.754,0.139,0.248,0.393,0.328,0.348,0.332,91.1,7.0,31.6,6.4,48.5,67.9,25.2,24.2,46.5,79.2,82.9,57.1,35.2,38.9,25.9,50.4,21.7,23.9,4.0,0.299,William Contreras
"Acosta, Maximo",691185,2025,61,,,,5,,,0.204,0.295,0.389,0.684,0.185,0.248,0.473,0.349,0.334,0.302,93.5,9.9,37.8,13.5,56.8,55.0,25.0,29.5,38.2,81.3,81.7,51.4,43.2,48.6,8.1,48.6,35.1,13.5,2.7,0.235,Maximo Acosta
"Espinal, Santiago",669289,2025,328,,,,16,,,0.243,0.292,0.282,0.574,0.039,0.229,0.287,0.254,0.28,0.259,86.5,15.1,31.3,0.7,25.7,64.7,23.9,14.1,45.2,74.6,91.2,70.3,38.4,35.1,26.5,43.7,23.5,23.9,9.0,0.275,Santiago Espinal
"Cheng, Tsung-Che",691907,2025,7,,,,0,,,0.0,0.0,0.0,0.0,0.0,0.167,0.218,0.165,0.167,0.0,93.2,17.9,25.0,0.0,50.0,75.0,25.0,28.6,58.3,66.7,75.0,50.0,0.0,25.0,75.0,50.0,25.0,25.0,0.0,0.0,Tsung-Che Cheng
"McCusker, Carson",676812,2025,30,,,,1,,,0.172,0.2,0.172,0.372,0.0,0.179,0.289,0.218,0.207,0.17,78.0,11.5,15.4,7.7,30.8,60.7,34.7,51.7,45.8,75.0,61.8,30.8,46.2,15.4,38.5,38.5,38.5,15.4,7.7,0.385,Carson McCusker
"Baldwin, Brooks",681460,2025,328,,,,38,,,0.24,0.29,0.407,0.697,0.167,0.235,0.416,0.307,0.288,0.302,90.4,14.8,36.8,10.9,40.9,72.8,33.4,24.6,53.2,86.4,82.8,59.1,44.5,34.5,20.9,41.4,28.6,22.7,7.3,0.298,Brooks Baldwin
"Bryant, Kris",592178,2025,41,,,,1,,,0.154,0.195,0.205,0.4,0.051,0.159,0.301,0.217,0.2,0.181,90.8,13.0,46.2,7.7,34.6,74.1,25.6,35.7,50.3,100.0,76.2,28.6,42.3,38.5,19.2,38.5,30.8,30.8,0.0,0.231,Kris Bryant
"Stanton, Giancarlo",519317,2025,281,,,,66,,,0.273,0.35,0.594,0.944,0.321,0.235,0.52,0.354,0.318,0.395,94.4,17.5,35.7,22.1,55.2,58.1,25.3,37.4,41.4,59.0,72.3,41.0,43.5,28.6,27.9,35.1,31.2,22.7,11.0,0.338,Giancarlo Stanton
"Rushing, Dalton",687221,2025,155,,,,24,,,0.204,0.258,0.324,0.582,0.12,0.203,0.379,0.283,0.262,0.256,90.8,17.2,37.2,14.0,45.3,65.7,19.6,35.7,44.8,78.7,73.1,28.3,52.3,27.9,19.8,34.9,31.4,24.4,9.3,0.305,Dalton Rushing
"Martínez, Angel",682657,2025,484,,,,45,,,0.224,0.269,0.359,0.628,0.135,0.215,0.313,0.255,0.262,0.274,87.1,18.4,32.2,3.5,29.3,69.2,39.8,21.4,54.4,80.9,86.2,65.6,46.7,34.8,18.6,38.6,29.6,23.5,8.4,0.271,Angel Martínez
"Tatis Jr., Fernando",665487,2025,691,,,,71,,,0.268,0.368,0.446,0.814,0.178,0.272,0.488,0.37,0.372,0.353,93.3,9.4,28.9,10.9,51.8,70.3,24.4,27.0,45.9,88.7,82.3,49.3,36.2,40.3,23.6,49.0,25.3,19.9,5.8,0.303,Fernando Tatis Jr.
"Lawlar, Jordan",691783,2025,74,,,,5,,,0.182,0.257,0.288,0.545,0.106,0.19,0.294,0.253,0.266,0.244,87.0,17.2,36.6,4.9,34.1,61.0,26.6,33.3,44.2,85.0,77.5,40.5,63.4,17.1,19.5,39.0,24.4,29.3,7.3,0.293,Jordan Lawlar
"Schneider, Davis",676914,2025,227,,,,31,,,0.234,0.361,0.436,0.797,0.202,0.188,0.409,0.323,0.324,0.351,90.8,24.2,27.9,14.0,41.1,68.2,20.9,28.5,42.7,81.8,82.1,42.1,56.6,29.5,14.0,30.2,38.8,16.3,14.7,0.28,Davis Schneider
"Nootbaar, Lars",663457,2025,583,,,,48,,,0.234,0.325,0.361,0.686,0.127,0.231,0.4,0.317,0.323,0.304,91.3,16.5,33.0,10.2,50.0,56.0,22.0,20.9,39.4,66.5,87.0,58.3,33.8,39.3,26.9,37.8,26.1,25.4,10.7,0.279,Lars Nootbaar
"Tellez, Rowdy",642133,2025,312,,,,49,,,0.228,0.276,0.443,0.719,0.215,0.234,0.479,0.328,0.286,0.307,91.2,14.8,36.8,15.3,46.4,59.3,30.1,28.1,44.9,68.5,82.1,51.6,32.5,39.2,28.2,38.8,31.6,22.0,7.7,0.255,Rowdy Tellez
"Kieboom, Carter",666198,2025,8,,,,1,,,0.25,0.25,0.25,0.5,0.0,0.244,0.302,0.243,0.244,0.221,80.7,13.1,14.3,0.0,28.6,82.4,37.5,20.0,60.6,100.0,85.7,66.7,0.0,71.4,28.6,42.9,42.9,14.3,0.0,0.286,Carter Kieboom
"Naylor, Josh",647304,2025,604,,,,92,,,0.295,0.353,0.462,0.815,0.167,0.271,0.436,0.335,0.335,0.351,89.2,11.6,30.8,6.7,41.9,72.6,37.1,22.1,53.9,80.8,86.9,62.0,42.2,39.6,18.3,45.8,26.0,23.0,5.2,0.315,Josh Naylor
"France, Ty",664034,2025,490,,,,52,,,0.257,0.32,0.36,0.68,0.103,0.259,0.425,0.328,0.325,0.302,89.5,10.5,35.2,7.7,44.2,73.5,31.3,21.3,51.8,79.2,88.5,56.8,31.6,39.0,29.4,46.7,24.2,25.8,3.3,0.3,Ty France
"Simon, Ronny",682927,2025,88,,,,7,,,0.234,0.299,0.273,0.572,0.039,0.24,0.35,0.295,0.31,0.259,88.4,10.0,27.7,6.2,36.9,60.8,27.4,17.4,44.9,64.3,86.4,73.3,29.2,40.0,30.8,53.8,16.9,16.9,12.3,0.281,Ronny Simon
"Feduccia, Hunter",676439,2025,105,,,,8,,,0.148,0.267,0.205,0.472,0.057,0.188,0.281,0.275,0.307,0.226,87.6,16.3,31.1,8.2,32.8,64.8,23.2,28.3,44.4,75.0,79.1,50.0,32.8,27.9,39.3,45.9,18.0,24.6,11.5,0.213,Hunter Feduccia
"Hill, Derek",656537,2025,149,,,,11,,,0.216,0.281,0.328,0.609,0.112,0.232,0.416,0.309,0.295,0.272,91.2,6.8,38.2,11.2,49.4,69.3,39.1,33.5,53.5,73.3,81.3,42.4,31.5,39.3,29.2,49.4,16.9,31.5,2.2,0.313,Derek Hill
"Miller, Owen",680911,2025,17,,,,1,,,0.143,0.294,0.143,0.437,0.0,0.176,0.187,0.264,0.33,0.228,76.7,-1.5,10.0,0.0,20.0,62.9,30.3,12.5,47.1,100.0,86.4,90.0,40.0,50.0,10.0,70.0,20.0,10.0,0.0,0.2,Owen Miller
"Mead, Curtis",678554,2025,264,,,,19,,,0.233,0.299,0.321,0.62,0.088,0.232,0.35,0.289,0.299,0.278,87.5,17.1,33.7,4.5,34.8,67.3,27.8,21.1,48.0,75.0,87.0,60.1,34.3,34.8,30.9,37.6,30.3,23.6,8.4,0.303,Curtis Mead
"Navarreto, Brian",640459,2025,15,,,,5,,,0.286,0.267,0.643,0.91,0.357,0.247,0.486,0.33,0.254,0.362,96.1,12.1,25.0,25.0,66.7,66.7,40.0,25.0,57.1,80.0,83.3,50.0,58.3,41.7,0.0,58.3,33.3,0.0,8.3,0.273,Brian Navarreto
"Pereda, Jhonny",640902,2025,78,,,,4,,,0.246,0.325,0.333,0.658,0.087,0.194,0.28,0.254,0.277,0.295,89.1,6.6,26.5,4.1,44.9,62.9,20.2,30.0,42.0,70.0,72.0,63.6,32.7,40.8,26.5,59.2,12.2,20.4,8.2,0.354,Jhonny Pereda
"Suzuki, Seiya",673548,2025,651,,,,103,,,0.245,0.326,0.478,0.804,0.233,0.247,0.493,0.352,0.33,0.343,91.3,17.9,40.2,16.6,48.7,59.1,20.5,23.9,40.6,63.4,84.3,50.2,41.9,34.7,23.4,31.8,34.7,25.8,7.7,0.282,Seiya Suzuki
"Barrosa, Jorge",678489,2025,77,,,,7,,,0.141,0.169,0.225,0.394,0.084,0.165,0.243,0.193,0.194,0.171,87.8,7.7,26.9,0.0,30.8,62.1,34.8,26.9,48.9,68.2,84.8,50.9,48.1,38.5,13.5,44.2,34.6,21.2,0.0,0.176,Jorge Barrosa
"Jones, Nolan",666134,2025,403,,,,34,,,0.211,0.296,0.304,0.6,0.093,0.224,0.373,0.301,0.309,0.27,90.8,13.0,35.8,8.5,46.7,63.3,26.8,27.9,46.4,74.1,78.7,53.8,35.4,37.8,26.8,43.1,26.0,25.2,5.7,0.292,Nolan Jones
"Smith, Will",669257,2025,436,,,,61,,,0.296,0.404,0.497,0.901,0.201,0.269,0.496,0.378,0.382,0.389,91.3,18.4,41.7,12.2,47.1,56.8,19.5,22.2,38.8,68.2,84.6,56.6,32.7,41.4,25.9,32.7,36.7,25.5,5.0,0.345,Will Smith
"Arenado, Nolan",571448,2025,436,,,,52,,,0.237,0.289,0.377,0.666,0.14,0.245,0.366,0.289,0.298,0.287,86.8,19.0,31.5,3.9,32.6,64.9,33.9,17.9,49.1,65.0,91.3,65.5,42.1,34.8,23.0,36.5,30.1,21.6,11.8,0.241,Nolan Arenado
"Kayfus, CJ",692216,2025,138,,,,19,,,0.22,0.292,0.415,0.707,0.195,0.242,0.427,0.322,0.314,0.306,88.7,16.4,41.4,9.2,36.8,75.5,29.2,35.7,53.3,80.6,76.3,30.4,37.9,31.0,31.0,39.1,32.2,27.6,1.1,0.28,CJ Kayfus
"Ohtani, Shohei",660271,2025,727,,,,102,,,0.282,0.392,0.622,1.014,0.34,0.274,0.649,0.425,0.387,0.418,94.9,15.0,35.9,23.5,58.7,66.1,26.0,33.4,45.0,76.1,75.2,46.7,43.2,37.8,19.0,39.7,35.7,21.1,3.5,0.315,Shohei Ohtani
"Muncy, Max",571970,2025,388,,,,67,,,0.243,0.376,0.47,0.846,0.227,0.238,0.497,0.374,0.374,0.366,91.3,19.6,37.4,13.6,51.5,65.4,20.0,23.5,42.4,79.0,82.9,56.3,51.5,32.3,16.2,31.5,40.9,23.0,4.7,0.264,Max Muncy
"Marchán, Rafael",665561,2025,118,,,,13,,,0.21,0.282,0.305,0.587,0.095,0.213,0.293,0.261,0.285,0.264,85.6,11.1,26.7,2.2,22.2,65.0,24.0,22.8,44.9,86.5,83.6,59.3,46.7,33.3,20.0,52.2,21.1,17.8,8.9,0.23,Rafael Marchán
"Senger, Hayden",663584,2025,78,,,,4,,,0.181,0.221,0.194,0.415,0.013,0.215,0.321,0.259,0.256,0.19,88.6,9.7,28.8,3.8,38.5,68.4,39.0,33.1,54.7,57.9,80.6,39.1,40.4,38.5,21.2,46.2,17.3,26.9,9.6,0.255,Hayden Senger
"Trejo, Alan",676701,2025,43,,,,1,,,0.175,0.19,0.225,0.415,0.05,0.206,0.351,0.244,0.221,0.181,87.9,16.1,17.1,8.6,28.6,76.5,33.3,22.1,58.1,92.9,83.1,61.9,40.0,37.1,22.9,42.9,45.7,11.4,0.0,0.206,Alan Trejo
"Vilade, Ryan",668723,2025,15,,,,0,,,0.077,0.2,0.077,0.277,0.0,0.21,0.334,0.295,0.316,0.151,96.6,-1.4,25.0,12.5,75.0,76.5,26.9,21.2,55.0,100.0,84.6,57.1,0.0,87.5,12.5,75.0,12.5,12.5,0.0,0.125,Ryan Vilade
"Barnes, Austin",605131,2025,44,,,,2,,,0.214,0.233,0.286,0.519,0.072,0.227,0.303,0.24,0.245,0.227,80.9,4.2,34.5,3.4,20.7,54.8,26.8,28.6,42.7,88.9,86.3,31.6,37.9,41.4,20.7,48.3,13.8,31.0,6.9,0.321,Austin Barnes
"Cortes, Carlos",666126,2025,99,,,,14,,,0.309,0.323,0.543,0.866,0.234,0.267,0.443,0.314,0.291,0.363,89.8,16.3,36.8,9.2,44.7,68.3,30.6,21.4,51.2,83.3,80.7,73.1,31.6,48.7,19.7,39.5,26.3,27.6,6.6,0.347,Carlos Cortes
"Marsh, Brandon",669016,2025,425,,,,43,,,0.28,0.342,0.443,0.785,0.163,0.263,0.432,0.33,0.328,0.339,91.1,12.6,39.1,8.3,46.4,66.2,29.1,23.2,47.1,79.0,88.6,51.6,37.7,35.1,27.2,41.7,26.1,27.9,4.3,0.363,Brandon Marsh
"Brooks, Trenton",670092,2025,43,,,,2,,,0.146,0.186,0.268,0.454,0.122,0.214,0.338,0.255,0.25,0.199,89.4,18.2,28.6,7.1,35.7,78.3,27.6,23.7,55.4,81.3,81.9,57.1,42.9,32.1,25.0,46.4,28.6,17.9,7.1,0.185,Trenton Brooks
"Frelick, Sal",686217,2025,594,,,,63,,,0.288,0.351,0.405,0.756,0.117,0.255,0.339,0.299,0.324,0.332,85.5,12.1,30.7,3.1,27.4,60.0,26.3,12.8,44.1,62.6,90.7,77.7,41.0,34.2,24.8,46.7,20.2,23.2,10.1,0.317,Sal Frelick
"Brown, Seth",664913,2025,76,,,,3,,,0.185,0.303,0.262,0.565,0.077,0.193,0.344,0.295,0.31,0.265,87.2,18.7,40.5,9.5,40.5,69.7,29.5,32.4,48.7,71.4,81.8,37.0,50.0,26.2,23.8,33.3,35.7,23.8,7.1,0.268,Seth Brown
"Toglia, Michael",669911,2025,337,,,,32,,,0.19,0.258,0.353,0.611,0.163,0.199,0.351,0.271,0.268,0.265,89.9,17.7,38.1,10.2,43.2,67.4,30.8,37.3,48.9,76.3,74.5,37.4,43.8,33.0,23.3,36.4,28.4,29.5,5.7,0.285,Michael Toglia
"Misner, Kameron",670224,2025,217,,,,22,,,0.213,0.273,0.345,0.618,0.132,0.191,0.299,0.247,0.253,0.272,87.6,15.0,27.5,5.3,29.8,63.1,30.6,34.4,47.3,75.5,76.0,43.1,38.9,34.4,26.7,43.5,26.7,23.7,6.1,0.296,Kameron Misner
"Jones, Jahmai",663330,2025,150,,,,23,,,0.287,0.387,0.55,0.937,0.263,0.291,0.547,0.399,0.39,0.399,91.5,20.0,38.1,13.4,53.6,69.6,21.5,26.0,45.2,86.7,80.9,52.3,44.3,32.0,23.7,32.0,24.7,28.9,14.4,0.333,Jahmai Jones
"Kwan, Steven",680757,2025,693,,,,56,,,0.272,0.33,0.374,0.704,0.102,0.273,0.366,0.31,0.334,0.31,86.2,15.6,39.7,1.9,19.3,58.8,22.7,8.7,41.9,68.8,96.1,77.0,29.7,38.8,31.5,39.1,26.1,29.0,5.7,0.283,Steven Kwan
"Gonzalez, Romy",663853,2025,341,,,,53,,,0.305,0.343,0.483,0.826,0.178,0.276,0.48,0.344,0.32,0.352,93.3,5.5,33.5,12.6,57.3,73.5,35.1,29.3,54.0,85.7,82.3,47.1,31.8,38.9,29.3,50.2,21.3,26.4,2.1,0.378,Romy Gonzalez
"Brantly, Rob",542963,2025,7,,,,1,,,0.429,0.429,0.429,0.858,0.0,0.23,0.262,0.217,0.23,0.378,89.4,32.0,33.3,0.0,16.7,100.0,42.9,46.7,78.9,100.0,66.7,0.0,0.0,16.7,83.3,16.7,50.0,33.3,0.0,0.5,Rob Brantly
"García, Adolis",666969,2025,547,,,,75,,,0.227,0.271,0.394,0.665,0.167,0.232,0.427,0.304,0.278,0.286,92.1,16.3,33.2,11.6,46.7,69.9,35.8,30.3,52.2,76.3,77.2,56.1,38.0,35.4,26.6,36.9,33.8,22.2,7.1,0.267,Adolis García
"Garcia, Aramis",605244,2025,4,,,,0,,,0.0,0.0,0.0,0.0,0.0,0.041,0.076,0.051,0.041,0.0,91.3,23.1,100.0,0.0,0.0,62.5,12.5,66.7,37.5,50.0,40.0,0.0,100.0,0.0,0.0,0.0,0.0,100.0,0.0,0.0,Aramis Garcia
"Conforto, Michael",624424,2025,486,,,,36,,,0.199,0.305,0.333,0.638,0.134,0.233,0.41,0.33,0.336,0.287,89.9,12.9,34.3,9.7,44.0,66.2,23.2,24.9,45.1,79.4,81.9,55.1,38.0,34.7,27.3,42.0,30.0,22.3,5.7,0.247,Michael Conforto
"Duran, Jarren",680776,2025,696,,,,84,,,0.256,0.332,0.442,0.774,0.186,0.248,0.41,0.326,0.327,0.335,91.8,12.0,34.5,9.7,46.8,64.2,31.1,29.3,47.2,68.7,83.6,45.5,35.4,38.5,26.2,41.5,25.1,25.5,7.9,0.326,Jarren Duran
"Romo, Drew",691011,2025,3,,,,0,,,0.0,0.0,0.0,0.0,0.0,0.0,0.0,0.0,0.0,0.0,,,,,,0.0,70.0,100.0,58.3,,,0.0,,,,,,,,0.0,Drew Romo
"Vavra, Terrin",679631,2025,1,,,,0,,,0.0,0.0,0.0,0.0,0.0,0.658,0.729,0.6,0.658,0.0,100.6,8.2,100.0,0.0,100.0,100.0,50.0,0.0,75.0,,100.0,100.0,0.0,100.0,0.0,0.0,0.0,100.0,0.0,0.0,Terrin Vavra
"Reynolds, Bryan",668804,2025,654,,,,73,,,0.245,0.318,0.402,0.72,0.157,0.259,0.447,0.338,0.331,0.315,91.2,7.3,38.4,10.1,46.0,73.4,26.0,29.4,49.6,83.9,80.5,42.9,41.2,34.8,24.0,47.2,23.5,28.3,1.0,0.319,Bryan Reynolds
"Garcia, Maikel",672580,2025,666,,,,74,,,0.286,0.351,0.449,0.8,0.163,0.276,0.422,0.335,0.343,0.347,91.3,9.7,34.5,5.6,45.1,58.0,20.8,15.0,40.1,68.8,90.6,68.3,35.3,39.7,25.0,44.9,21.6,27.2,6.4,0.308,Maikel Garcia
"Kim, Ha-Seong",673490,2025,191,,,,17,,,0.234,0.304,0.345,0.649,0.111,0.242,0.356,0.297,0.312,0.288,89.7,15.7,33.6,5.2,43.3,54.1,21.2,15.5,40.0,52.7,88.9,69.4,40.3,38.1,21.6,37.3,24.6,27.6,10.4,0.271,Ha-Seong Kim
"Trevino, Jose",624431,2025,302,,,,22,,,0.238,0.272,0.351,0.623,0.113,0.242,0.355,0.278,0.279,0.271,87.9,10.9,29.0,4.4,40.7,59.5,32.2,18.4,46.6,64.8,86.8,71.0,42.3,35.5,22.2,47.6,22.2,23.4,6.9,0.259,Jose Trevino
"Mesa Jr., Victor",683748,2025,38,,,,6,,,0.188,0.297,0.344,0.641,0.156,0.229,0.418,0.331,0.333,0.288,91.1,14.1,32.1,7.1,42.9,75.8,33.3,21.3,53.2,75.0,84.0,68.0,46.4,21.4,32.1,35.7,39.3,25.0,0.0,0.192,Victor Mesa Jr.
"Durbin, Caleb",702332,2025,506,,,,53,,,0.256,0.334,0.387,0.721,0.131,0.255,0.362,0.312,0.333,0.319,85.2,13.9,29.6,4.0,26.9,61.3,24.6,13.0,44.5,67.6,91.3,74.4,41.3,38.3,20.4,43.8,22.9,22.4,10.9,0.265,Caleb Durbin
"Massey, Michael",686681,2025,277,,,,20,,,0.244,0.268,0.313,0.581,0.069,0.238,0.346,0.265,0.264,0.254,87.5,22.2,35.7,4.0,33.0,69.5,37.6,18.5,54.0,72.6,87.3,70.3,46.0,29.0,25.0,31.3,30.8,25.4,12.5,0.277,Michael Massey
"Fitzgerald, Tyler",666149,2025,243,,,,14,,,0.217,0.278,0.327,0.605,0.11,0.192,0.281,0.242,0.256,0.269,84.5,17.0,30.5,4.5,27.9,72.0,32.8,31.2,52.6,82.9,79.8,44.0,40.9,31.2,27.9,40.3,30.5,20.8,8.4,0.299,Tyler Fitzgerald
"Campbell, Kristian",692225,2025,263,,,,21,,,0.223,0.319,0.345,0.664,0.122,0.221,0.338,0.296,0.318,0.299,88.6,4.7,30.4,5.1,41.8,60.7,23.4,27.3,42.1,75.3,80.3,53.6,27.8,39.2,32.3,54.4,18.4,23.4,3.2,0.296,Kristian Campbell
"Loftin, Nick",679845,2025,188,,,,20,,,0.208,0.278,0.357,0.635,0.149,0.232,0.366,0.294,0.301,0.279,88.2,14.0,35.4,6.3,34.0,65.8,25.0,19.0,46.7,83.9,86.1,65.8,41.7,39.6,18.8,39.6,25.7,24.3,10.4,0.223,Nick Loftin
"Haase, Eric",606992,2025,77,,,,9,,,0.229,0.289,0.357,0.646,0.128,0.206,0.347,0.273,0.269,0.286,83.0,5.4,30.0,10.0,22.5,62.2,30.9,36.7,46.9,69.6,68.2,52.9,37.5,47.5,15.0,50.0,25.0,20.0,5.0,0.378,Eric Haase
"Pillar, Kevin",607680,2025,43,,,,1,,,0.209,0.209,0.256,0.465,0.047,0.209,0.295,0.216,0.209,0.202,86.1,14.9,34.3,2.9,20.0,69.9,43.7,19.1,57.8,75.0,84.5,74.2,42.9,40.0,17.1,42.9,25.7,22.9,8.6,0.257,Kevin Pillar
"Profar, Jurickson",595777,2025,371,,,,43,,,0.245,0.353,0.434,0.787,0.189,0.23,0.39,0.325,0.341,0.346,89.0,20.0,27.0,7.3,40.3,65.7,24.2,16.9,44.7,77.6,89.3,66.7,44.4,30.5,25.1,36.3,31.3,19.3,13.1,0.261,Jurickson Profar
"Schanuel, Nolan",694384,2025,564,,,,53,,,0.264,0.353,0.389,0.742,0.125,0.262,0.388,0.327,0.352,0.327,87.5,13.2,38.0,4.5,29.0,65.4,24.0,15.0,45.2,80.4,91.0,67.9,38.7,38.0,23.3,42.9,25.0,26.9,5.2,0.286,Nolan Schanuel
"Edman, Tommy",669242,2025,377,,,,49,,,0.225,0.274,0.382,0.656,0.157,0.274,0.411,0.321,0.322,0.284,88.3,11.8,33.3,4.5,39.9,65.1,28.4,19.8,48.0,74.3,89.9,54.8,42.6,35.1,22.3,45.7,24.4,24.4,5.5,0.235,Tommy Edman
"Jung, Josh",673962,2025,511,,,,61,,,0.251,0.294,0.39,0.684,0.139,0.245,0.414,0.304,0.288,0.298,89.3,12.8,39.4,8.2,46.7,69.5,33.2,25.4,51.1,80.8,82.1,59.3,35.1,40.5,24.4,41.6,24.9,27.5,5.9,0.316,Josh Jung
"Urías, Ramón",602104,2025,391,,,,44,,,0.241,0.292,0.384,0.676,0.143,0.227,0.375,0.289,0.283,0.292,89.2,13.2,33.6,8.0,41.8,70.0,27.6,26.2,49.1,80.4,80.5,55.9,44.9,33.6,21.5,41.6,25.5,24.1,8.8,0.281,Ramón Urías
"Vargas, Ildemaro",545121,2025,121,,,,19,,,0.27,0.292,0.383,0.675,0.113,0.262,0.376,0.287,0.284,0.292,89.2,3.3,26.5,3.9,37.3,62.8,37.4,19.4,50.6,59.0,87.1,68.8,41.2,44.1,14.7,58.8,23.5,14.7,2.9,0.286,Ildemaro Vargas
"Taylor, Tyrone",621438,2025,341,,,,27,,,0.223,0.279,0.319,0.598,0.096,0.257,0.364,0.298,0.311,0.264,86.5,19.4,40.6,3.8,35.1,65.4,30.4,22.7,49.1,75.2,88.5,48.9,44.8,32.2,23.0,33.1,23.0,31.0,13.0,0.286,Tyrone Taylor
"Slater, Austin",596103,2025,160,,,,13,,,0.216,0.27,0.372,0.642,0.156,0.247,0.476,0.332,0.299,0.28,92.0,7.7,41.8,14.3,48.0,70.0,28.3,27.1,49.8,79.1,81.5,50.0,42.9,40.8,16.3,48.0,27.6,24.5,0.0,0.293,Austin Slater
"Wade, Tyler",642180,2025,127,,,,9,,,0.206,0.309,0.252,0.561,0.046,0.185,0.226,0.247,0.291,0.262,82.6,8.3,28.7,0.0,15.0,60.0,26.6,26.7,43.8,81.8,82.4,51.6,32.5,33.8,33.8,55.0,20.0,21.3,3.8,0.289,Tyler Wade
"Moniak, Mickey",666160,2025,461,,,,68,,,0.27,0.306,0.518,0.824,0.248,0.262,0.497,0.337,0.299,0.348,89.7,17.4,37.6,13.8,45.3,74.8,38.0,28.2,56.5,86.5,81.9,51.7,44.0,33.3,22.6,33.6,36.7,26.0,3.7,0.307,Mickey Moniak
"Ortiz, Joey",687401,2025,506,,,,45,,,0.23,0.276,0.317,0.593,0.087,0.245,0.327,0.275,0.29,0.263,84.9,13.3,27.4,3.0,32.8,57.8,33.4,16.0,46.8,65.8,90.6,70.1,29.6,38.1,32.3,45.5,18.7,22.4,13.4,0.26,Joey Ortiz
"Mayer, Marcelo",691785,2025,136,,,,10,,,0.228,0.272,0.402,0.674,0.174,0.215,0.354,0.267,0.26,0.29,90.0,6.7,35.6,9.2,51.7,68.6,29.6,28.6,50.8,70.9,86.8,29.0,37.9,37.9,24.1,48.3,26.4,23.0,2.3,0.301,Marcelo Mayer
"McCormick, Chas",676801,2025,116,,,,5,,,0.21,0.279,0.29,0.569,0.08,0.228,0.372,0.299,0.298,0.257,85.8,21.9,32.0,5.3,29.3,75.0,38.2,34.7,55.2,85.7,72.7,52.8,42.7,34.7,22.7,40.0,22.7,22.7,14.7,0.29,Chas McCormick
"Black, Tyler",672012,2025,13,,,,1,,,0.25,0.538,0.375,0.913,0.125,0.25,0.354,0.428,0.538,0.43,83.1,1.7,42.9,0.0,28.6,57.7,21.4,33.3,38.9,100.0,66.7,66.7,57.1,42.9,0.0,42.9,14.3,42.9,0.0,0.286,Tyler Black
"Kim, Hyeseong",808975,2025,170,,,,17,,,0.28,0.314,0.385,0.699,0.105,0.221,0.309,0.251,0.258,0.306,86.0,7.0,39.1,2.7,28.2,66.0,35.1,31.4,50.6,73.9,78.1,50.4,35.5,39.1,25.5,52.7,18.2,26.4,2.7,0.396,Hyeseong Kim
"Lile, Daylen",695734,2025,351,,,,41,,,0.299,0.347,0.498,0.845,0.199,0.302,0.449,0.348,0.35,0.36,88.9,15.0,44.2,5.2,40.1,75.3,26.7,18.9,52.2,79.8,87.4,61.4,39.4,34.9,25.7,36.4,24.5,32.3,6.7,0.336,Daylen Lile
"Buxton, Byron",621439,2025,542,,,,83,,,0.264,0.327,0.551,0.878,0.287,0.249,0.514,0.35,0.315,0.367,92.5,17.7,32.9,17.6,53.8,74.1,29.5,31.3,51.8,86.0,79.6,41.1,48.8,33.2,17.9,36.7,34.7,21.4,7.2,0.302,Byron Buxton
"Betts, Mookie",605141,2025,663,,,,82,,,0.258,0.326,0.406,0.732,0.148,0.267,0.422,0.33,0.335,0.318,89.1,18.0,37.7,5.5,35.8,59.9,21.6,15.3,41.2,75.7,92.4,62.3,42.9,35.6,21.5,32.8,34.5,26.7,6.0,0.258,Mookie Betts
"Ballesteros, Moisés",694208,2025,66,,,,11,,,0.298,0.394,0.474,0.868,0.176,0.267,0.413,0.339,0.367,0.374,89.1,0.9,31.1,6.7,33.3,69.9,27.2,26.7,46.6,84.2,74.7,70.3,28.9,46.7,24.4,62.2,13.3,24.4,0.0,0.349,Moisés Ballesteros
"Goldschmidt, Paul",502671,2025,534,,,,45,,,0.274,0.328,0.403,0.731,0.129,0.266,0.45,0.329,0.321,0.316,90.4,15.9,36.1,7.9,43.7,66.3,27.3,20.5,47.8,70.7,83.6,68.4,37.1,32.5,30.4,38.9,29.7,25.8,5.6,0.325,Paul Goldschmidt
"De La Cruz, Bryan",650559,2025,50,,,,0,,,0.191,0.24,0.213,0.453,0.022,0.201,0.308,0.245,0.249,0.208,91.5,15.6,44.8,6.9,51.7,69.9,32.9,34.0,54.2,73.3,77.8,32.0,37.9,24.1,37.9,37.9,34.5,24.1,3.4,0.31,Bryan De La Cruz
"Pereira, Everson",677592,2025,73,,,,8,,,0.138,0.219,0.246,0.465,0.108,0.16,0.304,0.242,0.24,0.212,90.5,13.2,31.6,7.9,44.7,73.1,23.5,45.8,46.9,81.3,66.0,21.1,52.6,31.6,15.8,42.1,31.6,21.1,5.3,0.194,Everson Pereira
"Frazier, Adam",624428,2025,459,,,,44,,,0.267,0.319,0.365,0.684,0.098,0.244,0.333,0.279,0.298,0.3,85.3,14.5,39.5,2.0,20.6,71.2,29.5,19.7,51.3,76.3,86.2,64.9,36.0,35.2,28.8,39.5,26.5,28.8,5.2,0.313,Adam Frazier
"Contreras, Willson",575929,2025,563,,,,80,,,0.257,0.344,0.447,0.791,0.19,0.257,0.488,0.358,0.344,0.344,90.6,12.3,37.1,13.9,49.0,66.2,30.2,28.9,48.5,81.2,80.5,49.7,37.7,38.0,24.4,41.9,28.0,25.8,4.2,0.319,Willson Contreras
"Sweeney, Trey",700242,2025,326,,,,32,,,0.196,0.258,0.291,0.549,0.095,0.191,0.295,0.245,0.254,0.245,87.9,11.9,28.8,6.7,35.1,70.0,28.9,28.0,51.0,84.4,79.7,50.3,40.9,38.9,20.2,46.6,26.9,18.8,7.7,0.257,Trey Sweeney
"Morel, Christopher",666624,2025,305,,,,33,,,0.219,0.289,0.396,0.685,0.177,0.213,0.42,0.304,0.283,0.299,91.8,17.0,33.7,14.8,49.7,78.3,31.1,38.9,53.8,89.0,70.9,38.4,55.6,29.6,14.8,39.6,34.9,17.8,7.7,0.316,Christopher Morel
"Rodríguez, Julio",677594,2025,710,,,,95,,,0.267,0.324,0.474,0.798,0.207,0.274,0.483,0.348,0.331,0.341,91.8,8.5,31.5,9.8,48.0,75.2,35.9,28.2,55.4,80.2,80.6,53.6,35.9,40.8,23.3,48.2,25.7,21.1,5.0,0.302,Julio Rodríguez
"Rodgers, Brendan",663898,2025,128,,,,11,,,0.191,0.266,0.278,0.544,0.087,0.213,0.391,0.296,0.286,0.246,90.5,10.8,40.0,14.3,48.6,63.8,28.2,37.8,47.2,68.8,76.5,25.0,38.6,35.7,25.7,40.0,31.4,24.3,4.3,0.294,Brendan Rodgers
"Saggese, Thomas",695336,2025,295,,,,25,,,0.258,0.299,0.342,0.641,0.084,0.239,0.35,0.28,0.284,0.282,90.2,12.9,39.0,5.6,44.1,65.3,34.3,26.5,50.3,71.6,77.5,65.3,29.2,36.9,33.8,41.0,26.2,28.2,4.6,0.359,Thomas Saggese
"Hernández, Enrique",571771,2025,256,,,,35,,,0.203,0.255,0.366,0.621,0.163,0.221,0.394,0.287,0.273,0.268,90.3,16.3,32.9,9.4,37.6,70.6,32.0,29.0,51.1,81.7,82.0,47.3,42.4,32.4,25.3,38.8,32.4,21.8,7.1,0.233,Enrique Hernández
"Hayes, Ke'Bryan",663647,2025,570,,,,49,,,0.235,0.29,0.306,0.596,0.071,0.238,0.342,0.282,0.295,0.266,89.3,8.5,30.6,4.5,42.5,60.7,27.0,19.9,44.1,73.2,89.1,59.1,29.2,40.7,30.1,49.0,18.4,24.4,8.1,0.289,Ke'Bryan Hayes
"Callihan, Tyler",682997,2025,6,,,,1,,,0.167,0.167,0.167,0.334,0.0,0.199,0.245,0.194,0.199,0.147,89.8,5.0,20.0,0.0,60.0,72.7,18.2,10.0,45.5,50.0,87.5,100.0,60.0,20.0,20.0,60.0,20.0,20.0,0.0,0.2,Tyler Callihan
"Torrens, Luis",620443,2025,283,,,,29,,,0.226,0.284,0.345,0.629,0.119,0.274,0.454,0.338,0.328,0.278,90.6,6.2,35.9,10.7,48.1,68.5,25.8,20.7,49.3,77.7,83.1,66.9,30.1,44.2,25.7,50.5,20.9,26.7,1.9,0.27,Luis Torrens
"Hays, Austin",669720,2025,416,,,,64,,,0.266,0.315,0.453,0.768,0.187,0.234,0.403,0.3,0.29,0.327,88.8,14.6,31.9,10.4,38.4,71.1,34.3,31.4,52.0,78.3,78.5,49.5,47.0,34.1,19.0,41.6,28.3,24.4,5.7,0.326,Austin Hays
"Horwitz, Spencer",687462,2025,411,,,,51,,,0.272,0.353,0.434,0.787,0.162,0.251,0.407,0.326,0.335,0.344,87.4,15.6,38.7,8.2,36.0,67.1,23.3,17.8,46.3,76.9,88.3,62.8,37.0,34.2,28.8,38.4,27.7,26.0,7.9,0.313,Spencer Horwitz
"Davis, J.D.",605204,2025,9,,,,0,,,0.111,0.111,0.111,0.222,0.0,0.117,0.158,0.117,0.117,0.098,85.7,-0.4,16.7,0.0,33.3,83.3,38.5,45.0,64.5,80.0,66.7,20.0,33.3,33.3,33.3,66.7,0.0,16.7,16.7,0.167,J.D. Davis
"Laureano, Ramón",657656,2025,488,,,,76,,,0.281,0.342,0.512,0.854,0.231,0.27,0.518,0.362,0.333,0.364,90.3,13.4,37.1,13.8,49.1,67.2,25.8,27.4,47.7,76.6,80.2,50.6,42.6,34.7,22.7,41.4,26.4,26.1,6.1,0.331,Ramón Laureano
"Machado, Manny",592518,2025,678,,,,95,,,0.275,0.335,0.46,0.795,0.185,0.271,0.495,0.355,0.334,0.341,92.9,14.3,34.8,12.9,51.5,70.0,29.9,26.1,50.0,81.0,81.4,56.3,35.6,39.3,25.2,38.9,29.2,24.9,7.0,0.307,Manny Machado
"Freeland, Alex",690976,2025,97,,,,6,,,0.19,0.292,0.31,0.602,0.12,0.171,0.299,0.26,0.274,0.273,90.7,20.7,32.0,8.0,38.0,55.1,19.3,30.5,38.2,66.7,76.0,48.7,38.0,44.0,18.0,38.0,28.0,20.0,14.0,0.298,Alex Freeland
"Peters, Tristan",671976,2025,12,,,,0,,,0.0,0.0,0.0,0.0,0.0,0.149,0.184,0.146,0.149,0.0,86.8,26.7,40.0,0.0,40.0,59.3,42.1,45.8,52.2,100.0,68.8,25.0,20.0,80.0,0.0,20.0,0.0,40.0,40.0,0.0,Tristan Peters
"Noel, Jhonkensy",678877,2025,153,,,,13,,,0.162,0.183,0.297,0.48,0.135,0.161,0.287,0.202,0.183,0.207,90.3,13.8,25.8,6.2,41.2,75.7,49.0,34.7,60.9,69.2,75.8,52.3,54.6,26.8,18.6,46.4,27.8,16.5,9.3,0.198,Jhonkensy Noel
"Knizner, Andrew",668800,2025,88,,,,5,,,0.221,0.299,0.299,0.598,0.078,0.226,0.309,0.278,0.304,0.27,84.2,16.0,23.2,1.4,23.2,56.0,39.7,19.9,48.6,65.2,85.7,70.7,29.0,37.7,33.3,46.4,23.2,18.8,11.6,0.239,Andrew Knizner
"Tromp, Chadwick",644433,2025,22,,,,1,,,0.143,0.182,0.333,0.515,0.19,0.169,0.277,0.213,0.208,0.221,90.2,13.2,26.7,6.7,40.0,51.5,38.9,25.8,44.9,100.0,94.1,50.0,26.7,53.3,20.0,40.0,20.0,20.0,20.0,0.143,Chadwick Tromp
"Shaw, Matt",807713,2025,437,,,,44,,,0.226,0.295,0.394,0.689,0.168,0.237,0.375,0.302,0.307,0.3,84.9,13.4,35.3,6.9,29.4,63.4,30.6,22.5,48.0,69.9,83.4,63.6,40.9,32.3,26.7,39.6,25.7,25.4,9.2,0.262,Matt Shaw
"Thomas, Alek",677950,2025,469,,,,38,,,0.249,0.289,0.37,0.659,0.121,0.242,0.372,0.289,0.285,0.287,89.6,4.2,27.7,7.8,39.3,68.9,35.1,28.7,52.9,72.2,81.6,48.7,34.9,43.9,21.2,53.6,21.5,20.2,4.7,0.324,Alek Thomas
"Duran, Ezequiel",677649,2025,219,,,,14,,,0.224,0.266,0.293,0.559,0.069,0.214,0.295,0.247,0.258,0.249,85.3,15.2,30.3,2.6,30.9,70.7,37.4,24.4,54.3,79.3,84.4,58.4,31.6,36.8,31.6,40.8,17.8,25.0,16.4,0.305,Ezequiel Duran
"Alcántara, Kevin",682634,2025,12,,,,1,,,0.364,0.417,0.364,0.781,0.0,0.447,0.505,0.443,0.493,0.352,92.8,9.3,57.1,0.0,42.9,59.1,33.3,42.9,45.7,,69.2,37.5,42.9,28.6,28.6,42.9,0.0,57.1,0.0,0.571,Kevin Alcántara
"Alvarez, Francisco",682626,2025,277,,,,32,,,0.256,0.339,0.447,0.786,0.191,0.229,0.437,0.326,0.315,0.343,93.1,9.6,32.4,12.1,54.3,66.3,27.8,34.6,45.8,83.5,73.6,48.2,31.8,37.6,30.6,49.7,23.7,21.4,5.2,0.321,Francisco Alvarez
"Meadows, Parker",678009,2025,213,,,,16,,,0.215,0.291,0.33,0.621,0.115,0.225,0.346,0.291,0.303,0.277,86.9,12.5,36.0,5.1,30.9,64.9,23.8,28.8,44.5,69.7,83.3,37.6,39.7,36.8,23.5,44.1,16.9,30.1,8.8,0.28,Parker Meadows
"Montes, Coco",663796,2025,10,,,,1,,,0.2,0.2,0.2,0.4,0.0,0.273,0.312,0.259,0.273,0.176,90.3,-3.5,28.6,0.0,42.9,35.7,46.2,27.3,40.7,33.3,100.0,50.0,28.6,28.6,42.9,71.4,0.0,28.6,0.0,0.286,Coco Montes
"Ruiz, Keibert",660688,2025,267,,,,25,,,0.247,0.277,0.318,0.595,0.071,0.271,0.351,0.287,0.301,0.262,86.2,11.3,31.3,2.2,30.9,68.8,35.4,12.8,52.8,78.1,93.7,73.3,43.9,38.3,17.8,48.7,20.4,23.5,7.4,0.268,Keibert Ruiz
"Stevenson, Cal",670276,2025,8,,,,1,,,0.25,0.25,0.25,0.5,0.0,0.148,0.214,0.152,0.148,0.221,86.8,11.1,50.0,0.0,16.7,55.6,28.6,16.7,48.0,100.0,90.0,50.0,16.7,33.3,50.0,50.0,33.3,16.7,0.0,0.333,Cal Stevenson
"Ford, Harry",695670,2025,8,,,,1,,,0.167,0.25,0.167,0.417,0.0,0.186,0.429,0.281,0.265,0.201,93.9,15.2,25.0,25.0,50.0,78.6,33.3,50.0,55.2,100.0,72.7,0.0,25.0,50.0,25.0,50.0,50.0,0.0,0.0,0.25,Harry Ford
"Nelson, Ryne",669194,2025,1,,,,1,,,1.0,1.0,1.0,2.0,0.0,0.124,0.141,0.118,0.124,0.882,89.8,-16.7,0.0,0.0,0.0,0.0,33.3,0.0,25.0,,,100.0,0.0,100.0,0.0,100.0,0.0,0.0,0.0,1.0,Ryne Nelson
"Keith, Colt",690993,2025,468,,,,45,,,0.256,0.333,0.413,0.746,0.157,0.257,0.444,0.341,0.337,0.326,90.0,13.3,41.1,9.2,43.7,63.8,25.2,22.5,44.9,74.4,85.8,55.8,36.4,37.7,25.9,38.0,29.1,28.5,4.4,0.307,Colt Keith
"Schuemann, Max",680474,2025,213,,,,13,,,0.197,0.295,0.273,0.568,0.076,0.23,0.334,0.297,0.325,0.262,87.3,12.4,34.9,2.6,32.9,69.5,18.8,24.4,45.5,80.8,82.7,46.7,27.6,42.8,29.6,45.4,23.7,23.7,7.2,0.231,Max Schuemann
"Avans, Drew",682183,2025,18,,,,1,,,0.118,0.111,0.118,0.229,0.0,0.15,0.166,0.153,0.159,0.098,84.7,1.4,25.0,0.0,16.7,76.9,42.5,17.0,59.5,80.0,93.3,64.7,50.0,33.3,16.7,66.7,8.3,16.7,8.3,0.167,Drew Avans
"Ramos, Heliot",671218,2025,695,,,,69,,,0.256,0.328,0.4,0.728,0.144,0.242,0.417,0.32,0.317,0.319,91.8,11.5,32.5,8.8,47.4,66.1,29.8,25.3,47.8,73.1,84.4,53.8,33.1,42.5,24.4,44.4,25.4,24.4,5.8,0.309,Heliot Ramos
"Ramos, Bryan",682868,2025,12,,,,2,,,0.167,0.167,0.333,0.5,0.166,0.209,0.357,0.242,0.209,0.209,78.4,20.6,50.0,12.5,12.5,75.0,36.8,36.4,56.4,100.0,80.0,28.6,37.5,25.0,37.5,37.5,37.5,12.5,12.5,0.25,Bryan Ramos
"Lowe, Brandon",664040,2025,553,,,,83,,,0.256,0.307,0.477,0.784,0.221,0.253,0.478,0.335,0.307,0.334,91.1,15.2,37.6,12.9,46.6,77.6,32.1,33.4,55.5,87.1,76.6,41.1,45.6,30.8,23.6,37.9,29.7,25.8,6.6,0.297,Brandon Lowe
"Báez, Javier",595879,2025,437,,,,57,,,0.257,0.282,0.398,0.68,0.141,0.23,0.358,0.27,0.259,0.293,88.2,11.4,30.2,5.5,39.9,65.4,46.1,30.7,55.1,66.4,82.9,52.5,40.5,34.4,25.1,45.3,27.3,20.6,6.8,0.318,Javier Báez
"Marte, Starling",516782,2025,329,,,,34,,,0.27,0.335,0.41,0.745,0.14,0.248,0.397,0.319,0.322,0.326,87.6,10.0,32.6,7.8,40.4,67.8,29.6,26.4,49.7,74.7,82.4,51.1,36.5,37.8,25.7,48.7,22.2,23.5,5.7,0.318,Starling Marte
"McKinney, Billy",641856,2025,21,,,,1,,,0.2,0.238,0.25,0.488,0.05,0.311,0.455,0.346,0.344,0.219,87.0,16.0,42.1,0.0,26.3,70.2,23.1,23.8,48.8,66.7,84.8,44.4,31.6,31.6,36.8,36.8,31.6,26.3,5.3,0.211,Billy McKinney
"O'Hoppe, Logan",681351,2025,451,,,,43,,,0.213,0.258,0.371,0.629,0.158,0.228,0.425,0.301,0.273,0.273,90.9,17.3,33.6,13.3,46.9,73.8,31.6,32.9,52.2,79.3,77.5,43.9,46.2,30.4,23.4,40.2,29.7,23.4,6.6,0.267,Logan O'Hoppe
"Schneemann, Daniel",682177,2025,422,,,,41,,,0.206,0.283,0.354,0.637,0.148,0.215,0.387,0.297,0.291,0.28,88.9,10.9,32.6,11.4,41.7,64.7,25.8,29.6,45.4,85.0,77.8,51.6,42.8,34.5,22.7,47.0,26.5,20.5,6.1,0.263,Daniel Schneemann
"Turang, Brice",668930,2025,659,,,,81,,,0.288,0.359,0.435,0.794,0.147,0.262,0.429,0.335,0.338,0.346,91.1,8.6,35.1,7.9,47.4,62.8,23.8,21.0,44.3,74.7,84.5,62.8,25.9,40.6,33.6,46.9,25.6,25.2,2.3,0.356,Brice Turang
"Melton, Jacob",689200,2025,78,,,,7,,,0.157,0.234,0.186,0.42,0.029,0.177,0.275,0.24,0.252,0.198,88.1,-5.7,19.5,4.9,43.9,61.8,28.0,35.5,45.5,73.1,71.0,48.9,39.0,39.0,22.0,80.5,7.3,12.2,0.0,0.268,Jacob Melton
"Karros, Kyle",691720,2025,156,,,,9,,,0.226,0.308,0.277,0.585,0.051,0.206,0.262,0.258,0.293,0.268,87.9,12.3,25.5,1.0,33.7,66.1,23.7,27.3,45.0,78.8,81.0,49.3,36.7,41.8,21.4,46.9,23.5,24.5,5.1,0.309,Kyle Karros
"Myers, Dane",667472,2025,333,,,,31,,,0.235,0.291,0.326,0.617,0.091,0.247,0.393,0.304,0.303,0.275,90.7,10.5,34.6,7.8,42.0,60.6,23.7,23.7,45.0,64.1,82.2,56.0,32.9,44.6,22.5,44.6,25.1,24.7,5.6,0.293,Dane Myers
"Jackson, Jeremiah",669236,2025,183,,,,21,,,0.276,0.328,0.447,0.775,0.171,0.222,0.393,0.291,0.277,0.336,90.6,10.9,27.5,7.5,46.7,72.6,34.2,33.2,52.8,72.9,75.1,50.0,35.8,40.0,24.2,50.0,27.5,17.5,5.0,0.365,Jeremiah Jackson
"Rutschman, Adley",668939,2025,365,,,,29,,,0.22,0.307,0.366,0.673,0.146,0.241,0.41,0.325,0.327,0.298,89.4,13.7,33.7,7.5,38.6,58.7,21.7,14.5,40.6,62.3,91.1,69.6,41.9,32.6,25.5,43.4,28.1,22.5,6.0,0.24,Adley Rutschman
"Moncada, Yoán",660162,2025,289,,,,35,,,0.234,0.336,0.448,0.784,0.214,0.217,0.421,0.324,0.323,0.339,89.8,15.1,37.1,14.3,43.4,65.8,24.4,31.4,44.9,81.3,79.6,39.6,48.0,30.9,21.1,36.6,33.7,24.6,5.1,0.282,Yoán Moncada
"Aranda, Jonathan",666018,2025,422,,,,59,,,0.316,0.393,0.489,0.882,0.173,0.291,0.515,0.382,0.374,0.381,93.0,14.5,42.1,12.8,54.5,68.1,28.0,24.9,48.6,80.7,79.1,64.5,40.2,36.5,23.3,37.2,27.4,30.5,4.9,0.409,Jonathan Aranda
"Wilson, Jacob",805779,2025,523,,,,63,,,0.311,0.355,0.444,0.799,0.133,0.277,0.364,0.304,0.324,0.348,84.6,8.8,32.2,2.2,24.7,66.6,32.1,9.6,49.9,68.9,92.4,85.9,34.0,40.9,25.1,53.3,17.1,24.2,5.3,0.317,Jacob Wilson
"Story, Trevor",596115,2025,654,,,,96,,,0.263,0.308,0.433,0.741,0.17,0.249,0.421,0.311,0.296,0.32,91.4,14.2,32.6,9.8,47.0,72.3,35.3,29.3,54.4,78.9,82.1,45.7,37.4,34.7,27.9,43.6,27.4,20.5,8.4,0.33,Trevor Story
"Crooks, Jimmy",699625,2025,46,,,,1,,,0.133,0.152,0.244,0.396,0.111,0.185,0.319,0.223,0.203,0.171,89.6,19.7,17.9,7.1,39.3,70.5,27.7,25.0,50.3,87.5,83.8,50.0,28.6,50.0,21.4,35.7,35.7,17.9,10.7,0.185,Jimmy Crooks
"Margot, Manuel",622534,2025,20,,,,3,,,0.316,0.3,0.316,0.616,0.0,0.317,0.355,0.301,0.313,0.265,79.5,10.1,42.9,0.0,14.3,71.4,30.8,28.9,55.9,100.0,76.7,50.0,35.7,21.4,42.9,35.7,14.3,42.9,7.1,0.429,Manuel Margot
"Correa, Carlos",621043,2025,584,,,,52,,,0.276,0.332,0.402,0.734,0.126,0.28,0.439,0.338,0.337,0.322,90.5,7.3,34.6,6.8,45.9,64.4,28.8,22.3,46.4,72.7,85.9,59.8,34.4,37.6,28.0,48.2,18.8,27.5,5.4,0.328,Carlos Correa
"Soler, Jorge",624585,2025,315,,,,34,,,0.215,0.293,0.387,0.68,0.172,0.204,0.387,0.294,0.285,0.298,89.7,13.8,31.9,12.8,42.0,65.7,24.5,30.1,44.5,78.1,79.8,44.8,47.9,35.1,17.0,43.6,22.3,23.9,10.1,0.273,Jorge Soler
"Maile, Luke",571912,2025,54,,,,6,,,0.244,0.346,0.356,0.702,0.112,0.261,0.408,0.342,0.362,0.316,90.8,14.0,38.7,6.5,45.2,63.2,23.0,27.4,44.4,68.2,80.6,47.8,38.7,41.9,19.4,45.2,22.6,29.0,3.2,0.357,Luke Maile
"Acuña, Luisangel",682668,2025,193,,,,8,,,0.234,0.293,0.274,0.567,0.04,0.235,0.299,0.271,0.296,0.258,87.9,3.4,29.8,1.4,35.5,68.7,31.0,22.3,49.1,61.7,89.4,54.1,21.3,50.4,28.4,56.0,17.7,22.0,4.3,0.295,Luisangel Acuña
"Dezenzo, Zach",701305,2025,109,,,,10,,,0.245,0.321,0.367,0.688,0.122,0.225,0.426,0.316,0.303,0.306,89.3,17.5,42.6,16.4,41.0,68.0,20.1,33.5,44.2,78.8,76.2,33.3,34.4,42.6,23.0,36.1,29.5,29.5,4.9,0.373,Zach Dezenzo
"Suárez, Eugenio",553993,2025,657,,,,118,,,0.228,0.298,0.526,0.824,0.298,0.211,0.463,0.32,0.285,0.347,90.2,21.9,32.8,14.3,47.6,69.4,31.1,33.3,50.4,76.0,78.8,39.2,47.4,34.8,17.8,32.1,40.9,18.5,8.5,0.243,Eugenio Suárez
"Walls, Taylor",670764,2025,317,,,,38,,,0.22,0.28,0.319,0.599,0.099,0.21,0.309,0.261,0.273,0.265,87.0,15.1,33.5,3.2,26.4,64.5,21.2,20.3,45.9,79.0,84.8,59.0,33.5,36.7,29.9,41.6,30.8,21.7,5.9,0.271,Taylor Walls
"Rojas, Josh",668942,2025,211,,,,11,,,0.18,0.252,0.259,0.511,0.079,0.209,0.305,0.263,0.281,0.232,89.6,13.4,30.6,3.5,36.8,70.2,19.6,23.1,46.2,86.8,83.0,52.7,35.4,39.6,25.0,41.7,31.9,23.6,2.8,0.227,Josh Rojas
"Wagaman, Eric",676572,2025,514,,,,53,,,0.25,0.296,0.378,0.674,0.128,0.259,0.421,0.315,0.306,0.293,91.0,10.6,34.4,6.8,46.5,64.5,25.8,24.2,45.2,74.7,85.0,52.6,38.1,38.6,23.4,44.1,24.4,25.7,5.8,0.296,Eric Wagaman
"Pauley, Graham",688363,2025,184,,,,11,,,0.224,0.311,0.366,0.677,0.142,0.223,0.343,0.299,0.314,0.3,86.6,17.3,33.9,5.5,35.4,66.9,27.9,26.9,47.6,70.8,80.9,54.3,39.4,40.2,20.5,38.6,26.0,23.6,11.8,0.262,Graham Pauley
"Villar, David",681584,2025,25,,,,1,,,0.2,0.36,0.25,0.61,0.05,0.22,0.356,0.337,0.376,0.295,81.6,-0.1,26.7,6.7,26.7,65.3,13.0,34.2,40.0,100.0,68.8,50.0,33.3,26.7,40.0,53.3,13.3,26.7,6.7,0.267,David Villar
"Cole, Zach",805904,2025,52,,,,11,,,0.255,0.327,0.553,0.88,0.298,0.198,0.431,0.305,0.275,0.373,90.1,12.8,33.3,14.8,48.1,61.7,26.6,42.0,44.6,66.7,69.0,31.0,37.0,48.1,14.8,51.9,33.3,11.1,3.7,0.348,Zach Cole
"Williams, Carson",700246,2025,106,,,,12,,,0.172,0.219,0.354,0.573,0.182,0.169,0.313,0.233,0.217,0.248,85.9,8.0,30.4,8.9,35.7,68.7,29.4,38.3,49.6,89.3,70.1,40.7,50.0,39.3,10.7,58.9,25.0,12.5,3.6,0.24,Carson Williams
"Busch, Michael",683737,2025,592,,,,90,,,0.261,0.343,0.523,0.866,0.262,0.262,0.548,0.378,0.344,0.369,92.2,17.0,41.1,17.1,47.3,68.5,23.1,25.1,46.8,77.9,84.0,45.5,44.2,32.8,23.0,36.2,37.0,23.5,3.4,0.292,Michael Busch
"Verdugo, Alex",657077,2025,213,,,,12,,,0.239,0.296,0.289,0.585,0.05,0.266,0.369,0.306,0.322,0.264,89.9,9.9,34.9,3.0,42.8,52.9,21.4,14.4,38.6,44.8,91.8,67.1,31.3,43.4,25.3,44.6,19.9,30.1,5.4,0.283,Alex Verdugo
"Gorman, Nolan",669357,2025,402,,,,46,,,0.205,0.296,0.37,0.666,0.165,0.196,0.386,0.296,0.29,0.292,89.6,22.3,39.3,9.1,41.1,66.6,27.7,34.6,47.4,77.9,73.4,45.8,41.1,32.9,26.0,28.3,37.4,25.6,8.7,0.283,Nolan Gorman
"Diaz, Yainer",673237,2025,567,,,,70,,,0.256,0.284,0.417,0.701,0.161,0.268,0.465,0.326,0.297,0.3,89.9,10.2,34.9,9.6,42.2,78.3,44.3,23.4,59.5,82.5,87.3,61.4,36.7,40.2,23.1,46.0,23.3,24.9,5.8,0.277,Yainer Diaz
"Mangum, Jake",663968,2025,428,,,,40,,,0.296,0.33,0.368,0.698,0.072,0.251,0.336,0.276,0.288,0.307,87.3,-0.7,26.5,2.6,33.4,78.7,43.8,18.9,62.1,84.6,86.8,70.3,24.5,39.4,36.2,61.8,14.3,20.7,3.2,0.345,Jake Mangum
"Bleday, JJ",668709,2025,344,,,,39,,,0.212,0.294,0.404,0.698,0.192,0.197,0.345,0.276,0.281,0.302,88.7,20.5,29.5,7.8,38.7,64.2,24.9,29.8,44.7,74.3,80.2,43.9,47.0,36.9,16.1,36.9,31.8,18.9,12.4,0.251,JJ Bleday
"Isbel, Kyle",664728,2025,409,,,,33,,,0.255,0.301,0.353,0.654,0.098,0.22,0.29,0.251,0.269,0.287,87.8,8.7,26.5,1.6,36.1,61.9,28.6,18.2,46.5,71.2,91.0,59.0,36.1,41.0,22.9,52.3,17.4,21.3,9.0,0.307,Kyle Isbel
"Henderson, Gunnar",683002,2025,651,,,,68,,,0.274,0.349,0.438,0.787,0.164,0.276,0.425,0.341,0.354,0.339,92.1,9.5,29.9,8.5,49.2,67.5,27.7,25.1,47.6,76.2,83.5,54.0,36.6,37.8,25.6,48.5,18.9,25.8,6.7,0.329,Gunnar Henderson
"Rogers, Trevor",669432,2025,2,,,,0,,,0.0,0.0,0.0,0.0,0.0,0.0,0.0,0.0,0.0,0.0,,,,,,25.0,0.0,100.0,16.7,,0.0,,,,,,,,,0.0,Trevor Rogers
"House, Brady",691781,2025,274,,,,29,,,0.234,0.252,0.322,0.574,0.088,0.256,0.37,0.284,0.278,0.248,89.8,5.8,36.2,4.3,46.3,75.7,36.8,30.9,57.2,92.1,76.8,51.8,32.4,36.7,30.9,46.3,23.9,27.7,2.1,0.31,Brady House
"Baldwin, Drake",686948,2025,446,,,,80,,,0.274,0.341,0.469,0.81,0.195,0.272,0.48,0.353,0.339,0.351,91.7,6.5,33.8,11.0,49.6,70.0,28.9,19.5,49.5,74.7,86.0,66.9,35.3,38.3,26.4,48.7,24.9,23.1,3.3,0.289,Drake Baldwin
"Kepler, Max",596146,2025,474,,,,52,,,0.216,0.3,0.391,0.691,0.175,0.243,0.443,0.332,0.326,0.3,90.8,16.3,34.0,11.6,44.7,70.1,26.6,23.5,48.1,81.9,86.9,49.4,42.9,35.6,21.6,36.2,32.8,23.7,7.3,0.232,Max Kepler
"Allen, Nick",669397,2025,416,,,,22,,,0.221,0.284,0.251,0.535,0.03,0.22,0.267,0.252,0.284,0.245,84.8,13.3,29.3,0.0,21.6,67.8,25.8,21.5,48.4,76.2,84.9,59.0,29.3,38.9,31.8,47.0,19.1,24.7,9.2,0.298,Nick Allen
"Neto, Zach",687263,2025,554,,,,62,,,0.257,0.319,0.474,0.793,0.217,0.251,0.495,0.344,0.315,0.337,91.0,17.5,38.0,14.0,46.6,69.5,30.1,29.1,48.6,74.3,81.4,49.3,45.8,33.2,20.9,36.3,31.6,24.6,7.5,0.312,Zach Neto
"Haggerty, Sam",664059,2025,182,,,,13,,,0.253,0.328,0.37,0.698,0.117,0.249,0.362,0.304,0.325,0.307,88.3,7.0,34.9,2.4,42.1,70.5,27.2,26.3,50.2,84.9,81.7,50.0,36.5,38.9,24.6,50.8,17.5,27.0,4.8,0.317,Sam Haggerty
"McLain, Matt",680574,2025,577,,,,50,,,0.22,0.3,0.343,0.643,0.123,0.212,0.361,0.29,0.294,0.286,88.8,16.3,34.0,7.7,40.7,59.9,26.3,28.5,43.2,70.7,80.2,51.5,32.0,38.3,29.7,39.7,30.0,21.4,8.9,0.292,Matt McLain
"McCray, Grant",687529,2025,26,,,,2,,,0.091,0.16,0.182,0.342,0.091,0.142,0.311,0.223,0.206,0.154,85.7,15.4,30.8,15.4,23.1,71.9,22.5,32.0,51.5,100.0,75.6,33.3,53.8,30.8,15.4,53.8,30.8,7.7,7.7,0.167,Grant McCray
"Pérez, Wenceel",672761,2025,383,,,,43,,,0.244,0.308,0.43,0.738,0.186,0.242,0.393,0.31,0.309,0.318,90.3,18.4,37.8,8.8,40.1,67.2,32.7,26.0,49.3,66.9,79.7,62.9,42.4,33.6,24.0,36.6,31.3,23.3,8.8,0.285,Wenceel Pérez
"Steer, Spencer",668715,2025,568,,,,75,,,0.238,0.312,0.411,0.723,0.173,0.219,0.361,0.293,0.297,0.316,87.3,18.8,34.2,7.6,33.2,67.5,24.8,25.0,48.0,76.0,81.6,53.4,45.4,33.4,21.1,35.2,30.3,23.8,10.7,0.277,Spencer Steer
"Ramírez, José",608070,2025,673,,,,85,,,0.283,0.36,0.503,0.863,0.22,0.284,0.446,0.342,0.362,0.359,88.9,19.2,36.4,7.0,37.0,66.0,29.0,14.9,46.8,73.9,91.0,72.6,51.6,30.1,18.3,33.3,29.9,25.5,11.2,0.279,José Ramírez
"India, Jonathan",663697,2025,567,,,,45,,,0.233,0.323,0.346,0.669,0.113,0.238,0.378,0.315,0.329,0.301,87.9,17.1,33.0,5.8,36.8,58.1,18.6,19.9,40.3,62.4,87.3,53.0,48.0,29.2,22.8,38.3,29.7,21.8,10.2,0.279,Jonathan India
"Perez, Salvador",521692,2025,641,,,,100,,,0.236,0.284,0.446,0.73,0.21,0.269,0.534,0.357,0.314,0.311,90.0,18.1,35.7,14.8,46.7,74.8,42.4,26.9,57.4,75.3,82.7,58.4,45.9,33.2,20.9,35.1,32.6,23.3,9.1,0.251,Salvador Perez
"Stewart, Sal",701398,2025,58,,,,8,,,0.255,0.293,0.545,0.838,0.29,0.289,0.626,0.398,0.326,0.355,95.4,17.9,35.0,17.5,52.5,72.0,32.7,23.9,52.1,81.3,81.8,63.9,52.5,27.5,20.0,35.0,40.0,22.5,2.5,0.257,Sal Stewart
"Johnson, Daniel",669288,2025,57,,,,1,,,0.189,0.246,0.302,0.548,0.113,0.237,0.414,0.305,0.29,0.243,89.3,13.9,30.0,12.5,42.5,69.3,33.0,33.0,50.5,76.5,77.1,47.2,32.5,45.0,22.5,45.0,22.5,20.0,12.5,0.231,Daniel Johnson
"Kemp, Otto",805249,2025,218,,,,28,,,0.234,0.298,0.411,0.709,0.177,0.231,0.418,0.31,0.296,0.308,89.9,11.5,38.6,12.1,44.7,73.2,29.4,34.3,51.3,85.7,77.0,37.5,43.9,33.3,22.7,43.2,32.6,22.7,1.5,0.306,Otto Kemp
"Torres, Gleyber",650402,2025,628,,,,74,,,0.256,0.358,0.387,0.745,0.131,0.269,0.462,0.363,0.372,0.332,90.0,14.3,38.6,8.2,39.0,64.8,17.1,19.5,40.8,81.7,85.1,63.2,31.1,39.0,29.9,38.4,30.6,26.0,5.0,0.284,Gleyber Torres
"Gilbert, Drew",687551,2025,109,,,,13,,,0.19,0.248,0.35,0.598,0.16,0.214,0.336,0.27,0.272,0.26,86.6,11.3,35.8,4.9,35.8,65.9,21.6,25.8,45.7,62.5,84.6,36.6,35.8,38.3,25.9,45.7,18.5,25.9,9.9,0.205,Drew Gilbert
"Holliday, Jackson",702616,2025,649,,,,55,,,0.242,0.314,0.375,0.689,0.133,0.241,0.404,0.314,0.313,0.304,88.8,8.9,32.4,7.8,40.8,68.3,22.3,24.5,47.1,79.0,81.6,53.6,33.8,39.8,26.4,49.0,25.1,21.9,4.0,0.291,Jackson Holliday
"Bregman, Alex",608324,2025,495,,,,62,,,0.273,0.36,0.462,0.822,0.189,0.254,0.427,0.337,0.344,0.356,90.1,17.7,32.9,6.6,44.4,59.5,19.8,15.0,40.6,64.1,90.6,66.3,46.3,36.2,17.5,38.9,26.6,23.3,11.2,0.288,Alex Bregman
"Berti, Jon",542932,2025,107,,,,2,,,0.21,0.262,0.23,0.492,0.02,0.253,0.323,0.28,0.303,0.226,87.5,1.5,30.8,2.6,37.2,66.5,25.1,26.3,47.6,75.0,78.0,60.0,32.1,37.2,30.8,61.5,7.7,28.2,2.6,0.269,Jon Berti
"DeLuca, Jonny",676356,2025,59,,,,4,,,0.333,0.356,0.456,0.812,0.123,0.252,0.329,0.267,0.278,0.35,85.6,10.3,31.8,2.3,31.8,65.1,37.3,23.9,50.4,52.6,84.1,63.6,47.7,40.9,11.4,45.5,25.0,22.7,6.8,0.432,Jonny DeLuca
"Palacios, Joshua",641943,2025,145,,,,9,,,0.203,0.292,0.305,0.597,0.102,0.222,0.359,0.299,0.309,0.271,88.3,11.0,29.0,8.6,39.8,72.4,28.0,27.8,51.6,84.1,79.5,50.7,36.6,28.0,35.5,47.3,19.4,22.6,10.8,0.258,Joshua Palacios
"Murphy, Sean",669221,2025,337,,,,45,,,0.199,0.3,0.409,0.709,0.21,0.201,0.408,0.314,0.306,0.309,89.1,10.6,30.2,13.2,43.1,68.0,25.9,32.3,47.9,79.8,78.0,38.1,48.7,32.8,18.5,46.0,30.2,20.6,3.2,0.243,Sean Murphy
"Burleson, Alec",676475,2025,546,,,,69,,,0.29,0.343,0.459,0.802,0.169,0.272,0.471,0.345,0.329,0.346,91.0,15.2,34.0,9.5,43.0,69.5,28.9,17.9,49.3,74.7,87.0,70.0,33.6,40.4,26.0,40.2,28.8,24.1,6.9,0.312,Alec Burleson
"Valdez, Enmanuel",665839,2025,102,,,,12,,,0.209,0.294,0.363,0.657,0.154,0.254,0.411,0.327,0.334,0.29,89.8,15.7,37.3,8.0,42.7,57.9,26.6,21.5,43.8,57.9,86.4,57.4,46.7,36.0,17.3,34.7,25.3,28.0,12.0,0.233,Enmanuel Valdez
"Joe, Connor",656582,2025,80,,,,4,,,0.186,0.263,0.243,0.506,0.057,0.216,0.328,0.276,0.293,0.231,89.3,13.8,38.5,5.8,36.5,57.3,19.5,20.7,40.4,63.2,83.0,65.5,30.8,38.5,30.8,38.5,25.0,28.8,7.7,0.25,Connor Joe
"Arozarena, Randy",668227,2025,709,,,,76,,,0.238,0.334,0.426,0.76,0.188,0.227,0.417,0.327,0.326,0.332,91.3,12.9,32.6,11.5,50.6,62.5,25.3,29.7,44.0,75.5,75.9,56.2,33.0,42.2,24.8,42.6,26.9,21.3,9.1,0.297,Randy Arozarena
"Taylor, Michael A.",572191,2025,325,,,,35,,,0.2,0.259,0.366,0.625,0.166,0.186,0.38,0.271,0.248,0.27,90.8,17.9,37.2,10.5,42.9,70.5,30.7,37.7,51.3,88.4,72.6,36.9,41.4,30.9,27.7,37.7,31.9,22.0,8.4,0.281,Michael A. Taylor
"Fraley, Jake",641584,2025,217,,,,23,,,0.241,0.332,0.382,0.714,0.141,0.248,0.369,0.315,0.338,0.316,85.2,17.8,39.4,4.9,34.5,69.0,26.5,24.2,47.0,78.0,87.1,48.2,50.0,28.2,21.8,34.5,26.1,30.3,9.2,0.294,Jake Fraley
"Adams, Riley",656180,2025,286,,,,24,,,0.186,0.252,0.308,0.56,0.122,0.208,0.35,0.275,0.272,0.25,91.8,9.1,31.4,10.5,52.3,65.4,30.5,34.6,48.3,64.6,77.0,39.3,44.4,27.5,28.1,50.3,20.9,22.9,5.9,0.283,Riley Adams
"Kjerstad, Heston",677008,2025,167,,,,19,,,0.192,0.24,0.327,0.567,0.135,0.231,0.391,0.29,0.276,0.248,88.8,12.7,40.2,8.0,41.1,76.1,38.3,28.4,56.6,82.0,83.0,50.4,38.4,32.1,29.5,41.1,25.0,25.9,8.0,0.241,Heston Kjerstad
"Mountcastle, Ryan",663624,2025,357,,,,35,,,0.25,0.286,0.367,0.653,0.117,0.253,0.428,0.313,0.293,0.284,90.7,9.1,37.5,11.7,47.1,75.5,39.6,32.0,57.5,86.1,77.6,49.8,38.3,30.4,31.3,45.8,22.9,27.9,3.3,0.326,Ryan Mountcastle
"Polanco, Jorge",593871,2025,524,,,,78,,,0.265,0.326,0.495,0.821,0.23,0.266,0.464,0.343,0.329,0.35,90.8,16.7,34.3,10.3,45.8,66.9,26.9,23.3,46.3,76.0,86.0,55.0,48.4,31.2,20.4,38.0,28.7,22.7,10.6,0.269,Jorge Polanco
"Rojas, Miguel",500743,2025,317,,,,27,,,0.262,0.318,0.397,0.715,0.135,0.249,0.358,0.293,0.306,0.312,87.6,12.9,34.4,4.0,31.2,63.1,26.8,17.9,44.9,81.6,90.8,61.5,42.1,35.2,22.7,45.7,23.1,23.9,7.3,0.291,Miguel Rojas
"White, Eli",642201,2025,271,,,,35,,,0.234,0.27,0.406,0.676,0.172,0.251,0.435,0.31,0.288,0.29,87.7,11.3,34.6,9.0,40.4,72.1,29.6,26.2,52.9,86.0,81.1,52.2,37.8,34.0,28.2,46.3,24.5,23.9,5.3,0.282,Eli White
"Thomas, Colby",687515,2025,132,,,,19,,,0.225,0.267,0.417,0.684,0.192,0.206,0.383,0.281,0.256,0.291,92.2,21.2,24.0,13.3,49.3,75.4,40.2,37.1,57.8,83.3,81.2,28.9,46.7,36.0,17.3,37.3,34.7,20.0,8.0,0.309,Colby Thomas
"Fortes, Nick",663743,2025,242,,,,21,,,0.229,0.296,0.349,0.645,0.12,0.215,0.322,0.27,0.282,0.286,87.5,13.4,29.9,4.6,37.9,63.8,30.8,18.9,47.5,69.0,86.1,70.5,50.0,28.2,21.8,46.0,21.3,20.7,12.1,0.269,Nick Fortes
"Greene, Riley",682985,2025,655,,,,111,,,0.258,0.313,0.493,0.806,0.235,0.239,0.494,0.335,0.296,0.343,89.9,15.0,36.9,17.1,45.5,73.6,31.2,30.9,52.6,85.7,76.2,52.0,40.8,32.9,26.2,40.8,31.7,22.3,5.2,0.323,Riley Greene
"Arias, Gabriel",672356,2025,471,,,,54,,,0.22,0.274,0.363,0.637,0.143,0.214,0.385,0.286,0.272,0.278,90.2,6.1,33.8,11.3,43.3,77.0,38.8,40.5,57.3,84.0,68.3,43.1,38.2,37.5,24.4,49.8,21.5,23.6,5.1,0.319,Gabriel Arias
"Candelario, Jeimer",600869,2025,91,,,,10,,,0.113,0.198,0.212,0.41,0.099,0.126,0.247,0.213,0.215,0.189,87.3,11.4,20.8,7.5,28.3,69.7,30.0,32.3,49.6,55.6,76.7,47.4,56.6,20.8,22.6,50.9,28.3,15.1,5.7,0.137,Jeimer Candelario
"Smith, Pavin",656976,2025,288,,,,28,,,0.258,0.362,0.434,0.796,0.176,0.215,0.398,0.319,0.327,0.348,90.1,12.4,37.0,11.7,46.1,57.3,22.7,31.8,40.6,71.7,75.9,47.4,40.9,33.1,26.0,42.2,24.7,27.9,5.2,0.377,Pavin Smith
"Capra, Vinny",681962,2025,105,,,,6,,,0.125,0.157,0.177,0.334,0.052,0.178,0.256,0.211,0.214,0.15,85.9,11.2,26.3,2.6,32.9,58.3,26.1,24.5,44.8,63.6,85.4,45.0,42.1,34.2,23.7,53.9,19.7,18.4,7.9,0.153,Vinny Capra
"Toro, Abraham",647351,2025,284,,,,27,,,0.239,0.289,0.371,0.66,0.132,0.253,0.376,0.302,0.309,0.286,86.3,13.4,32.0,4.5,34.2,65.5,34.8,20.4,49.6,72.9,86.5,67.5,40.5,37.8,21.6,43.2,25.7,22.5,8.6,0.256,Abraham Toro
"Jeffers, Ryan",680777,2025,464,,,,47,,,0.266,0.356,0.397,0.753,0.131,0.243,0.4,0.325,0.336,0.333,89.3,15.0,33.5,6.3,42.1,54.0,24.3,21.1,38.9,56.4,85.7,64.4,34.8,38.3,26.9,38.3,25.3,27.5,8.9,0.322,Ryan Jeffers
"Sánchez, Jesús",660821,2025,497,,,,48,,,0.237,0.304,0.395,0.699,0.158,0.242,0.441,0.323,0.308,0.304,91.3,9.3,30.3,11.1,43.4,69.4,30.6,25.9,49.2,79.8,82.2,57.1,39.7,36.7,23.6,48.4,22.2,23.0,6.4,0.283,Jesús Sánchez
"Kreidler, Ryan",668952,2025,44,,,,0,,,0.105,0.19,0.105,0.295,0.0,0.182,0.255,0.236,0.26,0.15,89.6,16.5,38.1,4.8,28.6,71.6,30.8,41.8,50.8,90.0,69.8,32.1,52.4,33.3,14.3,47.6,38.1,14.3,0.0,0.211,Ryan Kreidler
"Banfield, Will",677943,2025,10,,,,0,,,0.1,0.1,0.1,0.2,0.0,0.164,0.176,0.151,0.164,0.088,84.4,24.1,25.0,0.0,25.0,75.0,31.3,34.6,59.1,100.0,66.7,60.0,25.0,75.0,0.0,50.0,50.0,0.0,0.0,0.25,Will Banfield
"Berroa, Steward",672642,2025,6,,,,0,,,0.0,0.167,0.0,0.167,0.0,0.057,0.066,0.16,0.214,0.115,91.3,33.4,0.0,0.0,0.0,57.9,7.7,25.0,37.5,60.0,72.7,100.0,33.3,66.7,0.0,33.3,66.7,0.0,0.0,0.0,Steward Berroa
"Bliss, Ryan",669208,2025,39,,,,3,,,0.2,0.282,0.314,0.596,0.114,0.205,0.391,0.297,0.287,0.268,89.0,10.2,37.5,12.5,33.3,74.6,21.3,37.1,46.4,87.5,60.4,70.6,41.7,29.2,29.2,50.0,33.3,16.7,0.0,0.261,Ryan Bliss
"Jensen, Carter",695600,2025,69,,,,13,,,0.3,0.391,0.55,0.941,0.25,0.336,0.633,0.447,0.423,0.403,95.4,7.3,41.7,20.8,58.3,75.5,24.0,24.6,48.5,79.2,84.8,48.6,41.7,35.4,22.9,45.8,16.7,33.3,4.2,0.333,Carter Jensen
"Moore, Christian",695681,2025,184,,,,16,,,0.198,0.284,0.37,0.654,0.172,0.203,0.345,0.282,0.289,0.288,88.9,14.6,38.2,6.9,36.3,69.4,23.9,36.9,47.4,83.1,72.0,35.6,26.5,39.2,34.3,41.2,32.4,23.5,2.9,0.266,Christian Moore
"Carlson, Dylan",666185,2025,241,,,,20,,,0.203,0.278,0.336,0.614,0.133,0.214,0.357,0.285,0.288,0.273,88.4,16.7,34.8,6.7,30.5,68.7,19.2,22.9,45.2,80.2,79.7,66.7,40.2,36.6,23.2,37.8,32.3,23.8,6.1,0.241,Dylan Carlson
"Marsee, Jakob",805300,2025,234,,,,33,,,0.292,0.363,0.478,0.841,0.186,0.275,0.442,0.347,0.35,0.363,88.9,10.9,38.9,8.0,41.4,63.1,19.9,19.5,43.1,71.2,87.3,55.6,42.0,36.4,21.6,44.4,24.1,27.2,4.3,0.357,Jakob Marsee
"Raley, Luke",670042,2025,219,,,,19,,,0.202,0.319,0.311,0.63,0.109,0.209,0.358,0.312,0.327,0.291,89.5,9.8,31.7,10.6,42.3,80.8,27.0,40.8,53.9,80.0,68.2,32.1,47.2,32.5,20.3,52.8,22.8,20.3,4.1,0.284,Luke Raley
"Gonzales, Nick",693304,2025,408,,,,30,,,0.26,0.299,0.362,0.661,0.102,0.254,0.368,0.291,0.295,0.289,88.8,9.1,31.7,4.5,38.8,79.5,31.5,24.7,57.4,88.3,83.7,50.5,37.5,35.9,26.6,46.5,22.8,25.3,5.4,0.306,Nick Gonzales
"Bogaerts, Xander",593428,2025,552,,,,53,,,0.263,0.328,0.391,0.719,0.128,0.267,0.413,0.327,0.336,0.313,89.0,11.1,36.7,6.9,39.2,58.8,23.6,21.3,41.9,64.1,85.5,60.7,42.4,37.4,20.2,43.8,23.2,26.8,6.2,0.299,Xander Bogaerts
"Smith, Dominic",642086,2025,225,,,,33,,,0.284,0.333,0.417,0.75,0.133,0.252,0.398,0.306,0.306,0.325,87.7,15.1,39.2,4.2,35.5,66.6,32.6,22.2,49.4,66.7,87.5,58.6,39.8,41.0,19.3,42.2,27.7,25.3,4.8,0.329,Dominic Smith
"Caissie, Owen",683357,2025,27,,,,4,,,0.192,0.222,0.346,0.568,0.154,0.189,0.311,0.232,0.219,0.245,87.3,14.0,53.3,13.3,20.0,83.0,38.0,39.7,61.2,100.0,68.2,42.1,26.7,20.0,53.3,26.7,26.7,40.0,6.7,0.286,Owen Caissie
"Donovan, Brendan",680977,2025,515,,,,50,,,0.287,0.353,0.422,0.775,0.135,0.28,0.449,0.346,0.348,0.337,89.7,12.2,40.1,8.8,40.9,61.3,25.0,13.4,43.8,77.4,91.3,74.0,34.8,38.3,26.8,43.1,22.3,28.1,6.5,0.315,Brendan Donovan
"Seymour, Bob",676044,2025,83,,,,5,,,0.205,0.253,0.282,0.535,0.077,0.2,0.279,0.236,0.248,0.239,89.5,11.9,23.9,0.0,47.8,74.4,41.4,36.7,56.3,89.5,81.8,35.8,41.3,34.8,23.9,50.0,17.4,23.9,8.7,0.333,Bob Seymour
"Alonso, Pete",624413,2025,709,,,,126,,,0.272,0.347,0.524,0.871,0.252,0.274,0.572,0.386,0.349,0.368,93.5,15.4,38.4,18.9,54.4,65.7,27.4,25.6,46.3,76.2,81.6,57.6,39.3,31.6,29.1,37.8,29.9,25.5,6.8,0.305,Pete Alonso
"Stallings, Jacob",607732,2025,129,,,,9,,,0.134,0.195,0.168,0.363,0.034,0.17,0.234,0.211,0.229,0.171,85.0,10.6,31.3,1.3,26.3,71.0,39.6,34.1,55.6,92.3,74.7,49.5,43.8,31.3,25.0,50.0,25.0,20.0,5.0,0.203,Jacob Stallings
"Bell, Josh",605137,2025,533,,,,63,,,0.237,0.325,0.417,0.742,0.18,0.256,0.485,0.359,0.345,0.324,90.4,10.4,33.4,12.0,47.0,68.9,26.8,23.6,47.0,77.3,83.7,59.0,41.5,31.9,26.6,46.0,27.9,20.6,5.5,0.247,Josh Bell
"Dunn, Blake",694362,2025,75,,,,7,,,0.15,0.32,0.233,0.553,0.083,0.188,0.287,0.304,0.35,0.272,88.6,-0.3,25.7,8.6,37.1,62.5,24.7,33.1,41.8,68.4,73.3,53.5,25.7,45.7,28.6,62.9,11.4,22.9,2.9,0.235,Blake Dunn
"Sánchez, Ali",645305,2025,23,,,,0,,,0.217,0.217,0.304,0.521,0.087,0.214,0.389,0.255,0.214,0.224,88.3,15.1,35.3,17.6,41.2,73.8,47.4,20.4,61.3,66.7,90.3,61.1,41.2,35.3,23.5,47.1,17.6,23.5,11.8,0.294,Ali Sánchez
"Lux, Gavin",666158,2025,503,,,,53,,,0.269,0.35,0.374,0.724,0.105,0.243,0.336,0.299,0.327,0.322,88.3,9.6,38.1,3.6,36.9,65.1,19.5,21.6,42.7,80.9,86.2,51.5,39.0,40.5,20.4,47.1,22.5,27.6,2.7,0.351,Gavin Lux
"Rea, Colin",607067,2025,1,,,,0,,,0.0,0.0,0.0,0.0,0.0,0.0,0.0,0.0,0.0,0.0,,,,,,33.3,100.0,0.0,60.0,,100.0,100.0,,,,,,,,0.0,Colin Rea
"Robert Jr., Luis",673357,2025,431,,,,53,,,0.223,0.297,0.364,0.661,0.141,0.246,0.426,0.321,0.319,0.289,89.4,18.2,34.7,10.2,41.6,76.3,32.5,31.7,53.3,92.1,77.8,48.1,44.2,30.7,25.2,38.3,28.5,23.4,9.9,0.274,Luis Robert Jr.
"Winker, Jesse",608385,2025,81,,,,10,,,0.229,0.309,0.4,0.709,0.171,0.204,0.35,0.277,0.289,0.301,89.5,20.5,29.4,7.8,45.1,68.5,18.8,22.4,45.1,80.8,83.5,53.6,54.9,21.6,23.5,37.3,19.6,21.6,21.6,0.3,Jesse Winker
"Lugo, Matthew",683090,2025,70,,,,9,,,0.232,0.243,0.464,0.707,0.232,0.217,0.379,0.26,0.228,0.299,88.2,12.9,33.3,13.3,42.2,65.0,39.2,37.6,51.7,71.4,71.1,49.0,51.1,24.4,24.4,53.3,22.2,17.8,6.7,0.293,Matthew Lugo
"Naylor, Bo",666310,2025,414,,,,47,,,0.195,0.282,0.379,0.661,0.184,0.201,0.371,0.292,0.291,0.289,89.6,21.3,36.8,9.7,38.3,66.5,25.5,22.0,47.1,76.5,85.6,56.2,43.1,34.2,22.7,31.6,32.0,23.4,13.0,0.222,Bo Naylor
"Canha, Mark",592192,2025,125,,,,6,,,0.212,0.272,0.265,0.537,0.053,0.214,0.303,0.268,0.283,0.244,86.6,19.9,25.3,2.2,33.0,61.3,28.3,23.7,45.8,68.8,84.2,56.7,37.4,38.5,24.2,36.3,25.3,23.1,15.4,0.256,Mark Canha
"Collins, Isaac",686555,2025,441,,,,54,,,0.263,0.368,0.411,0.779,0.148,0.246,0.359,0.322,0.354,0.344,88.8,12.2,34.4,4.9,38.9,64.8,18.4,22.5,43.1,82.7,84.0,51.3,41.1,35.1,23.9,43.9,23.5,25.6,7.0,0.326,Isaac Collins
"Clarke, Denzel",672016,2025,159,,,,8,,,0.23,0.274,0.372,0.646,0.142,0.2,0.322,0.25,0.246,0.281,90.0,4.1,29.2,6.7,42.7,65.3,30.2,32.7,47.1,63.6,79.8,42.4,34.8,43.8,21.3,55.1,23.6,19.1,2.2,0.369,Denzel Clarke
"Caratini, Victor",605170,2025,386,,,,46,,,0.259,0.324,0.404,0.728,0.145,0.255,0.425,0.329,0.324,0.318,88.7,12.5,34.7,7.7,40.7,68.2,23.5,19.8,46.6,80.6,85.2,64.4,38.9,37.9,23.2,42.8,26.7,24.6,6.0,0.282,Victor Caratini
"Singleton, Jon",572138,2025,9,,,,0,,,0.111,0.111,0.111,0.222,0.0,0.253,0.397,0.279,0.253,0.098,83.5,0.5,0.0,0.0,50.0,75.0,11.1,15.4,52.0,100.0,91.7,0.0,0.0,87.5,12.5,75.0,25.0,0.0,0.0,0.125,Jon Singleton
"Andujar, Miguel",609280,2025,341,,,,44,,,0.318,0.352,0.47,0.822,0.152,0.259,0.383,0.298,0.299,0.354,88.0,11.0,31.8,4.7,35.4,72.3,35.8,17.8,53.5,82.3,89.5,68.2,33.2,45.6,21.2,46.7,21.9,23.4,8.0,0.348,Miguel Andujar
"Ornelas, Tirso",672359,2025,16,,,,1,,,0.071,0.188,0.071,0.259,0.0,0.17,0.369,0.285,0.273,0.142,90.5,17.7,16.7,8.3,41.7,62.5,26.7,14.3,45.2,80.0,95.0,62.5,25.0,58.3,16.7,41.7,33.3,8.3,16.7,0.083,Tirso Ornelas
"Harris II, Michael",671739,2025,641,,,,86,,,0.249,0.268,0.409,0.677,0.16,0.268,0.438,0.315,0.291,0.289,90.2,7.4,29.6,9.1,43.4,71.3,43.1,24.4,57.0,73.5,88.2,55.3,35.8,40.3,23.9,50.6,21.3,22.3,5.9,0.281,Michael Harris II
"Palacios, Richie",680700,2025,48,,,,3,,,0.333,0.396,0.452,0.848,0.119,0.315,0.443,0.36,0.38,0.369,89.9,10.6,41.2,5.9,44.1,63.1,20.7,24.1,43.7,84.6,76.9,72.2,32.4,50.0,17.6,41.2,23.5,32.4,2.9,0.394,Richie Palacios
"Matos, Luis",682641,2025,184,,,,22,,,0.221,0.266,0.424,0.69,0.203,0.219,0.368,0.274,0.264,0.296,88.0,14.1,33.6,7.5,37.7,65.6,37.7,20.1,51.4,63.8,87.8,66.7,40.4,43.2,16.4,46.6,25.3,17.1,11.0,0.217,Luis Matos
"Hicklen, Brewer",676551,2025,4,,,,0,,,0.667,0.75,0.667,1.417,0.0,0.167,0.402,0.349,0.375,0.614,88.9,-6.7,50.0,50.0,50.0,87.5,20.0,44.4,50.0,100.0,57.1,50.0,0.0,100.0,0.0,50.0,0.0,50.0,0.0,1.0,Brewer Hicklen
"Vientos, Mark",668901,2025,463,,,,61,,,0.233,0.289,0.413,0.702,0.18,0.246,0.432,0.32,0.303,0.303,91.4,11.5,33.5,11.5,50.5,70.8,32.8,32.5,51.9,84.7,77.3,46.4,37.7,39.0,23.3,41.5,27.2,24.9,6.4,0.277,Mark Vientos
"Robles, Victor",645302,2025,114,,,,9,,,0.245,0.281,0.33,0.611,0.085,0.203,0.292,0.237,0.242,0.268,85.4,6.8,28.0,4.9,23.2,79.3,42.9,25.9,60.8,90.6,84.9,54.9,41.5,34.1,24.4,50.0,26.8,18.3,4.9,0.309,Victor Robles
"Helman, Michael",680737,2025,110,,,,20,,,0.232,0.29,0.455,0.745,0.223,0.179,0.323,0.25,0.241,0.319,82.7,19.6,24.7,8.6,24.7,72.2,33.1,24.1,55.3,92.3,81.3,60.3,56.8,25.9,17.3,42.0,29.6,13.6,14.8,0.247,Michael Helman
"Happ, Ian",664023,2025,663,,,,79,,,0.243,0.342,0.42,0.762,0.177,0.256,0.457,0.354,0.356,0.333,90.0,16.1,35.7,10.4,44.4,63.5,20.8,24.6,43.5,83.5,82.5,50.9,40.9,33.8,25.3,36.6,29.1,26.0,8.3,0.287,Ian Happ
"Mastrobuoni, Miles",670156,2025,175,,,,12,,,0.25,0.324,0.296,0.62,0.046,0.28,0.373,0.322,0.351,0.282,88.0,6.2,33.3,2.3,36.4,56.5,19.2,16.1,39.9,71.2,86.7,73.7,29.5,40.3,30.2,51.2,20.9,26.4,1.6,0.301,Miles Mastrobuoni
"Mullins, Cedric",656775,2025,498,,,,59,,,0.216,0.299,0.391,0.69,0.175,0.207,0.34,0.284,0.294,0.302,88.8,23.3,32.7,6.2,35.9,69.1,26.6,23.1,48.3,82.4,82.5,61.2,46.3,29.9,23.8,32.4,31.8,23.1,12.7,0.253,Cedric Mullins
"Santana, Carlos",467793,2025,474,,,,54,,,0.219,0.308,0.325,0.633,0.106,0.216,0.346,0.29,0.306,0.284,87.6,16.7,31.1,4.9,37.8,65.9,24.9,24.3,45.0,80.4,84.8,52.6,48.8,34.1,17.1,40.5,26.2,22.0,11.3,0.252,Carlos Santana
"Williamson, Ben",810938,2025,295,,,,21,,,0.253,0.294,0.31,0.604,0.057,0.241,0.322,0.269,0.283,0.269,88.3,3.1,23.3,3.3,40.5,60.6,33.6,21.9,48.1,70.2,87.4,58.7,27.9,33.5,38.6,58.6,19.5,19.5,2.3,0.325,Ben Williamson
"Pasquantino, Vinnie",686469,2025,682,,,,113,,,0.264,0.323,0.475,0.798,0.211,0.259,0.463,0.334,0.319,0.34,90.9,16.3,33.5,10.8,44.7,65.2,30.4,18.2,48.0,77.0,90.0,63.8,45.1,32.9,22.0,38.2,29.7,24.3,7.9,0.271,Vinnie Pasquantino
"Bauers, Jake",641343,2025,218,,,,28,,,0.235,0.353,0.399,0.752,0.164,0.237,0.46,0.356,0.357,0.333,91.7,16.6,36.0,13.6,45.6,65.7,20.4,26.4,43.1,84.8,83.4,41.8,36.0,40.0,24.0,35.2,30.4,26.4,8.0,0.305,Jake Bauers
"Cook, Billy",695257,2025,6,,,,0,,,0.333,0.333,0.333,0.666,0.0,0.392,0.455,0.378,0.392,0.294,81.6,26.4,0.0,0.0,40.0,55.6,63.6,25.0,60.0,,80.0,71.4,0.0,60.0,40.0,40.0,40.0,0.0,20.0,0.4,Billy Cook
"Lukes, Nathan",664770,2025,438,,,,65,,,0.255,0.323,0.407,0.73,0.152,0.259,0.392,0.315,0.327,0.317,87.9,11.2,30.8,4.7,37.0,64.4,31.5,14.0,48.9,72.4,89.1,78.9,31.7,39.6,28.7,46.7,23.4,22.8,7.1,0.273,Nathan Lukes
"Bart, Joey",663698,2025,332,,,,30,,,0.249,0.355,0.34,0.695,0.091,0.222,0.38,0.318,0.332,0.317,88.4,9.0,35.9,10.4,43.2,59.5,23.2,28.0,40.3,71.0,84.1,44.2,37.5,43.8,18.8,52.1,20.8,24.5,2.6,0.356,Joey Bart
"Adams, Jordyn",677941,2025,5,,,,0,,,0.0,0.0,0.0,0.0,0.0,0.197,0.335,0.224,0.197,0.0,94.3,18.2,33.3,0.0,66.7,75.0,50.0,55.6,64.3,100.0,66.7,0.0,33.3,33.3,33.3,33.3,33.3,33.3,0.0,0.0,Jordyn Adams
"Freeman, Tyler",671289,2025,428,,,,31,,,0.281,0.354,0.361,0.715,0.08,0.278,0.367,0.325,0.355,0.319,90.1,7.9,30.7,2.1,40.4,65.1,25.8,12.5,46.1,71.2,94.2,69.4,32.2,37.3,30.4,52.1,20.8,25.3,1.8,0.317,Tyler Freeman
"Chisholm Jr., Jazz",665862,2025,531,,,,80,,,0.242,0.332,0.481,0.813,0.239,0.234,0.481,0.346,0.325,0.349,89.0,15.8,32.6,15.0,43.3,68.4,26.5,32.2,47.1,80.5,75.0,49.8,48.9,32.6,18.5,39.5,33.2,17.9,9.4,0.282,Jazz Chisholm Jr.
"Mateo, Jorge",622761,2025,83,,,,3,,,0.177,0.217,0.266,0.483,0.089,0.167,0.255,0.206,0.207,0.214,85.3,9.8,20.4,4.1,36.7,64.7,39.3,31.8,52.4,70.0,76.8,53.1,32.7,44.9,22.4,46.9,28.6,16.3,8.2,0.271,Jorge Mateo
"Short, Zack",670097,2025,56,,,,7,,,0.22,0.291,0.38,0.671,0.16,0.175,0.281,0.241,0.25,0.295,86.2,20.9,18.2,3.0,39.4,57.0,25.2,29.4,40.5,80.0,73.9,63.6,30.3,48.5,21.2,42.4,30.3,15.2,12.1,0.3,Zack Short
"Nuñez, Nasim",683083,2025,92,,,,13,,,0.232,0.297,0.402,0.699,0.17,0.239,0.367,0.296,0.304,0.304,88.6,5.0,34.4,4.7,42.2,63.9,21.7,25.1,43.9,76.9,84.3,44.2,26.6,37.5,35.9,50.0,21.9,21.9,6.3,0.254,Nasim Nuñez
"Stevens, Chad",677060,2025,14,,,,0,,,0.154,0.154,0.154,0.308,0.0,0.184,0.197,0.169,0.184,0.136,82.2,5.0,28.6,0.0,14.3,80.8,31.0,26.7,54.5,75.0,81.0,55.6,57.1,42.9,0.0,85.7,14.3,0.0,0.0,0.333,Chad Stevens
"Soderstrom, Tyler",691016,2025,624,,,,93,,,0.276,0.346,0.474,0.82,0.198,0.261,0.457,0.341,0.333,0.354,91.6,7.9,34.4,11.4,49.8,68.3,28.9,25.4,48.9,81.1,84.0,51.7,33.2,38.4,28.4,48.3,23.5,24.6,3.6,0.327,Tyler Soderstrom
"Fermín, José",665877,2025,70,,,,9,,,0.283,0.377,0.417,0.794,0.134,0.275,0.367,0.332,0.37,0.352,87.1,16.0,35.3,0.0,29.4,57.6,20.9,15.2,38.7,60.9,92.1,65.5,45.1,35.3,19.6,39.2,25.5,27.5,7.8,0.327,José Fermín
"Pederson, Joc",592626,2025,306,,,,26,,,0.181,0.285,0.328,0.613,0.147,0.219,0.393,0.315,0.319,0.276,91.2,16.9,28.4,9.5,44.8,63.5,26.9,25.2,44.3,74.2,83.2,56.9,44.3,29.9,25.9,40.8,29.4,19.9,10.0,0.203,Joc Pederson
"Sánchez, Gary",596142,2025,101,,,,24,,,0.231,0.297,0.418,0.715,0.187,0.24,0.421,0.315,0.306,0.311,93.3,18.4,24.6,10.8,57.8,59.8,24.3,26.7,42.4,52.6,84.0,44.9,56.9,26.2,16.9,41.5,30.8,15.4,12.3,0.267,Gary Sánchez
"Alfaro, Jorge",595751,2025,39,,,,3,,,0.256,0.256,0.308,0.564,0.052,0.241,0.33,0.247,0.241,0.245,86.8,12.4,40.0,8.0,44.0,83.8,53.2,34.7,69.9,81.8,75.8,45.5,36.0,28.0,36.0,44.0,24.0,28.0,4.0,0.4,Jorge Alfaro
"Crawford, J.P.",641487,2025,654,,,,58,,,0.265,0.352,0.37,0.722,0.105,0.266,0.386,0.329,0.354,0.322,87.2,11.5,40.0,4.8,34.7,65.1,21.9,20.4,45.1,76.7,83.6,65.7,33.6,34.1,32.3,44.4,23.1,27.3,5.3,0.318,J.P. Crawford
"Castellanos, Nick",592206,2025,589,,,,72,,,0.25,0.294,0.4,0.694,0.15,0.242,0.408,0.302,0.29,0.3,87.8,15.2,39.0,7.6,34.5,80.0,40.9,29.9,58.8,90.2,81.9,50.6,40.5,36.2,23.3,38.8,31.0,26.7,3.6,0.298,Nick Castellanos
"Osuna, Alejandro",696030,2025,176,,,,15,,,0.212,0.313,0.278,0.591,0.066,0.271,0.39,0.338,0.368,0.27,88.9,12.0,34.5,5.9,37.0,61.7,24.9,19.6,44.2,57.4,85.0,67.8,30.3,46.2,23.5,42.9,20.2,30.3,6.7,0.256,Alejandro Osuna
"Loperfido, Joey",694388,2025,104,,,,14,,,0.333,0.379,0.5,0.879,0.167,0.266,0.407,0.316,0.316,0.381,87.3,11.7,32.9,5.7,37.1,73.4,34.4,29.4,53.5,83.3,80.0,51.5,34.3,40.0,25.7,42.9,20.0,30.0,7.1,0.431,Joey Loperfido
"Kaiser, Connor",663731,2025,19,,,,2,,,0.111,0.158,0.167,0.325,0.056,0.184,0.317,0.239,0.227,0.149,82.1,29.5,38.5,7.7,23.1,59.0,31.0,31.3,47.1,0.0,82.6,33.3,7.7,46.2,46.2,23.1,38.5,15.4,23.1,0.154,Connor Kaiser
"Yastrzemski, Mike",573262,2025,558,,,,46,,,0.233,0.333,0.403,0.736,0.17,0.237,0.419,0.329,0.338,0.321,90.8,20.4,35.6,8.5,42.6,61.2,22.0,19.0,41.8,67.6,85.9,67.2,39.6,34.3,26.1,32.7,33.5,24.5,9.3,0.263,Mike Yastrzemski
"Tolbert, Tyler",686475,2025,57,,,,6,,,0.28,0.321,0.38,0.701,0.1,0.26,0.343,0.313,0.318,0.305,88.3,11.3,40.5,2.4,38.1,82.8,31.3,26.2,56.6,100.0,85.7,43.3,31.0,35.7,33.3,35.7,26.2,33.3,4.8,0.325,Tyler Tolbert
"Bader, Harrison",664056,2025,501,,,,54,,,0.277,0.347,0.449,0.796,0.172,0.22,0.374,0.297,0.298,0.346,87.2,12.7,33.0,10.2,40.3,65.1,32.5,29.0,47.9,69.6,79.0,56.8,43.8,35.9,20.3,45.7,22.9,22.5,8.9,0.359,Harrison Bader
"Eaton, Nate",681987,2025,90,,,,4,,,0.296,0.348,0.383,0.731,0.087,0.243,0.365,0.293,0.3,0.322,88.8,8.8,31.3,6.3,37.5,63.2,29.9,17.6,47.0,70.6,90.9,63.3,39.1,42.2,18.8,50.0,23.4,18.8,7.8,0.371,Nate Eaton
"Bae, Ji Hwan",678225,2025,25,,,,0,,,0.05,0.24,0.05,0.29,0.0,0.115,0.278,0.268,0.292,0.174,88.3,10.2,18.2,18.2,36.4,68.3,32.8,41.7,47.1,100.0,71.4,40.0,9.1,63.6,27.3,54.5,36.4,0.0,9.1,0.091,Ji Hwan Bae
"Perdomo, Geraldo",672695,2025,720,,,,100,,,0.29,0.389,0.462,0.851,0.172,0.278,0.424,0.356,0.381,0.37,87.6,15.5,36.2,6.2,31.9,57.0,19.2,12.0,39.7,69.9,92.1,73.8,40.3,33.2,26.5,39.8,26.5,25.5,8.3,0.303,Geraldo Perdomo
"Butler, Lawrence",671732,2025,630,,,,63,,,0.234,0.306,0.404,0.71,0.17,0.229,0.393,0.304,0.301,0.31,90.5,9.2,34.4,9.2,44.4,67.9,26.1,32.9,47.0,80.1,76.3,43.2,33.7,37.2,29.1,46.7,22.7,25.5,5.1,0.304,Lawrence Butler
"O'Hearn, Ryan",656811,2025,544,,,,63,,,0.281,0.366,0.437,0.803,0.156,0.269,0.429,0.343,0.357,0.349,89.4,11.4,38.2,7.6,42.5,66.8,26.8,23.3,46.8,79.9,84.3,57.9,36.0,37.1,26.8,45.0,25.7,24.1,5.1,0.33,Ryan O'Hearn
"Moreno, Gabriel",672515,2025,309,,,,40,,,0.285,0.353,0.433,0.786,0.148,0.279,0.453,0.346,0.349,0.34,90.4,14.4,39.8,7.1,43.4,60.6,26.0,18.0,44.0,68.7,87.4,68.3,32.7,35.8,31.4,39.4,26.1,28.8,5.8,0.323,Gabriel Moreno
"Campusano, Luis",669134,2025,27,,,,0,,,0.0,0.222,0.0,0.222,0.0,0.076,0.089,0.208,0.281,0.154,87.8,-16.0,0.0,0.0,30.0,51.7,20.6,38.6,34.9,66.7,76.7,28.6,60.0,40.0,0.0,90.0,10.0,0.0,0.0,0.0,Luis Campusano
"Walker, Jordan",691023,2025,396,,,,41,,,0.215,0.278,0.306,0.584,0.091,0.207,0.363,0.278,0.271,0.26,92.3,10.3,29.0,10.9,50.0,66.9,34.1,35.6,49.4,67.4,78.4,40.4,35.3,45.0,19.7,47.5,22.3,21.0,9.2,0.31,Jordan Walker
"Bañuelos, David",675915,2025,2,,,,0,,,0.0,0.5,0.0,0.5,0.0,0.0,0.0,0.361,0.5,0.361,,,,,,100.0,33.3,75.0,50.0,,0.0,50.0,,,,,,,,0.0,David Bañuelos
"Guerrero Jr., Vladimir",665489,2025,680,,,,84,,,0.292,0.381,0.467,0.848,0.175,0.3,0.506,0.384,0.39,0.366,92.0,7.8,33.7,12.2,50.7,62.3,21.5,21.5,42.2,71.7,84.1,61.9,34.9,40.1,25.1,47.1,19.8,27.1,6.0,0.313,Vladimir Guerrero Jr.
"Witt Jr., Bobby",677951,2025,687,,,,88,,,0.295,0.351,0.501,0.852,0.206,0.285,0.508,0.365,0.347,0.36,93.3,15.2,35.4,12.5,48.5,71.5,30.7,23.9,51.1,84.9,83.4,59.2,32.9,37.8,29.3,37.4,27.9,26.1,8.5,0.334,Bobby Witt Jr.
"Gasper, Mickey",681508,2025,110,,,,11,,,0.158,0.257,0.232,0.489,0.074,0.167,0.241,0.236,0.265,0.229,87.8,19.4,16.9,1.3,31.2,57.8,20.4,18.5,39.5,71.0,87.2,64.4,33.8,29.9,36.4,42.9,31.2,13.0,13.0,0.176,Mickey Gasper
"Ramírez, Agustín",682663,2025,585,,,,67,,,0.231,0.287,0.413,0.7,0.182,0.259,0.457,0.332,0.315,0.302,90.8,8.3,31.1,11.0,47.0,70.0,32.0,25.5,49.9,76.9,86.3,51.7,39.7,35.7,24.5,45.8,22.2,23.8,8.2,0.253,Agustín Ramírez
"Millas, Drew",686452,2025,55,,,,7,,,0.306,0.358,0.449,0.807,0.143,0.279,0.352,0.305,0.333,0.35,84.8,8.5,32.6,2.3,23.3,70.1,17.4,19.4,46.9,76.5,85.4,50.0,37.2,34.9,27.9,48.8,16.3,30.2,4.7,0.357,Drew Millas
"Garver, Mitch",641598,2025,290,,,,30,,,0.209,0.297,0.343,0.64,0.134,0.209,0.371,0.298,0.3,0.284,91.5,19.4,31.1,7.9,46.9,59.7,20.5,30.7,40.8,73.7,77.8,42.6,45.8,36.7,17.5,35.6,31.6,22.0,10.7,0.262,Mitch Garver
"Carroll, Corbin",682998,2025,642,,,,84,,,0.259,0.343,0.541,0.884,0.282,0.262,0.529,0.372,0.348,0.371,92.1,16.7,33.5,14.5,49.9,66.9,31.6,24.8,48.9,72.9,81.0,63.3,42.4,35.2,22.4,35.7,32.0,22.9,9.4,0.299,Corbin Carroll
"Montgomery, Colson",695657,2025,284,,,,55,,,0.239,0.311,0.529,0.84,0.29,0.23,0.501,0.341,0.303,0.355,89.4,18.0,35.8,14.5,44.5,70.2,30.5,31.5,50.7,79.1,80.1,40.7,48.6,34.1,17.3,36.4,31.2,22.5,9.8,0.263,Colson Montgomery
"Baddoo, Akil",668731,2025,18,,,,1,,,0.118,0.167,0.176,0.343,0.058,0.258,0.317,0.277,0.3,0.157,90.3,9.1,33.3,0.0,41.7,84.6,50.0,30.6,66.7,100.0,86.4,42.9,50.0,33.3,16.7,41.7,8.3,41.7,8.3,0.167,Akil Baddoo
"Tawa, Tim",694374,2025,225,,,,18,,,0.201,0.274,0.347,0.621,0.146,0.206,0.368,0.29,0.284,0.273,89.2,6.8,31.4,9.3,42.1,69.0,28.9,32.5,48.4,75.7,81.0,36.9,44.3,38.6,17.1,50.7,27.1,17.9,4.3,0.252,Tim Tawa
"Pages, Andy",681624,2025,624,,,,86,,,0.272,0.313,0.461,0.774,0.189,0.258,0.428,0.316,0.301,0.332,88.6,16.9,38.9,8.4,37.2,70.5,33.2,21.5,53.1,84.2,87.1,57.7,40.7,34.1,25.2,35.4,32.5,27.2,4.9,0.308,Andy Pages
"Taveras, Leody",665750,2025,180,,,,17,,,0.205,0.226,0.304,0.53,0.099,0.198,0.316,0.232,0.22,0.23,88.5,21.2,27.2,6.4,35.2,67.4,34.2,25.2,52.1,74.5,82.9,56.0,31.2,36.8,32.0,36.0,24.8,24.8,14.4,0.269,Leody Taveras
"Taylor, Samad",669392,2025,9,,,,0,,,0.125,0.125,0.125,0.25,0.0,0.187,0.237,0.183,0.187,0.11,75.7,9.9,37.5,0.0,12.5,66.7,50.0,21.4,60.9,100.0,80.0,75.0,25.0,37.5,37.5,62.5,12.5,25.0,0.0,0.143,Samad Taylor
"Devers, Rafael",646240,2025,729,,,,109,,,0.252,0.372,0.479,0.851,0.227,0.244,0.487,0.367,0.368,0.365,93.5,12.6,34.6,16.0,56.1,70.1,25.6,31.6,47.2,79.4,71.3,60.9,35.8,37.9,26.3,42.7,30.1,22.9,4.3,0.307,Rafael Devers
"Mayo, Coby",691723,2025,294,,,,28,,,0.217,0.299,0.388,0.687,0.171,0.202,0.363,0.289,0.287,0.303,87.3,20.7,33.0,10.1,36.0,61.8,27.9,30.6,45.3,75.3,79.9,44.4,46.4,29.6,24.0,35.8,31.8,19.0,13.4,0.274,Coby Mayo
"Meyers, Jake",676694,2025,381,,,,24,,,0.292,0.354,0.373,0.727,0.081,0.269,0.403,0.325,0.334,0.323,88.1,9.8,34.6,5.0,38.9,69.1,23.7,21.2,47.2,88.3,88.8,47.7,36.1,42.1,21.8,48.9,20.4,26.8,3.9,0.353,Jake Meyers
"Alvarez Jr., Nacho",805373,2025,208,,,,15,,,0.234,0.296,0.33,0.626,0.096,0.228,0.308,0.27,0.291,0.279,84.9,17.8,33.1,1.4,26.8,58.4,25.2,22.2,43.0,59.1,82.0,66.7,31.0,40.1,28.9,38.0,23.2,24.6,14.1,0.304,Nacho Alvarez Jr.
"Hernández, Teoscar",606192,2025,546,,,,89,,,0.247,0.284,0.454,0.738,0.207,0.25,0.455,0.323,0.291,0.315,90.2,9.9,34.0,11.5,46.1,68.5,30.0,31.9,50.4,77.8,77.2,44.5,35.9,37.7,26.4,45.3,27.7,23.0,3.9,0.283,Teoscar Hernández
"Peraza, Oswald",672724,2025,265,,,,20,,,0.164,0.223,0.25,0.473,0.086,0.194,0.306,0.248,0.252,0.214,87.1,8.0,29.7,6.7,38.8,73.3,30.3,33.3,52.9,77.6,74.7,45.1,41.8,38.8,19.4,51.5,19.4,20.0,9.1,0.219,Oswald Peraza
"Lopez, Nicky",670032,2025,28,,,,1,,,0.042,0.179,0.042,0.221,0.0,0.176,0.199,0.24,0.294,0.13,84.8,-5.5,15.0,0.0,40.0,71.4,12.0,8.7,43.4,60.0,92.5,83.3,45.0,40.0,15.0,70.0,5.0,15.0,10.0,0.05,Nicky Lopez
"Herrera, Jose",645444,2025,204,,,,17,,,0.187,0.285,0.259,0.544,0.072,0.169,0.225,0.237,0.273,0.251,83.9,16.2,30.8,0.8,22.6,57.8,15.6,21.1,38.8,70.3,86.3,45.0,40.6,36.8,22.6,44.4,27.1,19.5,9.0,0.242,Jose Herrera
"Alexander, Blaze",677942,2025,266,,,,28,,,0.23,0.323,0.383,0.706,0.153,0.211,0.374,0.305,0.308,0.313,90.2,7.3,35.8,12.8,43.2,68.1,25.3,31.0,47.4,70.3,77.7,44.1,39.9,37.8,22.3,50.7,24.3,24.3,0.7,0.333,Blaze Alexander
"Renfroe, Hunter",592669,2025,108,,,,4,,,0.182,0.241,0.242,0.483,0.06,0.193,0.319,0.257,0.254,0.219,88.5,17.0,24.1,6.3,35.4,62.4,25.9,23.3,44.0,60.7,86.0,54.9,50.6,31.6,17.7,43.0,25.3,13.9,17.7,0.228,Hunter Renfroe
"Estrada, Thairo",642731,2025,165,,,,21,,,0.253,0.285,0.37,0.655,0.117,0.233,0.322,0.264,0.269,0.284,86.3,7.0,28.2,3.1,30.5,73.0,35.2,22.8,54.0,75.0,88.3,54.5,44.3,36.6,19.1,51.9,22.9,21.4,3.8,0.281,Thairo Estrada
"Jones, Greg",675659,2025,2,,,,0,,,0.0,0.0,0.0,0.0,0.0,0.0,0.0,0.0,0.0,0.0,,,,,,100.0,25.0,66.7,66.7,,40.0,0.0,,,,,,,,0.0,Greg Jones
"Barrero, José",676480,2025,31,,,,3,,,0.138,0.194,0.276,0.47,0.138,0.125,0.214,0.18,0.181,0.209,83.6,28.0,25.0,5.0,20.0,70.0,34.5,24.6,53.9,85.7,83.7,55.0,30.0,30.0,40.0,25.0,35.0,20.0,20.0,0.158,José Barrero
"Jiménez, Leo",677870,2025,32,,,,1,,,0.069,0.129,0.172,0.301,0.103,0.186,0.307,0.24,0.238,0.139,92.0,8.4,22.7,9.1,50.0,62.9,23.3,21.3,42.7,66.7,88.6,52.9,36.4,36.4,27.3,50.0,31.8,18.2,0.0,0.05,Leo Jiménez
"Workman, Gage",669398,2025,17,,,,2,,,0.188,0.235,0.25,0.485,0.062,0.248,0.431,0.312,0.292,0.218,89.8,18.9,44.4,11.1,33.3,80.8,38.5,54.8,59.6,100.0,61.9,10.0,33.3,55.6,11.1,55.6,33.3,11.1,0.0,0.333,Gage Workman
"McNeil, Jeff",643446,2025,462,,,,54,,,0.243,0.335,0.411,0.746,0.168,0.266,0.395,0.33,0.355,0.324,87.2,15.9,38.9,5.1,32.9,75.8,26.8,16.6,52.9,88.1,89.5,63.7,48.6,29.7,21.7,36.6,28.3,27.1,8.0,0.253,Jeff McNeil
"Whitcomb, Shay",694376,2025,32,,,,1,,,0.125,0.125,0.219,0.344,0.094,0.178,0.288,0.198,0.178,0.146,84.5,11.4,27.3,4.5,18.2,69.0,29.9,33.3,50.0,84.2,79.6,35.0,68.2,13.6,18.2,50.0,18.2,18.2,13.6,0.143,Shay Whitcomb
"Arraez, Luis",650333,2025,675,,,,61,,,0.292,0.327,0.392,0.719,0.1,0.287,0.363,0.303,0.324,0.313,86.1,12.2,37.1,1.1,16.7,62.7,34.1,5.3,49.4,69.1,95.8,92.3,29.4,32.4,38.2,45.1,22.5,28.0,4.4,0.289,Luis Arraez
"Rivero, Sebastián",665861,2025,34,,,,2,,,0.182,0.206,0.242,0.448,0.06,0.168,0.278,0.204,0.193,0.198,86.9,15.3,41.7,8.3,29.2,72.9,49.1,35.4,62.2,73.3,74.5,46.4,33.3,37.5,29.2,41.7,25.0,25.0,8.3,0.25,Sebastián Rivero
"Prieto, César",693409,2025,6,,,,0,,,0.167,0.167,0.167,0.334,0.0,0.0,0.0,0.0,0.0,0.147,,,0.0,0.0,0.0,55.6,68.8,50.0,64.0,,80.0,36.4,100.0,0.0,0.0,100.0,0.0,0.0,0.0,1.0,César Prieto
"Abreu, Wilyer",677800,2025,417,,,,69,,,0.247,0.317,0.469,0.786,0.222,0.243,0.475,0.335,0.315,0.334,90.8,23.0,31.9,12.3,44.9,73.6,29.0,24.0,52.1,80.2,83.7,54.9,43.5,31.5,25.0,31.5,39.9,18.1,10.5,0.277,Wilyer Abreu
"Lockridge, Brandon",663604,2025,148,,,,11,,,0.231,0.276,0.299,0.575,0.068,0.233,0.314,0.267,0.282,0.254,87.1,2.3,26.2,2.9,32.0,68.7,33.7,24.9,53.5,78.3,83.5,52.9,21.4,41.7,36.9,58.3,19.4,20.4,1.9,0.31,Brandon Lockridge
"Wells, Austin",669224,2025,448,,,,71,,,0.219,0.275,0.436,0.711,0.217,0.214,0.399,0.294,0.276,0.302,90.6,20.7,33.0,10.2,45.2,71.5,29.2,27.4,50.7,82.7,81.7,49.6,39.1,31.3,29.6,33.0,33.7,22.8,10.5,0.245,Austin Wells
"Anderson, Tim",641313,2025,90,,,,3,,,0.205,0.258,0.241,0.499,0.036,0.183,0.243,0.219,0.238,0.229,88.6,0.7,20.0,0.0,36.4,72.0,36.5,31.9,56.1,85.7,78.6,42.6,34.5,40.0,25.5,61.8,21.8,16.4,0.0,0.315,Tim Anderson
"Gelof, Zack",680869,2025,101,,,,7,,,0.174,0.23,0.272,0.502,0.098,0.143,0.299,0.219,0.202,0.224,88.1,15.2,35.4,12.5,47.9,74.4,26.4,43.2,51.2,78.6,65.6,30.2,41.7,43.8,14.6,43.8,25.0,22.9,8.3,0.311,Zack Gelof
"Hampson, Garrett",641658,2025,91,,,,1,,,0.143,0.25,0.169,0.419,0.026,0.15,0.194,0.217,0.256,0.205,84.3,22.5,25.5,2.0,19.6,53.4,23.1,22.5,39.6,65.4,82.0,67.5,33.3,39.2,27.5,41.2,27.5,17.6,13.7,0.229,Garrett Hampson
"Sosa, Edmundo",624641,2025,261,,,,39,,,0.276,0.307,0.469,0.776,0.193,0.245,0.391,0.29,0.279,0.332,87.7,9.4,35.4,6.3,38.0,69.8,45.5,25.7,57.1,75.4,83.8,61.2,41.1,33.9,25.0,45.3,25.0,25.5,4.2,0.315,Edmundo Sosa
"Kennedy, Buddy",671083,2025,32,,,,1,,,0.069,0.156,0.103,0.259,0.034,0.136,0.221,0.202,0.217,0.132,87.9,18.9,33.3,4.8,42.9,63.4,23.2,24.1,45.7,83.3,77.8,69.2,57.1,33.3,9.5,38.1,38.1,14.3,9.5,0.095,Buddy Kennedy
"Sabol, Blake",666165,2025,18,,,,1,,,0.125,0.167,0.188,0.355,0.063,0.151,0.175,0.208,0.214,0.157,87.8,4.0,20.0,10.0,40.0,64.3,41.9,31.1,52.9,100.0,81.5,50.0,30.0,50.0,20.0,70.0,20.0,10.0,0.0,0.2,Blake Sabol
"Yoshida, Masataka",807799,2025,205,,,,26,,,0.266,0.307,0.388,0.695,0.122,0.27,0.384,0.314,0.317,0.302,90.2,5.7,29.2,6.5,44.0,58.5,27.3,15.4,44.5,67.2,92.2,64.8,47.0,32.1,20.8,56.0,16.7,22.0,5.4,0.28,Masataka Yoshida
"Hernández, Heriberto",681715,2025,294,,,,45,,,0.266,0.347,0.438,0.785,0.172,0.245,0.435,0.334,0.331,0.341,90.2,14.2,29.0,10.9,45.4,68.5,21.5,35.2,45.2,80.5,71.0,44.6,46.4,35.5,18.0,42.1,29.5,21.9,6.6,0.335,Heriberto Hernández
"McGuire, Reese",624512,2025,140,,,,24,,,0.226,0.245,0.444,0.689,0.218,0.208,0.359,0.254,0.23,0.29,85.1,15.7,31.2,9.2,36.7,71.2,38.2,22.7,55.1,78.3,86.9,58.5,46.8,38.5,14.7,41.3,27.5,20.2,11.0,0.212,Reese McGuire
"Fitzgerald, Ryan",680837,2025,53,,,,9,,,0.196,0.302,0.457,0.759,0.261,0.224,0.464,0.343,0.328,0.328,89.1,16.6,23.7,13.2,34.2,55.9,32.6,28.7,44.8,71.4,80.7,53.3,47.4,36.8,15.8,42.1,36.8,10.5,10.5,0.147,Ryan Fitzgerald
"Winkler, Jack",676466,2025,16,,,,0,,,0.25,0.25,0.375,0.625,0.125,0.171,0.306,0.201,0.171,0.267,86.8,5.0,41.7,8.3,25.0,71.4,24.2,26.3,50.7,100.0,86.7,25.0,50.0,25.0,25.0,50.0,33.3,16.7,0.0,0.333,Jack Winkler
"Veen, Zac",691728,2025,37,,,,2,,,0.118,0.189,0.235,0.424,0.117,0.123,0.214,0.188,0.194,0.193,90.2,18.3,30.0,5.0,30.0,88.0,32.3,43.7,62.1,100.0,63.6,33.3,45.0,35.0,20.0,45.0,35.0,10.0,10.0,0.158,Zac Veen
"Carpenter, Kerry",681481,2025,464,,,,62,,,0.252,0.291,0.497,0.788,0.245,0.252,0.493,0.335,0.294,0.335,91.4,21.0,37.4,12.5,46.8,71.5,34.1,26.2,52.9,85.4,80.5,59.2,46.8,34.3,18.8,33.1,33.1,24.3,9.7,0.274,Kerry Carpenter
"Gonzalez, Oscar",660757,2025,61,,,,4,,,0.22,0.246,0.237,0.483,0.017,0.266,0.398,0.298,0.29,0.217,89.1,2.5,34.8,6.5,45.7,81.9,52.3,27.1,66.7,100.0,81.4,60.3,43.5,30.4,26.1,52.2,21.7,23.9,2.2,0.283,Oscar Gonzalez
"Ornelas, Jonathan",680716,2025,10,,,,0,,,0.222,0.3,0.222,0.522,0.0,0.088,0.093,0.143,0.179,0.246,81.2,-12.5,0.0,0.0,33.3,70.0,28.6,25.0,48.8,75.0,92.9,33.3,16.7,83.3,0.0,83.3,0.0,0.0,16.7,0.333,Jonathan Ornelas
"Castro, Willi",650489,2025,454,,,,33,,,0.226,0.313,0.366,0.679,0.14,0.234,0.368,0.306,0.321,0.302,86.7,11.2,36.6,6.5,37.3,72.0,31.9,28.2,52.4,82.6,79.6,53.5,37.7,36.3,26.0,41.1,26.7,26.4,5.8,0.286,Willi Castro
"Stowers, Kyle",669065,2025,457,,,,73,,,0.288,0.368,0.544,0.912,0.256,0.265,0.537,0.375,0.349,0.386,91.1,14.1,38.0,19.0,52.0,79.3,28.0,32.5,54.0,86.2,75.3,44.9,44.1,30.1,25.8,38.7,30.1,25.8,5.4,0.356,Kyle Stowers
"Kirk, Alejandro",672386,2025,506,,,,76,,,0.282,0.348,0.421,0.769,0.139,0.278,0.48,0.359,0.348,0.334,91.1,11.9,34.4,10.1,50.8,65.9,29.0,18.5,47.2,79.4,85.6,72.4,28.1,41.5,30.4,44.2,25.4,24.1,6.3,0.292,Alejandro Kirk
"Roden, Alan",702176,2025,153,,,,9,,,0.191,0.261,0.294,0.555,0.103,0.176,0.242,0.227,0.249,0.249,86.4,2.3,20.6,2.0,30.4,61.6,32.4,23.8,47.2,60.0,87.8,53.4,39.2,39.2,21.6,58.8,17.6,14.7,8.8,0.24,Alan Roden
"Hoerner, Nico",663538,2025,649,,,,61,,,0.297,0.345,0.394,0.739,0.097,0.292,0.391,0.322,0.341,0.324,86.7,12.5,36.1,2.3,30.3,63.4,32.5,11.2,48.8,70.7,94.9,75.5,37.0,37.2,25.8,44.9,23.8,25.5,5.8,0.313,Nico Hoerner
"Perkins, Blake",663368,2025,171,,,,19,,,0.226,0.298,0.348,0.646,0.122,0.223,0.326,0.279,0.296,0.287,89.6,6.2,30.6,3.7,34.3,57.1,18.5,28.4,38.8,65.9,77.9,50.0,34.3,45.4,20.4,51.9,22.2,20.4,5.6,0.305,Blake Perkins
"Dean, Justin",681909,2025,2,,,,0,,,0.0,0.0,0.0,0.0,0.0,0.032,0.032,0.029,0.032,0.0,80.4,-39.4,0.0,0.0,0.0,75.0,28.6,60.0,45.5,0.0,33.3,50.0,0.0,100.0,0.0,100.0,0.0,0.0,0.0,0.0,Justin Dean
"Bouchard, Sean",656248,2025,73,,,,7,,,0.167,0.247,0.242,0.489,0.075,0.179,0.232,0.227,0.258,0.225,86.6,18.1,28.2,0.0,30.8,59.4,25.4,34.7,43.2,76.9,77.6,33.3,51.3,20.5,28.2,38.5,25.6,28.2,7.7,0.263,Sean Bouchard
"Nimmo, Brandon",607043,2025,652,,,,92,,,0.262,0.324,0.436,0.76,0.174,0.252,0.419,0.321,0.317,0.329,91.9,11.2,29.7,8.8,50.2,66.3,24.2,23.8,47.2,75.7,82.8,54.7,35.2,35.5,29.3,46.0,23.6,23.1,7.3,0.301,Brandon Nimmo
"Friedl, TJ",670770,2025,685,,,,53,,,0.261,0.364,0.378,0.742,0.117,0.227,0.317,0.3,0.337,0.333,87.1,14.3,33.4,2.7,32.1,58.3,18.1,17.5,39.2,70.3,90.1,55.3,45.2,36.2,18.6,42.3,21.6,25.8,10.4,0.301,TJ Friedl
"Díaz, Elias",553869,2025,283,,,,29,,,0.204,0.27,0.337,0.607,0.133,0.202,0.333,0.267,0.269,0.269,88.4,17.7,30.1,7.5,38.7,73.0,30.3,34.2,52.0,77.8,76.3,39.5,38.7,34.9,26.3,37.6,28.5,21.0,12.9,0.25,Elias Díaz
"Yorke, Nick",694377,2025,72,,,,8,,,0.232,0.264,0.319,0.583,0.087,0.234,0.315,0.257,0.266,0.256,85.6,10.5,25.9,1.9,38.9,70.4,31.1,22.3,52.1,76.2,86.9,53.7,38.9,33.3,27.8,53.7,20.4,18.5,7.4,0.283,Nick Yorke
"McMahon, Ryan",641857,2025,586,,,,53,,,0.214,0.312,0.381,0.693,0.167,0.219,0.419,0.322,0.318,0.306,93.3,13.9,35.3,12.1,50.5,64.7,25.0,35.2,45.4,74.7,74.8,37.7,41.2,39.3,19.5,43.3,30.7,22.9,3.1,0.294,Ryan McMahon
"Thaiss, Matt",642136,2025,190,,,,16,,,0.218,0.349,0.288,0.637,0.07,0.197,0.299,0.294,0.333,0.298,88.9,14.3,27.7,4.5,42.9,74.1,20.5,28.9,48.2,93.5,75.2,55.3,41.1,34.8,24.1,43.8,24.1,24.1,8.0,0.3,Matt Thaiss
"Simpson, Chandler",802415,2025,441,,,,26,,,0.295,0.326,0.345,0.671,0.05,0.295,0.336,0.297,0.328,0.296,84.3,0.5,29.8,0.0,17.3,62.5,29.8,11.5,48.6,77.8,92.5,77.1,26.1,45.5,28.5,60.4,8.8,27.7,3.2,0.327,Chandler Simpson
"Lindor, Francisco",596019,2025,732,,,,86,,,0.267,0.346,0.466,0.812,0.199,0.26,0.454,0.345,0.342,0.35,90.5,15.1,34.6,8.8,44.4,67.3,26.7,20.8,47.7,73.4,84.7,64.2,42.1,35.4,22.5,39.0,27.5,25.0,8.5,0.288,Francisco Lindor
"McCutchen, Andrew",457705,2025,551,,,,57,,,0.239,0.333,0.367,0.7,0.128,0.258,0.415,0.333,0.35,0.309,89.5,14.5,34.5,8.3,42.5,69.0,20.7,26.2,45.6,87.9,80.5,50.0,46.7,33.1,20.2,42.3,27.1,22.7,8.0,0.289,Andrew McCutchen
"Kelly, Carson",608348,2025,421,,,,50,,,0.249,0.333,0.428,0.761,0.179,0.236,0.411,0.321,0.322,0.332,88.8,16.4,34.8,9.6,40.3,67.4,21.9,20.6,44.9,77.4,85.9,59.1,43.0,30.7,26.3,38.2,29.7,23.5,8.5,0.272,Carson Kelly
"Locklear, Tyler",682988,2025,116,,,,6,,,0.175,0.267,0.262,0.529,0.087,0.172,0.287,0.252,0.265,0.245,87.9,7.0,18.3,6.7,41.7,67.1,33.7,32.2,48.8,69.2,81.4,45.5,43.3,38.3,18.3,60.0,28.3,11.7,0.0,0.263,Tyler Locklear
"Yelich, Christian",592885,2025,644,,,,103,,,0.264,0.343,0.452,0.795,0.188,0.245,0.439,0.33,0.327,0.343,90.2,1.9,31.2,10.3,46.4,66.7,25.7,29.2,45.7,74.9,81.6,44.2,33.4,38.8,27.8,56.8,17.2,22.9,3.2,0.323,Christian Yelich
"Sheets, Gavin",657757,2025,545,,,,71,,,0.252,0.317,0.429,0.746,0.177,0.263,0.453,0.34,0.331,0.323,89.9,14.0,38.8,9.5,46.5,59.6,31.4,23.0,44.7,64.8,85.2,63.1,42.2,33.9,23.9,37.3,24.4,29.0,9.3,0.284,Gavin Sheets
"Rooker, Brent",667670,2025,699,,,,89,,,0.262,0.335,0.479,0.814,0.217,0.261,0.489,0.351,0.334,0.349,90.7,16.4,39.7,13.7,44.8,75.3,26.5,30.8,50.0,85.5,79.6,41.9,42.9,34.9,22.2,37.0,30.2,26.0,6.8,0.302,Brent Rooker
"Harris, Dustin",687957,2025,43,,,,2,,,0.2,0.256,0.35,0.606,0.15,0.186,0.275,0.231,0.243,0.265,86.9,16.1,37.0,3.7,25.9,72.2,32.2,24.5,52.2,73.3,93.8,34.5,37.0,37.0,25.9,40.7,25.9,22.2,11.1,0.269,Dustin Harris
"Tauchman, Mike",643565,2025,385,,,,40,,,0.263,0.356,0.4,0.756,0.137,0.244,0.382,0.321,0.339,0.335,89.0,16.5,35.6,6.8,38.8,67.1,23.8,24.3,46.8,82.8,81.5,57.3,38.4,38.4,23.2,36.8,29.6,27.2,6.4,0.328,Mike Tauchman
"Azocar, José",640492,2025,21,,,,1,,,0.263,0.333,0.263,0.596,0.0,0.321,0.381,0.343,0.385,0.276,86.4,7.1,44.4,0.0,27.8,67.7,30.6,6.3,47.8,100.0,100.0,81.8,11.1,72.2,16.7,44.4,11.1,38.9,5.6,0.278,José Azocar
"León, Sandy",506702,2025,12,,,,3,,,0.083,0.083,0.333,0.416,0.25,0.09,0.302,0.159,0.09,0.17,91.3,18.5,0.0,0.0,25.0,76.0,25.0,26.1,56.1,33.3,84.2,25.0,37.5,25.0,37.5,37.5,62.5,0.0,0.0,0.0,Sandy León
"Scott II, Victor",687363,2025,463,,,,37,,,0.216,0.305,0.296,0.601,0.08,0.225,0.313,0.287,0.314,0.274,86.1,15.2,36.0,3.7,26.0,73.4,24.3,26.9,49.1,80.8,82.0,46.8,35.7,38.3,26.0,44.0,25.0,24.0,7.0,0.284,Victor Scott II
"Heim, Jonah",641680,2025,433,,,,43,,,0.213,0.271,0.332,0.603,0.119,0.219,0.346,0.276,0.279,0.266,88.1,14.5,33.3,6.1,35.9,68.1,30.0,24.2,49.7,73.5,81.0,63.0,40.7,37.2,22.1,41.3,27.2,22.4,9.0,0.243,Jonah Heim
"Flores Jr., Rafael",804668,2025,17,,,,0,,,0.2,0.294,0.333,0.627,0.133,0.258,0.494,0.361,0.345,0.281,94.8,14.0,62.5,12.5,62.5,75.0,40.5,48.8,55.4,50.0,58.3,41.2,25.0,50.0,25.0,50.0,37.5,12.5,0.0,0.375,Rafael Flores Jr.
"Melendez, MJ",669004,2025,65,,,,1,,,0.083,0.154,0.167,0.321,0.084,0.137,0.261,0.208,0.203,0.151,90.9,25.0,21.6,8.1,45.9,64.5,32.8,41.0,47.8,70.0,69.2,40.9,62.2,27.0,10.8,32.4,40.5,13.5,13.5,0.111,MJ Melendez
"Vivas, Jorbit",678391,2025,66,,,,5,,,0.161,0.266,0.25,0.516,0.089,0.249,0.331,0.308,0.343,0.242,85.9,17.4,32.6,4.7,37.2,75.6,18.0,25.4,49.6,95.7,78.4,55.0,46.5,39.5,14.0,39.5,20.9,27.9,11.6,0.19,Jorbit Vivas
"Merrill, Jackson",701538,2025,483,,,,67,,,0.264,0.317,0.457,0.774,0.193,0.263,0.49,0.347,0.319,0.331,89.7,15.2,42.6,13.0,42.9,79.3,37.8,27.1,58.4,80.8,81.1,55.9,37.0,33.1,29.9,39.1,30.2,26.0,4.7,0.312,Jackson Merrill
"Lee, Jung Hoo",808982,2025,617,,,,55,,,0.266,0.327,0.407,0.734,0.141,0.277,0.385,0.321,0.339,0.32,87.1,9.9,34.1,3.7,32.0,64.5,22.5,13.1,44.7,71.3,91.5,71.9,40.0,34.7,25.4,47.5,24.9,23.9,3.7,0.291,Jung Hoo Lee
"Brennan, Will",686823,2025,13,,,,0,,,0.091,0.231,0.091,0.322,0.0,0.097,0.151,0.199,0.236,0.177,82.2,8.2,0.0,0.0,30.0,68.4,25.9,25.0,43.5,100.0,69.2,85.7,40.0,40.0,20.0,60.0,20.0,0.0,20.0,0.1,Will Brennan
"Rivas, Leo",660844,2025,111,,,,9,,,0.244,0.387,0.333,0.72,0.089,0.183,0.266,0.288,0.337,0.333,86.3,13.1,33.3,3.0,19.7,55.4,8.1,22.6,34.0,83.3,81.0,47.4,40.9,33.3,25.8,43.9,30.3,19.7,6.1,0.313,Leo Rivas
"Church, Nathan",701675,2025,65,,,,8,,,0.179,0.254,0.25,0.504,0.071,0.193,0.279,0.247,0.267,0.232,89.0,5.4,24.4,2.4,41.5,75.9,36.2,28.1,54.1,82.4,78.4,60.8,36.6,31.7,31.7,65.9,19.5,9.8,4.9,0.237,Nathan Church
"Teel, Kyle",691019,2025,297,,,,35,,,0.273,0.375,0.411,0.786,0.138,0.237,0.416,0.337,0.345,0.349,88.3,14.4,47.8,9.6,37.6,65.7,23.6,29.1,44.6,75.5,77.6,52.4,40.4,35.4,24.2,37.1,29.8,29.2,3.9,0.361,Kyle Teel
"Schunk, Aaron",668845,2025,33,,,,0,,,0.188,0.188,0.219,0.407,0.031,0.224,0.306,0.229,0.224,0.177,85.9,24.3,43.5,4.3,21.7,76.5,55.9,25.0,65.5,91.7,87.2,60.6,17.4,34.8,47.8,21.7,30.4,39.1,8.7,0.273,Aaron Schunk
"Acuña Jr., Ronald",660670,2025,412,,,,42,,,0.29,0.417,0.518,0.935,0.228,0.263,0.535,0.397,0.396,0.403,92.7,13.3,30.9,15.7,52.5,69.3,23.2,30.3,46.2,82.5,73.8,57.4,35.6,41.5,22.9,46.6,29.7,18.6,5.1,0.358,Ronald Acuña Jr.
"Solano, Donovan",456781,2025,179,,,,21,,,0.247,0.291,0.337,0.628,0.09,0.223,0.32,0.259,0.268,0.277,87.4,12.7,35.9,3.9,37.5,66.0,36.3,26.4,51.7,69.0,83.4,54.5,34.4,35.2,30.5,46.1,20.3,26.6,7.0,0.304,Donovan Solano
"Iglesias, Jose",578428,2025,343,,,,36,,,0.229,0.298,0.294,0.592,0.065,0.24,0.313,0.281,0.308,0.268,84.0,3.9,27.0,2.0,28.5,55.3,34.0,17.8,45.0,54.4,88.8,70.5,26.6,39.8,33.6,59.4,15.2,20.3,5.1,0.269,Jose Iglesias
"Albies, Ozzie",645277,2025,667,,,,74,,,0.24,0.306,0.365,0.671,0.125,0.243,0.366,0.299,0.31,0.295,87.5,18.7,33.5,4.9,30.7,77.9,33.5,20.8,54.1,87.9,85.2,67.3,48.8,33.7,17.5,37.2,28.4,23.5,10.9,0.259,Ozzie Albies
"Fermin, Freddy",666023,2025,347,,,,26,,,0.251,0.297,0.339,0.636,0.088,0.233,0.336,0.271,0.28,0.28,89.1,14.2,28.7,4.2,34.1,73.1,31.2,23.5,53.3,83.5,85.1,54.5,33.0,38.7,28.4,48.3,24.5,19.9,7.3,0.301,Freddy Fermin
"Cabrera, Oswaldo",665828,2025,122,,,,11,,,0.243,0.322,0.308,0.63,0.065,0.244,0.297,0.284,0.323,0.286,89.1,8.8,31.0,0.0,34.5,69.1,28.6,24.3,48.5,75.0,80.7,64.1,41.7,36.9,21.4,51.2,14.3,27.4,7.1,0.305,Oswaldo Cabrera
"Heyward, Jason",518792,2025,95,,,,12,,,0.176,0.223,0.271,0.494,0.095,0.201,0.291,0.245,0.251,0.217,85.1,11.5,22.1,4.4,33.8,60.3,32.4,26.7,46.4,64.3,83.8,51.8,45.6,35.3,19.1,47.1,30.9,11.8,11.8,0.197,Jason Heyward
"Stubbs, C.J.",667690,2025,3,,,,0,,,0.0,0.0,0.0,0.0,0.0,0.104,0.117,0.098,0.104,0.0,84.6,31.2,0.0,0.0,33.3,66.7,0.0,0.0,46.2,100.0,100.0,,33.3,33.3,33.3,33.3,33.3,0.0,33.3,0.0,C.J. Stubbs
"Caglianone, Jac",695506,2025,232,,,,18,,,0.157,0.237,0.295,0.532,0.138,0.237,0.431,0.321,0.309,0.239,89.4,4.1,29.7,12.0,42.4,67.5,38.5,26.8,51.3,64.3,84.7,57.3,40.5,37.3,22.2,50.6,20.3,24.1,5.1,0.172,Jac Caglianone
"Halpin, Petey",690984,2025,8,,,,0,,,0.333,0.5,0.333,0.833,0.0,0.154,0.168,0.279,0.365,0.393,72.0,-12.4,0.0,0.0,0.0,61.5,35.0,13.3,45.5,50.0,75.0,100.0,50.0,25.0,25.0,75.0,25.0,0.0,0.0,0.5,Petey Halpin
"Cameron, Daz",663662,2025,42,,,,3,,,0.195,0.214,0.293,0.507,0.098,0.22,0.376,0.263,0.238,0.221,91.9,20.4,28.6,7.1,32.1,71.3,29.2,24.4,54.1,84.6,82.1,52.6,35.7,57.1,7.1,32.1,35.7,21.4,10.7,0.259,Daz Cameron
"Alexander, CJ",680769,2025,17,,,,0,,,0.176,0.176,0.176,0.352,0.0,0.188,0.218,0.181,0.188,0.156,81.7,24.5,22.2,0.0,11.1,69.4,35.5,44.4,53.7,75.0,60.0,45.5,77.8,11.1,11.1,22.2,22.2,33.3,22.2,0.333,CJ Alexander
"Pagés, Pedro",686780,2025,389,,,,45,,,0.23,0.272,0.363,0.635,0.133,0.208,0.34,0.259,0.253,0.276,88.0,12.4,32.7,7.3,36.5,66.8,36.1,27.7,51.7,72.4,85.2,47.5,32.7,35.0,32.3,43.1,25.8,23.1,8.1,0.293,Pedro Pagés
"Crow-Armstrong, Pete",691718,2025,647,,,,95,,,0.247,0.287,0.481,0.768,0.234,0.242,0.475,0.321,0.284,0.323,89.5,20.0,33.9,13.0,41.6,81.2,41.7,28.9,60.1,86.2,82.0,52.7,48.9,30.4,20.7,33.5,35.5,21.6,9.5,0.276,Pete Crow-Armstrong
"Paris, Kyren",677347,2025,140,,,,11,,,0.19,0.266,0.381,0.647,0.191,0.173,0.348,0.265,0.251,0.283,88.9,17.8,34.3,16.4,47.8,68.6,30.1,45.7,49.2,79.1,64.0,32.5,44.8,23.9,31.3,37.3,40.3,17.9,4.5,0.295,Kyren Paris
"Ibáñez, Andy",628451,2025,193,,,,21,,,0.239,0.301,0.352,0.653,0.113,0.254,0.371,0.304,0.315,0.289,88.9,12.6,32.5,4.6,36.4,73.7,29.8,18.5,51.4,88.5,88.5,64.8,46.4,33.1,20.5,40.4,27.8,27.2,4.6,0.259,Andy Ibáñez
"Malloy, Justyn-Henry",669234,2025,127,,,,17,,,0.221,0.346,0.308,0.654,0.087,0.201,0.316,0.295,0.33,0.301,86.9,20.5,33.8,4.1,31.1,62.5,19.8,29.1,40.5,88.4,77.8,50.0,39.2,33.8,27.0,32.4,31.1,25.7,10.8,0.301,Justyn-Henry Malloy
"Hoskins, Rhys",656555,2025,328,,,,43,,,0.237,0.332,0.416,0.748,0.179,0.22,0.389,0.314,0.322,0.324,90.2,22.1,39.7,10.3,46.4,60.0,20.0,27.6,40.4,68.1,78.9,52.1,52.1,32.5,15.5,29.9,33.5,25.8,10.8,0.297,Rhys Hoskins
"Huff, Sam",669087,2025,58,,,,4,,,0.208,0.259,0.34,0.599,0.132,0.189,0.306,0.253,0.25,0.261,89.3,4.1,34.5,13.8,37.9,65.6,24.3,41.7,46.6,76.2,67.1,30.8,34.5,27.6,37.9,48.3,24.1,27.6,0.0,0.333,Sam Huff
"Call, Alex",669743,2025,322,,,,31,,,0.267,0.361,0.385,0.746,0.118,0.243,0.369,0.321,0.344,0.331,88.2,12.4,32.4,4.4,28.9,55.4,17.7,19.2,38.5,62.8,85.3,63.5,30.7,33.8,35.6,45.3,25.8,24.0,4.9,0.313,Alex Call
"Miranda, Jose",669304,2025,36,,,,5,,,0.167,0.167,0.25,0.417,0.083,0.203,0.268,0.205,0.203,0.179,88.5,6.6,26.1,4.3,43.5,66.2,39.0,26.5,53.5,71.4,88.9,43.5,56.5,34.8,8.7,56.5,26.1,17.4,0.0,0.227,Jose Miranda
"Springer, George",543807,2025,586,,,,84,,,0.309,0.399,0.56,0.959,0.251,0.291,0.571,0.404,0.384,0.408,90.0,17.2,41.2,16.1,47.6,71.1,20.4,26.1,46.2,86.7,79.6,52.4,39.9,36.6,23.5,37.9,28.4,25.6,8.4,0.34,George Springer
"Chaparro, Andrés",665953,2025,73,,,,5,,,0.182,0.247,0.258,0.505,0.076,0.182,0.315,0.254,0.25,0.228,86.0,16.5,35.6,11.1,37.8,69.5,34.4,32.9,50.7,83.3,80.2,44.2,46.7,28.9,24.4,42.2,20.0,22.2,15.6,0.25,Andrés Chaparro
"Díaz, Yandy",650490,2025,651,,,,83,,,0.3,0.366,0.482,0.848,0.182,0.285,0.459,0.353,0.355,0.364,93.0,5.0,29.2,8.3,52.5,63.7,24.0,17.9,44.4,78.4,86.9,69.0,25.0,41.7,33.3,54.0,20.0,22.4,3.6,0.318,Yandy Díaz
"Larnach, Trevor",663616,2025,567,,,,60,,,0.25,0.323,0.404,0.727,0.154,0.251,0.403,0.318,0.325,0.317,90.9,10.9,34.9,7.2,45.7,62.2,27.5,29.8,44.5,68.2,83.9,40.4,40.1,36.4,23.5,43.7,25.8,25.8,4.7,0.295,Trevor Larnach
"Hedges, Austin",595978,2025,180,,,,10,,,0.161,0.25,0.277,0.527,0.116,0.177,0.284,0.249,0.265,0.239,88.2,25.1,30.5,3.4,32.2,74.1,29.8,30.3,51.7,87.5,80.0,44.8,48.3,27.1,24.6,32.2,28.0,22.0,17.8,0.183,Austin Hedges
"Robinson, Chuckie",642020,2025,2,,,,0,,,0.0,0.0,0.0,0.0,0.0,0.202,0.202,0.186,0.202,0.0,,,0.0,0.0,0.0,100.0,0.0,0.0,75.0,,100.0,,50.0,50.0,0.0,100.0,0.0,0.0,0.0,0.0,Chuckie Robinson
"Turner, Justin",457759,2025,191,,,,18,,,0.219,0.288,0.314,0.602,0.095,0.237,0.36,0.297,0.308,0.268,88.3,17.9,38.2,3.7,30.9,66.3,27.6,17.3,47.6,75.0,88.7,67.3,31.6,41.9,26.5,39.0,28.7,23.5,8.8,0.256,Justin Turner
"Bride, Jonah",681146,2025,125,,,,5,,,0.17,0.248,0.188,0.436,0.018,0.176,0.236,0.223,0.254,0.203,87.3,11.4,28.4,2.7,28.4,44.9,20.5,24.9,33.3,51.2,83.2,55.6,32.4,33.8,33.8,48.6,17.6,18.9,14.9,0.257,Jonah Bride
"Benson, Will",666181,2025,253,,,,41,,,0.226,0.273,0.435,0.708,0.209,0.257,0.496,0.342,0.307,0.298,92.4,16.1,37.3,15.4,53.8,74.5,27.6,34.4,52.9,89.9,73.3,41.0,42.6,31.4,26.0,36.1,29.6,26.6,7.7,0.255,Will Benson
"Lowe, Josh",666139,2025,435,,,,40,,,0.22,0.283,0.366,0.649,0.146,0.24,0.37,0.298,0.304,0.284,88.6,9.3,34.5,5.9,39.6,71.8,37.0,28.0,54.5,81.3,75.0,65.2,39.0,34.5,26.6,46.6,20.3,27.6,5.5,0.273,Josh Lowe
"Siani, Michael",672279,2025,19,,,,0,,,0.235,0.316,0.235,0.551,0.0,0.28,0.312,0.312,0.36,0.259,79.8,18.0,30.0,0.0,20.0,54.3,41.2,30.3,47.8,40.0,73.7,64.3,40.0,40.0,20.0,50.0,10.0,30.0,10.0,0.4,Michael Siani
"O'Neill, Tyler",641933,2025,209,,,,26,,,0.199,0.292,0.392,0.684,0.193,0.243,0.523,0.36,0.331,0.297,88.8,22.2,34.6,16.5,39.1,68.0,28.3,31.4,47.4,74.6,76.1,52.1,47.4,32.3,20.3,31.6,37.6,19.5,11.3,0.218,Tyler O'Neill
"Hiura, Keston",669374,2025,21,,,,1,,,0.222,0.333,0.278,0.611,0.056,0.161,0.209,0.242,0.281,0.289,81.1,21.5,36.4,0.0,18.2,73.7,35.1,31.7,54.7,100.0,75.0,53.8,45.5,27.3,27.3,27.3,18.2,36.4,18.2,0.364,Keston Hiura
"d'Arnaud, Travis",518595,2025,231,,,,21,,,0.197,0.255,0.343,0.598,0.146,0.194,0.362,0.271,0.254,0.263,88.2,17.9,34.3,11.4,37.9,73.2,32.7,31.9,54.2,78.9,75.8,48.5,42.9,35.0,22.1,38.6,25.7,23.6,12.1,0.269,Travis d'Arnaud
"Vargas, Miguel",678246,2025,569,,,,60,,,0.234,0.316,0.401,0.717,0.167,0.237,0.407,0.319,0.32,0.314,89.7,22.6,36.6,9.3,40.5,69.2,21.6,20.6,46.2,85.3,83.8,64.5,40.5,36.1,23.3,29.0,35.1,25.3,10.6,0.261,Miguel Vargas
"Riley, Austin",663586,2025,447,,,,54,,,0.26,0.309,0.428,0.737,0.168,0.246,0.472,0.33,0.298,0.318,92.3,16.8,37.0,15.2,50.2,72.2,27.7,29.5,51.0,82.7,78.1,48.9,42.6,36.7,20.8,34.6,32.9,26.3,6.2,0.337,Austin Riley
"Beavers, Dylan",687637,2025,137,,,,14,,,0.227,0.375,0.4,0.775,0.173,0.213,0.408,0.344,0.364,0.347,88.8,21.2,37.3,9.3,28.0,57.0,18.9,23.7,37.1,67.3,83.8,55.7,41.3,32.0,26.7,29.3,40.0,25.3,5.3,0.3,Dylan Beavers
"Sanoja, Javier",691594,2025,342,,,,38,,,0.243,0.287,0.396,0.683,0.153,0.251,0.342,0.282,0.296,0.294,88.5,10.8,31.8,1.8,35.0,60.8,30.6,12.4,46.9,74.8,91.7,77.9,35.0,40.7,24.3,47.5,18.9,26.1,7.5,0.259,Javier Sanoja
"Sogard, Nick",686765,2025,104,,,,9,,,0.26,0.317,0.344,0.661,0.084,0.251,0.375,0.302,0.308,0.295,86.0,11.6,36.1,5.6,34.7,59.6,24.9,20.0,42.5,68.6,85.1,67.3,44.4,34.7,20.8,43.1,29.2,25.0,2.8,0.347,Nick Sogard
"MacIver, Willie",680862,2025,111,,,,9,,,0.186,0.252,0.324,0.576,0.138,0.2,0.308,0.256,0.264,0.256,88.8,10.2,28.0,4.0,37.3,76.2,30.8,27.2,54.9,78.6,78.8,56.1,26.7,41.3,32.0,49.3,22.7,22.7,5.3,0.222,Willie MacIver
"Wagner, Will",695238,2025,149,,,,7,,,0.225,0.324,0.279,0.603,0.054,0.266,0.34,0.318,0.361,0.28,86.8,9.1,31.4,2.0,41.2,71.9,27.0,22.4,49.5,71.9,86.8,52.9,32.4,43.1,24.5,51.0,16.7,26.5,5.9,0.287,Will Wagner
"Hassell III, Robert",690987,2025,206,,,,18,,,0.223,0.257,0.315,0.572,0.092,0.226,0.369,0.273,0.26,0.252,88.6,7.2,34.1,8.1,40.7,73.6,27.3,28.8,50.9,88.2,80.5,45.1,33.3,45.2,21.5,52.6,20.7,23.0,3.7,0.311,Robert Hassell III
"Smith, Josh",669701,2025,563,,,,35,,,0.251,0.335,0.366,0.701,0.115,0.247,0.366,0.31,0.332,0.311,87.2,12.7,33.8,5.0,31.1,63.1,25.7,19.6,45.5,72.4,87.7,60.3,36.3,37.3,26.3,44.6,24.1,24.6,6.8,0.295,Josh Smith
"Muncy, Max",691777,2025,220,,,,23,,,0.214,0.259,0.379,0.638,0.165,0.203,0.353,0.267,0.252,0.277,87.1,9.3,33.8,10.1,32.4,68.1,31.2,32.6,50.2,81.3,80.3,37.1,42.4,36.0,21.6,45.3,22.3,22.3,10.1,0.269,Max Muncy
"Garcia, Jhostynxon",691373,2025,9,,,,0,,,0.143,0.333,0.286,0.619,0.143,0.216,0.243,0.309,0.39,0.293,91.8,11.2,100.0,0.0,50.0,52.6,28.6,50.0,40.0,0.0,70.0,16.7,50.0,50.0,0.0,0.0,0.0,100.0,0.0,0.5,Jhostynxon Garcia
"Clement, Ernie",676391,2025,588,,,,50,,,0.277,0.313,0.398,0.711,0.121,0.26,0.359,0.289,0.299,0.308,86.6,17.9,37.1,2.4,26.0,72.0,36.4,14.5,53.8,76.0,93.0,71.3,40.1,36.5,23.4,34.7,28.6,27.6,9.1,0.296,Ernie Clement
"Del Castillo, Adrian",680728,2025,131,,,,17,,,0.242,0.29,0.392,0.682,0.15,0.206,0.35,0.269,0.26,0.295,89.9,19.0,38.7,6.7,49.3,62.1,30.4,33.7,46.5,64.4,74.0,50.0,42.7,33.3,24.0,32.0,37.3,25.3,5.3,0.352,Adrian Del Castillo
"Farmer, Kyle",571657,2025,300,,,,31,,,0.227,0.28,0.365,0.645,0.138,0.228,0.353,0.285,0.284,0.282,87.0,15.3,37.6,6.1,35.2,63.7,29.9,21.5,48.5,61.2,86.8,56.8,39.0,36.2,24.9,41.3,25.4,27.7,5.6,0.268,Kyle Farmer
"Crim, Blaine",688760,2025,74,,,,12,,,0.2,0.27,0.462,0.732,0.262,0.215,0.457,0.322,0.289,0.309,92.2,14.9,46.2,15.4,53.8,61.3,27.0,35.4,44.7,55.6,72.8,44.7,25.6,46.2,28.2,30.8,30.8,30.8,7.7,0.235,Blaine Crim
"McKinstry, Zach",656716,2025,511,,,,49,,,0.259,0.333,0.438,0.771,0.179,0.247,0.358,0.305,0.324,0.333,85.7,14.1,41.2,6.1,30.5,65.5,26.4,22.8,46.7,81.0,83.8,59.3,43.2,31.4,25.4,40.9,24.5,29.1,5.5,0.314,Zach McKinstry
"Vázquez, Luis",676679,2025,53,,,,3,,,0.16,0.208,0.24,0.448,0.08,0.22,0.378,0.279,0.265,0.201,89.6,7.2,38.9,11.1,44.4,69.4,39.1,34.6,54.7,73.3,76.5,44.4,27.8,50.0,22.2,52.8,25.0,19.4,2.8,0.2,Luis Vázquez
"Koss, Christian",683766,2025,191,,,,23,,,0.264,0.309,0.368,0.677,0.104,0.263,0.402,0.311,0.309,0.297,86.9,5.5,33.6,6.0,33.6,72.0,34.4,31.6,55.0,74.0,73.6,55.0,30.6,38.8,30.6,51.5,20.1,23.9,4.5,0.336,Christian Koss
"Dunn, Oliver",686554,2025,41,,,,6,,,0.167,0.205,0.222,0.427,0.055,0.221,0.261,0.235,0.26,0.19,87.3,3.8,35.7,0.0,32.1,63.5,15.9,32.3,42.2,66.7,72.2,45.5,39.3,28.6,32.1,57.1,14.3,28.6,0.0,0.231,Oliver Dunn
"Triolo, Jared",669707,2025,376,,,,24,,,0.227,0.311,0.356,0.667,0.129,0.239,0.383,0.31,0.322,0.296,89.0,14.7,34.4,6.2,38.2,68.7,24.3,24.0,47.2,86.7,85.3,48.0,37.5,34.4,28.2,40.9,27.4,24.7,6.9,0.273,Jared Triolo
"Nido, Tomás",621512,2025,37,,,,2,,,0.343,0.361,0.343,0.704,0.0,0.272,0.339,0.278,0.292,0.314,86.4,10.4,38.5,0.0,34.6,81.4,36.7,25.7,58.8,100.0,83.3,54.5,46.2,26.9,26.9,46.2,15.4,34.6,3.8,0.48,Tomás Nido
"Thomas, Rhylan",689041,2025,10,,,,2,,,0.125,0.2,0.25,0.45,0.125,0.144,0.162,0.179,0.216,0.194,83.7,14.5,11.1,0.0,33.3,88.2,29.4,5.0,58.8,100.0,100.0,80.0,33.3,22.2,44.4,55.6,44.4,0.0,0.0,0.111,Rhylan Thomas
"Matthews, Brice",694728,2025,47,,,,9,,,0.167,0.222,0.452,0.674,0.285,0.175,0.459,0.292,0.232,0.287,88.6,14.4,41.7,25.0,41.7,67.0,31.8,50.6,49.7,71.4,55.7,35.7,41.7,50.0,8.3,41.7,37.5,12.5,8.3,0.167,Brice Matthews
"Rocchio, Brayan",677587,2025,383,,,,44,,,0.233,0.29,0.34,0.63,0.107,0.246,0.358,0.295,0.306,0.278,88.0,11.0,33.3,3.3,35.5,70.9,30.9,24.0,51.4,77.0,82.8,59.4,44.9,34.1,21.0,45.3,24.6,26.8,3.3,0.281,Brayan Rocchio
"Amador, Adael",691182,2025,128,,,,10,,,0.177,0.256,0.265,0.521,0.088,0.218,0.299,0.269,0.294,0.238,84.8,15.2,30.3,3.4,24.7,66.8,27.0,20.7,47.2,78.8,87.6,58.3,41.6,32.6,25.8,40.4,28.1,23.6,7.9,0.224,Adael Amador
"Dalbec, Bobby",666915,2025,21,,,,1,,,0.222,0.333,0.278,0.611,0.056,0.168,0.214,0.245,0.292,0.284,84.6,22.7,25.0,0.0,25.0,56.5,26.8,35.1,42.5,85.7,73.1,45.5,16.7,50.0,33.3,41.7,25.0,16.7,16.7,0.333,Bobby Dalbec
"Maton, Nick",665155,2025,63,,,,4,,,0.167,0.286,0.315,0.601,0.148,0.133,0.25,0.236,0.257,0.273,89.0,28.4,22.9,5.7,37.1,67.5,26.9,40.5,46.4,75.0,69.1,37.1,37.1,42.9,20.0,20.0,42.9,22.9,14.3,0.212,Nick Maton
"Schmitt, Casey",669477,2025,348,,,,40,,,0.237,0.305,0.401,0.706,0.164,0.256,0.436,0.328,0.323,0.307,89.5,19.2,40.3,9.0,43.8,71.9,31.6,25.8,51.6,80.9,85.4,49.1,46.8,29.6,23.6,32.6,30.0,30.0,7.3,0.282,Casey Schmitt
"Barger, Addison",680718,2025,502,,,,74,,,0.243,0.301,0.454,0.755,0.211,0.255,0.462,0.331,0.313,0.322,91.7,11.9,35.5,11.4,51.0,66.4,31.1,26.1,49.2,75.9,82.0,55.6,43.7,33.7,22.6,42.5,22.9,24.9,9.7,0.284,Addison Barger
"Narváez, Omar",553882,2025,10,,,,3,,,0.286,0.4,0.286,0.686,0.0,0.219,0.254,0.295,0.363,0.315,87.2,12.4,28.6,0.0,14.3,72.7,14.3,15.8,44.2,60.0,81.3,100.0,42.9,42.9,14.3,42.9,42.9,14.3,0.0,0.286,Omar Narváez
"Dubón, Mauricio",643289,2025,398,,,,33,,,0.241,0.289,0.355,0.644,0.114,0.247,0.331,0.278,0.294,0.283,84.5,13.1,31.7,1.2,26.3,72.5,35.2,15.8,54.2,77.3,90.3,71.2,33.5,36.3,30.2,42.6,26.0,20.5,10.9,0.255,Mauricio Dubón
"García Jr., Luis",671277,2025,526,,,,66,,,0.252,0.289,0.412,0.701,0.16,0.281,0.47,0.339,0.32,0.3,90.2,9.2,33.7,9.0,45.8,71.4,37.9,21.7,53.9,75.8,88.8,60.2,38.0,41.4,20.6,45.5,24.5,24.5,5.6,0.27,Luis García Jr.
"Outman, James",681546,2025,148,,,,11,,,0.134,0.216,0.321,0.537,0.187,0.158,0.372,0.265,0.238,0.237,88.0,18.0,28.2,16.9,39.4,65.8,28.5,40.4,47.4,79.3,72.3,29.4,46.5,35.2,18.3,36.6,33.8,19.7,9.9,0.185,James Outman
"Siri, Jose",642350,2025,36,,,,1,,,0.063,0.167,0.125,0.292,0.062,0.094,0.257,0.205,0.194,0.146,84.9,33.3,33.3,20.0,33.3,68.5,34.8,42.0,50.0,76.9,60.0,54.8,6.7,53.3,40.0,20.0,66.7,6.7,6.7,0.133,Jose Siri
"Biggio, Cavan",624415,2025,83,,,,4,,,0.174,0.296,0.246,0.542,0.072,0.211,0.342,0.303,0.328,0.257,89.8,20.9,34.0,4.0,36.0,55.7,17.7,25.4,38.1,76.5,83.3,42.9,40.0,40.0,20.0,28.0,46.0,24.0,2.0,0.234,Cavan Biggio
"Lopez, Otto",672640,2025,594,,,,77,,,0.246,0.305,0.368,0.673,0.122,0.269,0.434,0.33,0.327,0.295,88.5,8.4,32.5,7.1,38.3,62.7,29.5,18.9,46.3,74.5,89.3,63.3,34.4,40.2,25.4,48.6,23.2,23.4,4.7,0.264,Otto Lopez
"Pham, Tommy",502054,2025,449,,,,52,,,0.245,0.33,0.37,0.7,0.125,0.246,0.396,0.318,0.332,0.308,91.6,6.9,32.7,6.6,47.2,60.7,19.9,22.9,42.7,75.6,84.8,47.0,37.6,37.0,25.4,51.2,19.8,23.1,5.9,0.294,Tommy Pham
"Barnhart, Tucker",571466,2025,15,,,,0,,,0.231,0.333,0.231,0.564,0.0,0.15,0.19,0.22,0.263,0.271,85.4,-0.5,22.2,0.0,11.1,63.6,16.0,4.0,43.1,83.3,95.2,100.0,44.4,44.4,11.1,55.6,11.1,22.2,11.1,0.333,Tucker Barnhart
"Fernández, Yanquiel",692585,2025,147,,,,11,,,0.225,0.265,0.348,0.613,0.123,0.19,0.309,0.243,0.236,0.268,88.6,8.0,31.6,8.4,36.8,70.7,35.8,30.7,52.5,70.5,80.5,49.1,46.3,30.5,23.2,49.5,25.3,21.1,4.2,0.297,Yanquiel Fernández
"Wilson, Will",669717,2025,91,,,,2,,,0.192,0.267,0.244,0.511,0.052,0.154,0.242,0.219,0.233,0.236,87.6,22.0,28.6,2.0,36.7,78.4,35.0,37.4,55.2,92.0,71.6,44.9,30.6,40.8,28.6,42.9,26.5,18.4,12.2,0.341,Will Wilson
"Caminero, Junior",691406,2025,653,,,,110,,,0.264,0.311,0.535,0.846,0.271,0.255,0.501,0.346,0.307,0.357,92.4,10.7,27.7,14.0,51.4,69.5,32.2,24.7,50.4,76.7,82.1,61.1,44.4,36.6,19.0,46.7,25.8,19.0,8.5,0.26,Junior Caminero
"Narváez, Carlos",665966,2025,446,,,,50,,,0.241,0.306,0.419,0.725,0.178,0.22,0.381,0.293,0.288,0.315,91.1,13.2,30.4,9.1,44.6,67.3,29.6,27.7,48.9,73.8,80.5,52.7,35.8,34.8,29.4,44.9,28.0,20.6,6.4,0.294,Carlos Narváez
"Freeman, Freddie",518692,2025,627,,,,90,,,0.295,0.367,0.502,0.869,0.207,0.268,0.467,0.35,0.345,0.37,90.9,14.3,36.7,10.4,45.7,76.1,28.4,27.3,51.9,85.2,78.6,57.6,43.4,31.2,25.4,41.6,29.1,25.4,3.9,0.342,Freddie Freeman
"Gurriel, Yuli",493329,2025,40,,,,3,,,0.111,0.2,0.139,0.339,0.028,0.133,0.174,0.19,0.222,0.167,85.1,22.4,14.3,0.0,17.9,58.6,37.2,18.6,47.3,58.3,95.1,62.1,28.6,53.6,17.9,39.3,28.6,10.7,21.4,0.143,Yuli Gurriel
"Ahmed, Nick",605113,2025,10,,,,0,,,0.0,0.1,0.0,0.1,0.0,0.157,0.177,0.201,0.242,0.069,83.4,13.2,16.7,0.0,16.7,70.6,42.9,50.0,58.1,100.0,50.0,50.0,50.0,16.7,33.3,66.7,16.7,0.0,16.7,0.0,Nick Ahmed
"Ritter, Ryan",690022,2025,207,,,,18,,,0.241,0.296,0.337,0.633,0.096,0.211,0.276,0.248,0.27,0.28,85.2,7.4,30.5,1.5,30.5,72.3,33.4,35.4,54.1,80.3,74.4,40.5,42.7,31.3,26.0,51.1,18.3,27.5,3.1,0.349,Ryan Ritter
"Paredes, Isaac",670623,2025,438,,,,53,,,0.254,0.352,0.458,0.81,0.204,0.235,0.38,0.32,0.337,0.353,87.4,23.0,37.2,6.3,33.6,60.4,21.4,16.4,40.9,69.3,88.8,69.2,56.9,27.0,16.1,30.6,32.2,25.7,11.5,0.268,Isaac Paredes
"Wood, James",695578,2025,689,,,,94,,,0.256,0.35,0.475,0.825,0.219,0.259,0.493,0.361,0.354,0.353,94.3,6.3,36.3,16.3,56.3,55.8,24.3,32.9,40.2,66.1,76.9,43.9,29.7,42.9,27.4,49.7,21.3,27.6,1.3,0.35,James Wood
"Bichette, Bo",666182,2025,628,,,,94,,,0.311,0.357,0.483,0.84,0.172,0.295,0.473,0.353,0.344,0.361,91.0,8.2,37.9,7.9,48.8,72.1,35.2,18.4,53.1,80.2,89.2,66.8,26.7,42.1,31.2,47.4,19.8,29.1,3.6,0.342,Bo Bichette
"Encarnacion, Jerar",666464,2025,56,,,,7,,,0.2,0.214,0.364,0.578,0.164,0.256,0.428,0.297,0.269,0.247,90.8,4.0,37.5,5.0,45.0,62.9,30.4,34.0,50.8,81.3,75.3,33.3,47.5,30.0,22.5,50.0,20.0,30.0,0.0,0.237,Jerar Encarnacion
"Mauricio, Ronny",677595,2025,184,,,,10,,,0.226,0.293,0.369,0.662,0.143,0.218,0.366,0.286,0.287,0.29,91.2,12.7,28.1,8.8,43.0,66.7,39.9,33.9,52.5,75.0,74.1,54.4,47.4,28.9,23.7,45.6,22.8,21.1,10.5,0.296,Ronny Mauricio
"McCarthy, Jake",664983,2025,222,,,,20,,,0.204,0.247,0.345,0.592,0.141,0.239,0.374,0.286,0.28,0.256,84.7,6.5,28.2,5.3,27.6,64.8,34.3,21.1,49.4,66.0,88.2,61.6,37.1,42.4,20.6,55.9,21.8,16.5,5.9,0.233,Jake McCarthy
"Stott, Bryson",681082,2025,560,,,,66,,,0.257,0.328,0.391,0.719,0.134,0.247,0.393,0.313,0.32,0.315,87.6,14.9,36.0,5.1,29.5,55.6,23.3,16.7,40.4,54.0,87.3,72.8,29.2,40.3,30.4,41.1,29.2,23.7,6.0,0.288,Bryson Stott
"Guzman, Denzer",694203,2025,43,,,,3,,,0.19,0.209,0.357,0.566,0.167,0.167,0.307,0.212,0.186,0.243,86.5,25.8,25.0,15.0,45.0,75.7,19.2,42.4,52.3,91.7,62.8,28.6,35.0,50.0,15.0,35.0,30.0,15.0,20.0,0.333,Denzer Guzman
"Edwards, Xavier",669364,2025,619,,,,43,,,0.283,0.343,0.353,0.696,0.07,0.262,0.332,0.295,0.325,0.308,86.8,8.2,33.6,0.8,29.4,69.1,26.8,12.2,49.0,86.8,91.8,76.6,28.8,40.7,30.5,49.3,20.3,26.3,4.2,0.33,Xavier Edwards
"Amaya, Miguel",665804,2025,103,,,,25,,,0.281,0.314,0.5,0.814,0.219,0.244,0.393,0.295,0.282,0.346,86.4,18.6,38.2,6.6,32.9,71.4,36.8,26.0,54.0,75.0,83.2,56.3,51.3,35.5,13.2,36.8,31.6,23.7,7.9,0.324,Miguel Amaya
"Lee, Korey",686676,2025,40,,,,3,,,0.257,0.333,0.429,0.762,0.172,0.185,0.284,0.25,0.268,0.333,86.3,15.9,24.1,3.4,34.5,64.5,29.9,27.8,47.1,90.0,83.7,47.8,41.4,37.9,20.7,44.8,20.7,20.7,13.8,0.296,Korey Lee
"Peguero, Liover",678894,2025,88,,,,8,,,0.2,0.273,0.362,0.635,0.162,0.177,0.295,0.246,0.251,0.281,85.7,6.5,21.8,9.1,32.7,59.8,21.2,33.6,41.0,65.6,80.4,25.0,43.6,38.2,18.2,56.4,29.1,7.3,7.3,0.235,Liover Peguero
"Clase, Jonatan",682729,2025,112,,,,9,,,0.21,0.288,0.3,0.588,0.09,0.217,0.341,0.284,0.295,0.267,86.0,17.4,21.9,6.8,35.6,64.8,29.5,27.1,47.2,91.7,81.0,55.4,41.1,35.6,23.3,43.8,37.0,13.7,5.5,0.271,Jonatan Clase
"Stubbs, Garrett",596117,2025,1,,,,0,,,0.0,0.0,0.0,0.0,0.0,0.045,0.046,0.044,0.045,0.0,67.5,-19.4,0.0,0.0,0.0,100.0,0.0,0.0,75.0,,100.0,,100.0,0.0,0.0,100.0,0.0,0.0,0.0,0.0,Garrett Stubbs
"Stephenson, Tyler",663886,2025,342,,,,50,,,0.231,0.316,0.421,0.737,0.19,0.216,0.413,0.313,0.306,0.319,90.5,12.9,42.2,14.4,49.2,62.0,25.2,30.6,43.6,80.9,77.9,48.3,39.6,34.2,26.2,38.0,34.2,24.6,3.2,0.322,Tyler Stephenson
"Sosa, Lenyn",672820,2025,544,,,,75,,,0.264,0.293,0.434,0.727,0.17,0.263,0.467,0.326,0.293,0.313,90.7,18.4,39.2,10.4,43.8,61.5,40.9,23.5,51.0,60.3,86.0,62.8,36.2,38.0,25.8,32.2,29.6,29.1,9.1,0.309,Lenyn Sosa
"Soto, Juan",665742,2025,715,,,,105,,,0.263,0.396,0.525,0.921,0.262,0.288,0.608,0.429,0.417,0.39,93.8,12.0,32.9,18.1,55.3,55.6,15.9,22.4,35.5,71.0,83.6,57.3,38.9,40.3,20.8,45.2,27.5,20.8,6.5,0.27,Juan Soto
"Rave, John",670231,2025,175,,,,14,,,0.196,0.283,0.307,0.59,0.111,0.228,0.349,0.302,0.315,0.267,88.3,8.4,25.5,5.5,40.0,59.9,22.6,24.2,42.5,73.9,83.3,53.2,42.7,35.5,21.8,54.5,24.5,17.3,3.6,0.25,John Rave
"Torkelson, Spencer",679529,2025,649,,,,78,,,0.24,0.333,0.456,0.789,0.216,0.226,0.456,0.334,0.322,0.339,90.2,23.1,39.3,13.5,45.1,65.9,22.4,26.9,44.6,77.5,82.4,44.6,48.4,31.1,20.6,27.6,36.6,24.1,11.8,0.283,Spencer Torkelson
"Bailey, Patrick",672275,2025,452,,,,55,,,0.222,0.277,0.325,0.602,0.103,0.21,0.333,0.264,0.266,0.265,88.2,15.6,35.3,5.6,36.4,68.4,29.1,28.6,49.4,87.8,82.2,44.4,33.2,41.3,25.5,38.5,29.7,23.8,8.0,0.308,Patrick Bailey
"Higashioka, Kyle",543309,2025,327,,,,47,,,0.241,0.291,0.403,0.694,0.162,0.233,0.394,0.295,0.284,0.301,88.9,17.2,39.1,8.6,39.1,61.4,27.5,21.9,45.0,70.5,87.2,56.5,51.1,30.9,18.0,36.1,30.0,25.8,8.2,0.279,Kyle Higashioka
"Gurriel Jr., Lourdes",666971,2025,546,,,,80,,,0.248,0.295,0.418,0.713,0.17,0.256,0.42,0.315,0.306,0.307,87.8,16.3,37.4,7.2,38.3,69.5,34.5,20.2,52.3,77.0,87.9,63.1,40.2,36.0,23.8,37.4,27.3,26.3,9.0,0.254,Lourdes Gurriel Jr.
"Keirsey Jr., DaShawn",680577,2025,88,,,,6,,,0.107,0.138,0.179,0.317,0.072,0.144,0.216,0.173,0.174,0.142,87.5,9.9,19.2,5.8,34.6,71.4,28.9,25.4,52.0,90.0,80.7,56.5,32.7,28.8,38.5,51.9,26.9,9.6,11.5,0.143,DaShawn Keirsey Jr.
"Kavadas, Niko",694359,2025,23,,,,0,,,0.1,0.217,0.1,0.317,0.0,0.14,0.199,0.218,0.252,0.167,85.4,25.2,30.0,0.0,30.0,42.6,29.6,33.3,36.1,55.6,78.3,50.0,60.0,10.0,30.0,30.0,60.0,10.0,0.0,0.2,Niko Kavadas
"Waters, Drew",671221,2025,219,,,,14,,,0.243,0.288,0.316,0.604,0.073,0.232,0.318,0.265,0.278,0.268,86.0,9.1,35.6,4.1,28.8,77.2,33.6,30.3,56.5,85.1,78.9,46.5,39.0,38.4,22.6,47.3,25.3,24.0,3.4,0.338,Drew Waters
"Young, Jared",676724,2025,47,,,,6,,,0.186,0.234,0.488,0.722,0.302,0.201,0.456,0.296,0.248,0.301,84.6,23.0,39.3,14.3,39.3,68.4,28.7,33.0,49.0,85.7,77.6,40.7,39.3,32.1,28.6,28.6,35.7,21.4,14.3,0.167,Jared Young
"Suwinski, Jack",669261,2025,178,,,,10,,,0.147,0.281,0.253,0.534,0.106,0.195,0.376,0.31,0.322,0.25,88.8,16.7,35.5,11.8,38.7,61.2,16.8,32.1,39.8,82.1,75.4,38.5,41.9,33.3,24.7,34.4,37.6,25.8,2.2,0.211,Jack Suwinski
"Urshela, Gio",570482,2025,197,,,,20,,,0.238,0.287,0.326,0.613,0.088,0.251,0.349,0.286,0.3,0.271,86.9,10.6,41.7,2.1,34.0,73.0,39.5,30.1,55.6,85.7,77.8,56.5,33.3,43.8,22.9,47.9,18.1,28.5,5.6,0.303,Gio Urshela
"Varsho, Daulton",662139,2025,271,,,,55,,,0.238,0.284,0.548,0.832,0.31,0.226,0.494,0.327,0.279,0.345,89.9,23.5,36.9,15.9,40.3,77.4,30.6,29.8,54.8,85.0,75.6,55.5,50.6,27.3,22.2,29.5,37.5,20.5,12.5,0.25,Daulton Varsho
"Machín, Vimael",605353,2025,12,,,,1,,,0.091,0.167,0.364,0.531,0.273,0.2,0.388,0.286,0.267,0.227,85.4,13.2,33.3,11.1,33.3,68.8,54.5,30.4,60.5,100.0,90.9,50.0,44.4,22.2,33.3,44.4,22.2,33.3,0.0,0.0,Vimael Machín
"English, Tristin",663536,2025,23,,,,1,,,0.091,0.13,0.136,0.266,0.045,0.098,0.144,0.131,0.137,0.123,91.7,13.2,35.7,0.0,35.7,63.6,38.1,19.6,52.6,55.6,85.7,68.8,50.0,7.1,42.9,35.7,28.6,28.6,7.1,0.143,Tristin English
"Corona, Kenedy",685744,2025,4,,,,0,,,0.0,0.5,0.0,0.5,0.0,0.035,0.035,0.362,0.518,0.346,92.4,-21.1,0.0,0.0,0.0,62.5,15.4,14.3,33.3,,100.0,50.0,0.0,100.0,0.0,100.0,0.0,0.0,0.0,0.0,Kenedy Corona
"Arcia, Orlando",606115,2025,214,,,,13,,,0.202,0.238,0.291,0.529,0.089,0.212,0.295,0.24,0.248,0.233,87.4,7.0,26.1,2.5,33.8,72.8,33.1,24.8,54.0,74.4,82.0,58.5,38.2,40.1,21.7,49.7,21.0,22.9,6.4,0.247,Orlando Arcia
"Conine, Griffin",665052,2025,86,,,,8,,,0.253,0.314,0.418,0.732,0.165,0.232,0.387,0.299,0.295,0.318,90.9,8.0,33.3,14.8,48.1,64.7,22.5,36.1,45.9,81.0,70.2,41.2,37.0,38.9,24.1,48.1,20.4,29.6,1.9,0.346,Griffin Conine
"Cronenworth, Jake",630105,2025,515,,,,59,,,0.246,0.367,0.377,0.744,0.131,0.225,0.353,0.319,0.352,0.333,88.5,14.9,31.9,6.2,39.0,62.1,22.2,18.8,42.7,68.4,88.6,59.3,35.6,37.8,26.6,43.0,30.0,21.4,5.6,0.299,Jake Cronenworth
"Solak, Nick",669256,2025,11,,,,0,,,0.091,0.091,0.091,0.182,0.0,0.151,0.165,0.141,0.151,0.08,82.6,2.8,22.2,0.0,33.3,56.3,58.8,31.6,57.6,75.0,66.7,70.0,33.3,44.4,22.2,66.7,22.2,11.1,0.0,0.111,Nick Solak
"Raleigh, Cal",663728,2025,705,,,,125,,,0.247,0.359,0.589,0.948,0.342,0.231,0.547,0.371,0.346,0.392,91.3,25.2,35.3,19.5,49.6,75.0,31.8,31.5,51.7,83.2,78.4,48.5,54.5,25.8,19.7,25.8,41.8,19.5,12.9,0.248,Cal Raleigh
"Quero, Edgar",700337,2025,403,,,,36,,,0.268,0.333,0.356,0.689,0.088,0.236,0.346,0.29,0.304,0.307,90.4,6.8,35.1,3.7,46.3,68.3,19.0,21.0,46.4,81.8,83.2,60.4,27.7,38.2,34.1,49.3,20.6,26.4,3.7,0.32,Edgar Quero
"Lewis, Royce",668904,2025,403,,,,52,,,0.237,0.283,0.388,0.671,0.151,0.24,0.4,0.297,0.286,0.292,89.8,16.7,33.2,8.7,40.3,69.4,31.4,26.7,51.0,84.5,80.1,57.1,45.6,36.6,17.8,36.6,32.6,21.5,9.4,0.267,Royce Lewis
"Monasterio, Andruw",655316,2025,135,,,,16,,,0.27,0.319,0.437,0.756,0.167,0.224,0.363,0.28,0.276,0.328,87.0,20.8,43.6,5.3,35.1,65.4,26.7,26.0,47.0,71.7,84.3,46.5,47.9,33.0,19.1,31.9,31.9,24.5,11.7,0.333,Andruw Monasterio
"Peña, Jeremy",665161,2025,543,,,,62,,,0.304,0.363,0.477,0.84,0.173,0.27,0.432,0.334,0.333,0.363,88.9,8.9,30.0,8.2,42.9,68.3,35.5,27.1,51.0,80.7,87.2,48.2,42.7,37.7,19.6,47.9,23.8,23.3,5.0,0.345,Jeremy Peña
"Langford, Wyatt",694671,2025,573,,,,62,,,0.241,0.344,0.431,0.775,0.19,0.239,0.448,0.346,0.344,0.337,91.4,17.5,35.9,14.0,48.4,63.8,23.4,26.3,43.0,76.4,83.2,49.3,43.1,33.8,23.0,35.0,30.6,26.8,7.6,0.299,Wyatt Langford
"Freeman, Cody",683227,2025,121,,,,15,,,0.228,0.258,0.342,0.6,0.114,0.244,0.332,0.269,0.276,0.261,84.9,10.6,33.0,4.1,25.8,55.8,34.8,13.6,45.1,71.4,87.8,84.3,40.2,34.0,25.8,48.5,18.6,22.7,10.3,0.247,Cody Freeman
"Mitchell, Garrett",669003,2025,78,,,,3,,,0.206,0.286,0.294,0.58,0.088,0.229,0.341,0.288,0.306,0.261,90.4,10.8,28.9,6.7,42.2,65.8,23.8,30.9,44.9,82.4,81.0,36.1,33.3,33.3,33.3,48.9,20.0,24.4,6.7,0.318,Garrett Mitchell
"Johnson, Bryce",669369,2025,84,,,,8,,,0.342,0.383,0.434,0.817,0.092,0.298,0.406,0.328,0.342,0.359,88.4,9.0,45.0,5.0,33.3,67.6,28.8,25.7,48.8,82.6,86.0,45.0,40.0,40.0,20.0,51.7,13.3,33.3,1.7,0.446,Bryce Johnson
"Rojas, Johan",679032,2025,172,,,,18,,,0.224,0.28,0.289,0.569,0.065,0.227,0.298,0.265,0.288,0.254,87.9,7.4,27.7,3.4,35.3,67.1,38.1,24.7,52.5,80.0,81.7,64.2,24.4,46.2,29.4,55.5,18.5,20.2,5.9,0.289,Johan Rojas
"Clemens, Kody",665019,2025,386,,,,52,,,0.213,0.281,0.434,0.715,0.221,0.243,0.465,0.331,0.309,0.307,91.5,16.7,35.9,12.0,48.3,67.5,27.9,23.9,48.4,73.7,82.6,59.0,44.4,37.8,17.8,34.4,33.6,25.1,6.9,0.231,Kody Clemens
"Marte, Ketel",606466,2025,556,,,,72,,,0.283,0.376,0.517,0.893,0.234,0.285,0.534,0.39,0.379,0.381,90.8,14.8,33.0,13.5,47.0,67.3,24.7,22.5,45.3,80.9,84.2,60.2,47.3,34.0,18.8,40.8,28.2,21.8,9.3,0.29,Ketel Marte
"Walton, Donovan",622268,2025,9,,,,1,,,0.125,0.125,0.125,0.25,0.0,0.29,0.338,0.274,0.29,0.11,92.6,-4.0,12.5,0.0,37.5,76.5,20.0,6.7,55.6,100.0,92.3,100.0,12.5,75.0,12.5,75.0,12.5,12.5,0.0,0.143,Donovan Walton
"Swanson, Dansby",621020,2025,645,,,,77,,,0.244,0.3,0.417,0.717,0.173,0.267,0.477,0.345,0.323,0.31,90.5,13.3,36.9,11.7,47.8,73.7,25.2,30.5,50.3,82.2,77.5,44.3,42.3,40.0,17.8,42.3,27.3,24.5,5.8,0.298,Dansby Swanson
"Heineman, Tyler",623168,2025,174,,,,20,,,0.289,0.361,0.416,0.777,0.127,0.215,0.293,0.273,0.298,0.341,84.4,19.1,31.2,3.2,22.4,73.8,32.7,19.3,53.0,66.0,88.6,63.5,34.4,40.0,25.6,42.4,25.6,18.4,13.6,0.342,Tyler Heineman
"Rengifo, Luis",650859,2025,541,,,,43,,,0.238,0.287,0.335,0.622,0.097,0.26,0.375,0.302,0.309,0.275,87.1,6.7,34.7,5.0,32.7,71.5,30.5,21.9,51.6,76.0,85.5,59.6,32.7,40.9,26.4,50.6,18.5,25.2,5.7,0.281,Luis Rengifo
"Benintendi, Andrew",643217,2025,470,,,,63,,,0.24,0.307,0.431,0.738,0.191,0.234,0.43,0.32,0.305,0.317,88.0,20.1,35.8,11.0,36.9,72.5,29.1,24.5,50.3,82.5,80.2,64.5,45.9,31.1,23.0,33.1,34.3,21.8,10.8,0.25,Andrew Benintendi
"McCann, James",543510,2025,137,,,,17,,,0.26,0.324,0.431,0.755,0.171,0.239,0.408,0.313,0.306,0.328,92.3,8.3,30.4,7.6,52.2,67.6,32.7,30.2,49.7,76.6,79.6,50.6,32.6,40.2,27.2,48.9,26.1,21.7,3.3,0.314,James McCann
"Escarra, J.C.",641555,2025,98,,,,11,,,0.202,0.296,0.333,0.629,0.131,0.233,0.349,0.3,0.323,0.28,90.8,11.5,27.8,5.6,43.1,65.2,20.8,19.4,43.0,86.2,89.1,53.7,44.4,29.2,26.4,44.4,19.4,26.4,9.7,0.214,J.C. Escarra
"Thomas, Lane",657041,2025,142,,,,11,,,0.16,0.246,0.272,0.518,0.112,0.168,0.272,0.243,0.256,0.235,87.8,23.5,26.5,4.8,31.3,64.3,22.3,32.1,43.7,83.3,74.2,49.2,36.1,39.8,24.1,36.1,25.3,18.1,20.5,0.203,Lane Thomas
"Jackson, Alex",656577,2025,100,,,,8,,,0.22,0.29,0.473,0.763,0.253,0.178,0.362,0.27,0.252,0.327,88.3,14.3,40.7,14.8,40.7,71.4,29.0,38.9,50.9,81.1,70.1,37.5,44.4,38.9,16.7,37.0,31.5,22.2,9.3,0.306,Alex Jackson
"Jung, Jace",690291,2025,55,,,,3,,,0.106,0.236,0.106,0.342,0.0,0.162,0.217,0.241,0.284,0.181,88.3,13.3,29.0,3.2,38.7,66.1,26.9,23.6,47.7,65.0,80.8,64.3,32.3,48.4,19.4,48.4,12.9,22.6,16.1,0.161,Jace Jung
"McCoy, Mason",669200,2025,26,,,,1,,,0.136,0.269,0.182,0.451,0.046,0.162,0.347,0.287,0.291,0.224,82.9,11.1,46.7,13.3,26.7,58.7,27.5,34.1,42.3,100.0,77.8,42.9,53.3,26.7,20.0,53.3,33.3,6.7,6.7,0.2,Mason McCoy
"Westburg, Jordan",676059,2025,352,,,,41,,,0.265,0.313,0.457,0.77,0.192,0.253,0.46,0.327,0.301,0.332,90.2,14.1,30.1,11.2,43.4,72.7,26.5,29.4,50.2,80.3,77.9,49.4,35.3,40.6,24.1,43.4,30.5,18.5,7.6,0.302,Jordan Westburg
"Fairchild, Stuart",656413,2025,55,,,,2,,,0.216,0.273,0.333,0.606,0.117,0.194,0.354,0.264,0.252,0.266,88.1,24.4,22.2,13.9,36.1,76.6,19.0,30.7,51.8,94.4,72.9,50.0,41.7,27.8,30.6,38.9,33.3,11.1,16.7,0.306,Stuart Fairchild
"Porter, Logan",682515,2025,9,,,,1,,,0.143,0.333,0.143,0.476,0.0,0.056,0.069,0.198,0.266,0.255,89.4,15.3,0.0,0.0,0.0,60.0,21.1,23.1,38.2,,100.0,25.0,40.0,40.0,20.0,60.0,20.0,0.0,20.0,0.2,Logan Porter
"Herrera, Iván",671056,2025,452,,,,66,,,0.284,0.373,0.464,0.837,0.18,0.275,0.491,0.371,0.368,0.365,91.2,10.1,33.8,11.0,47.7,64.3,25.1,23.3,45.1,72.4,84.5,56.1,35.7,37.3,26.9,48.7,19.8,24.7,6.8,0.315,Iván Herrera
"Langeliers, Shea",669127,2025,523,,,,72,,,0.277,0.325,0.536,0.861,0.259,0.251,0.463,0.328,0.304,0.364,90.9,16.4,33.4,11.2,44.9,73.0,32.1,25.1,52.4,75.3,84.0,54.7,41.0,37.6,21.4,37.3,29.0,25.3,8.4,0.29,Shea Langeliers
"Olson, Matt",621566,2025,724,,,,95,,,0.272,0.366,0.484,0.85,0.212,0.249,0.492,0.36,0.347,0.366,93.3,14.8,37.1,14.3,53.3,66.5,24.9,26.2,45.3,75.3,78.2,62.6,36.6,34.9,28.5,39.7,28.3,24.7,7.3,0.333,Matt Olson
"Lowe, Nathaniel",663993,2025,609,,,,84,,,0.228,0.307,0.381,0.688,0.153,0.229,0.373,0.303,0.311,0.301,89.0,10.9,33.4,7.0,41.5,63.8,24.0,24.7,44.6,73.5,82.6,54.2,31.6,38.6,29.8,43.8,26.9,24.4,4.9,0.285,Nathaniel Lowe
"Harris, Brett",695391,2025,84,,,,5,,,0.274,0.349,0.342,0.691,0.068,0.235,0.306,0.288,0.321,0.311,83.3,9.5,27.8,3.7,27.8,64.7,22.7,24.8,44.3,85.0,82.1,54.1,55.6,22.2,22.2,51.9,27.8,16.7,3.7,0.377,Brett Harris
"Elko, Tim",671284,2025,72,,,,8,,,0.134,0.194,0.328,0.522,0.194,0.162,0.335,0.243,0.22,0.228,90.8,3.8,16.2,10.8,48.6,65.8,31.8,31.5,50.4,65.0,80.4,39.0,35.1,40.5,24.3,59.5,27.0,5.4,8.1,0.152,Tim Elko
"Young, Jacob",696285,2025,364,,,,31,,,0.231,0.296,0.287,0.583,0.056,0.262,0.336,0.297,0.324,0.264,87.6,3.8,27.9,1.9,34.2,60.1,23.9,17.4,43.7,71.5,89.1,62.8,29.4,41.6,29.0,56.5,14.9,24.2,4.5,0.283,Jacob Young
"Turner, Trea",607208,2025,639,,,,69,,,0.304,0.355,0.457,0.812,0.153,0.27,0.41,0.321,0.324,0.352,89.3,9.1,34.7,5.8,42.1,72.8,31.1,24.8,51.4,83.1,86.1,50.9,38.6,37.4,24.0,48.3,23.1,24.2,4.3,0.35,Trea Turner
"Hurtubise, Jacob",674441,2025,15,,,,0,,,0.083,0.267,0.083,0.35,0.0,0.158,0.181,0.262,0.326,0.201,89.3,5.0,16.7,0.0,16.7,63.6,20.7,25.9,43.5,66.7,85.7,33.3,66.7,16.7,16.7,66.7,16.7,16.7,0.0,0.167,Jacob Hurtubise
"Volpe, Anthony",683011,2025,596,,,,72,,,0.212,0.272,0.391,0.663,0.179,0.223,0.405,0.301,0.284,0.286,89.3,12.4,34.6,10.5,41.9,65.7,23.9,25.1,45.9,74.1,78.3,64.4,32.8,40.6,26.6,41.6,29.8,21.6,7.0,0.252,Anthony Volpe
"Hamilton, David",666152,2025,194,,,,19,,,0.198,0.257,0.333,0.59,0.135,0.209,0.319,0.26,0.267,0.26,86.6,14.3,27.8,6.0,27.8,61.0,26.0,22.7,44.5,65.2,85.4,56.0,39.8,34.6,25.6,44.4,26.3,21.8,7.5,0.234,David Hamilton
"Kurtz, Nick",701762,2025,489,,,,86,,,0.29,0.383,0.619,1.002,0.329,0.245,0.537,0.372,0.345,0.419,92.7,15.3,39.0,18.4,51.1,64.0,22.2,35.5,43.1,76.0,72.5,41.5,35.3,34.9,29.8,37.9,34.9,23.5,3.7,0.364,Nick Kurtz
"Refsnyder, Rob",608701,2025,209,,,,30,,,0.269,0.354,0.484,0.838,0.215,0.243,0.457,0.338,0.331,0.359,92.0,12.1,34.6,12.3,52.3,61.8,19.1,25.3,40.9,73.1,80.0,56.6,39.2,42.3,18.5,43.8,26.9,24.6,4.6,0.331,Rob Refsnyder
"Cruz, Oneil",665833,2025,544,,,,61,,,0.2,0.298,0.378,0.676,0.178,0.218,0.425,0.324,0.317,0.295,95.8,8.1,31.5,17.9,56.6,58.2,28.2,34.0,41.6,67.4,76.2,49.0,36.1,41.1,22.8,48.3,25.2,21.9,4.6,0.262,Oneil Cruz
"Hilliard, Sam",656541,2025,61,,,,3,,,0.196,0.328,0.412,0.74,0.216,0.166,0.372,0.301,0.303,0.326,93.5,15.6,21.4,17.9,57.1,66.2,23.3,39.2,43.5,70.0,62.8,55.9,32.1,42.9,25.0,50.0,28.6,10.7,10.7,0.308,Sam Hilliard
"Meidroth, Chase",805367,2025,505,,,,23,,,0.253,0.329,0.32,0.649,0.067,0.254,0.333,0.3,0.33,0.294,88.2,6.7,26.2,1.6,36.1,52.8,22.4,13.0,38.6,53.0,91.0,76.5,33.5,38.2,28.3,53.9,18.3,22.0,5.8,0.291,Chase Meidroth
"Nola, Austin",543592,2025,41,,,,1,,,0.184,0.225,0.211,0.436,0.027,0.26,0.32,0.275,0.297,0.198,87.5,11.0,35.3,0.0,44.1,68.6,22.6,16.4,49.3,90.0,84.7,78.6,32.4,38.2,29.4,41.2,14.7,38.2,5.9,0.212,Austin Nola
"Harper, Bryce",547180,2025,580,,,,75,,,0.261,0.357,0.487,0.844,0.226,0.268,0.492,0.368,0.364,0.361,91.3,11.6,37.6,12.3,47.5,78.9,35.6,30.7,54.2,86.0,80.9,49.9,36.3,37.1,26.6,43.6,28.5,25.6,2.3,0.292,Bryce Harper
"Noda, Ryan",676116,2025,59,,,,2,,,0.106,0.276,0.17,0.446,0.064,0.131,0.247,0.245,0.296,0.211,89.4,26.7,21.7,8.7,34.8,59.5,19.5,44.1,40.2,85.7,65.4,25.0,47.8,21.7,30.4,34.8,30.4,17.4,17.4,0.19,Ryan Noda
"Teodosio, Bryce",669326,2025,150,,,,7,,,0.203,0.248,0.304,0.552,0.101,0.185,0.259,0.222,0.233,0.243,84.3,12.9,23.4,4.3,26.6,82.4,38.4,37.3,62.8,88.0,71.4,39.3,35.1,31.9,33.0,46.8,22.3,22.3,8.5,0.293,Bryce Teodosio
"Keaschall, Luke",807712,2025,207,,,,28,,,0.302,0.382,0.445,0.827,0.143,0.263,0.378,0.324,0.347,0.363,86.2,10.5,38.3,5.2,31.2,63.2,20.0,18.5,42.0,72.3,86.7,64.5,37.0,39.6,23.4,46.1,22.7,26.0,5.2,0.34,Luke Keaschall
"Julien, Edouard",666397,2025,208,,,,12,,,0.22,0.309,0.324,0.633,0.104,0.242,0.424,0.329,0.329,0.286,89.2,6.1,39.0,12.2,42.3,61.0,19.8,26.1,40.3,78.7,82.3,48.3,32.5,39.0,28.5,50.4,17.9,31.7,0.0,0.311,Edouard Julien
